,artist_count,released_year,released_month,released_day,in_spotify_playlists,in_spotify_charts,streams,bpm,Major,danceability_%,valence_%,energy_%,acousticness_%,instrumentalness_%,liveness_%,speechiness_%,days_since_release,artist_dominance,months_since_release,streams_per_month
0,2,2023,7,14,553,147,141381703.0,125,1,80,89,83,31,0,8,4,0,1,1.0,141381703.0
1,1,2023,3,23,1474,48,133716286.0,92,1,71,61,74,7,0,10,4,113,1,3.712220762155059,36020564.12247788
2,1,2023,6,30,1397,113,140003974.0,138,1,51,32,53,17,0,31,6,14,7,1.0,140003974.0
3,1,2019,8,23,7858,100,800840817.0,170,1,55,58,72,11,0,11,15,1421,34,46.681997371879106,17155238.894778326
4,1,2023,5,18,3133,50,303236322.0,144,0,65,23,80,14,63,11,6,57,19,1.8725361366622864,161938835.81894737
5,2,2023,6,1,2186,91,183706234.0,141,1,92,66,58,19,0,8,24,43,1,1.4126149802890933,130046924.72
6,2,2023,3,16,3090,50,725980112.0,148,0,67,83,76,48,0,8,3,120,1,3.942181340341655,184156955.07733333
7,1,2023,7,7,714,43,58149378.0,100,1,67,26,71,37,0,11,4,7,4,1.0,58149378.0
8,1,2023,5,15,1096,83,95217315.0,130,0,85,22,62,12,0,28,9,60,1,1.9710906701708275,48306917.81
9,2,2023,3,17,2953,44,553634067.0,170,0,81,56,48,21,0,8,33,119,1,3.9093298291721417,141618663.8611765
10,2,2023,4,17,2876,40,505671438.0,83,0,57,56,72,23,0,27,5,88,1,2.890932982917214,174916347.41727272
11,1,2023,7,7,422,55,58255150.0,150,0,78,52,82,18,0,15,7,7,6,1.0,58255150.0
12,1,2023,1,12,12211,115,1316855716.0,118,1,71,65,68,6,0,3,7,183,2,6.011826544021025,219044196.69420767
13,1,2023,1,12,12211,115,1316855716.0,118,1,71,65,68,6,0,3,7,183,2,6.011826544021025,219044196.69420767
14,1,2023,4,14,3528,98,387570742.0,130,0,51,32,43,83,0,9,3,91,2,2.9894875164257555,129644542.70857143
15,1,2022,3,31,23575,130,2513188493.0,174,0,52,66,73,34,0,31,6,470,17,15.440210249671484,162769058.99344683
16,1,2022,12,8,8109,77,1163093654.0,89,1,64,43,73,5,17,16,4,218,19,7.1616294349540075,162406288.20073396
17,1,2023,2,24,2942,77,496795686.0,120,0,78,76,59,43,0,34,3,140,2,4.599211563731932,108017576.29885714
18,1,2023,2,24,2942,77,496795686.0,120,0,78,76,59,43,0,34,3,140,2,4.599211563731932,108017576.29885714
19,1,2023,2,24,2942,77,496795686.0,120,0,78,76,59,43,0,34,3,140,2,4.599211563731932,108017576.29885714
20,1,2023,2,24,2942,77,496795686.0,120,0,78,76,59,43,0,34,3,140,2,4.599211563731932,108017576.29885714
21,1,2023,7,13,873,104,30546883.0,78,1,44,14,9,96,0,10,3,1,5,1.0,30546883.0
22,2,2023,3,31,2610,40,335222234.0,100,1,86,67,66,14,0,12,16,105,1,3.4494086727989486,97182521.9329524
23,1,2023,3,24,596,68,363369738.0,120,1,63,36,73,0,0,36,4,112,3,3.679369250985545,98758703.79214288
24,3,2023,6,22,332,26,86444842.0,140,0,65,87,74,22,0,42,4,22,1,1.0,86444842.0
25,1,2023,7,7,516,38,52135248.0,123,1,69,82,76,6,0,6,3,7,34,1.0,52135248.0
26,1,2013,1,1,12859,110,1297026226.0,135,0,48,44,42,12,2,11,3,3846,4,126.34691195795006,10265594.986853875
27,2,2023,5,31,1313,40,200647221.0,133,0,85,81,67,26,0,12,5,44,1,1.445466491458607,138811395.6190909
28,3,2023,6,2,1945,87,115364561.0,99,1,85,83,68,7,0,36,20,42,1,1.3797634691195797,83611838.97238095
29,1,2023,6,22,250,26,78300654.0,130,0,79,96,86,9,0,9,9,22,2,1.0,78300654.0
30,2,2022,3,25,7112,77,899183384.0,107,1,80,82,80,43,0,14,4,476,1,15.637319316688568,57502399.59865546
31,2,2023,6,29,859,40,61245289.0,122,0,81,74,71,14,0,56,4,15,1,1.0,61245289.0
32,1,2023,1,31,2420,19,429829812.0,204,1,52,52,68,46,0,15,4,164,11,5.387647831800263,79780606.56878048
33,1,2023,5,25,2988,101,127408954.0,110,0,67,78,85,2,0,33,5,50,3,1.6425755584756898,77566571.1952
34,1,2023,7,13,864,78,22581161.0,126,0,74,35,84,0,0,11,6,1,2,1.0,22581161.0
35,2,2023,6,28,266,34,52294266.0,168,1,56,63,87,39,0,11,5,16,1,1.0,52294266.0
36,3,2022,12,2,6036,88,843957510.0,98,0,71,17,61,36,0,8,5,224,1,7.35873850197109,114687797.34107144
37,1,2022,10,21,9082,56,999748277.0,97,1,64,51,63,12,0,19,5,266,34,8.73850197109067,114407284.02962406
38,2,2023,2,23,4284,49,618990393.0,180,0,72,61,63,67,0,9,28,141,1,4.6320630749014455,133631684.84340423
39,8,2023,6,1,1150,31,123122413.0,120,1,81,63,68,11,0,11,4,43,1,1.4126149802890933,87159215.15627907
40,2,2023,4,7,672,34,188933502.0,150,1,61,39,73,37,0,11,3,98,1,3.219448094612352,58685059.19265306
41,1,2014,1,1,11434,53,1355959075.0,96,1,75,57,68,9,0,13,6,3481,34,114.35611038107751,11857338.19103706
42,1,2014,1,1,7830,42,786181836.0,95,1,60,48,79,0,0,12,4,3481,34,114.35611038107751,6874856.388348176
43,1,2023,5,19,584,28,176553476.0,125,0,79,96,85,27,0,11,6,56,2,1.8396846254927728,95969425.16857144
44,2,2023,2,10,692,25,354495408.0,144,0,56,84,65,23,0,10,6,154,2,5.059132720105125,70070391.03584416
45,2,2018,10,9,24094,78,2808096550.0,90,1,76,91,50,54,0,7,5,1739,1,57.12877792378449,49153800.44968373
46,2,2022,8,26,12482,80,1109433169.0,128,0,56,38,97,4,0,35,4,322,1,10.578186596583445,104879334.36136648
47,3,2017,7,21,13387,64,1047101291.0,79,1,56,58,56,37,0,11,10,2184,1,71.74770039421813,14594213.96430403
48,3,2023,6,23,1117,80,65156199.0,144,1,77,75,58,52,0,23,25,21,1,1.0,65156199.0
49,1,2020,11,27,3372,19,570515054.0,122,1,67,49,64,10,0,10,3,959,2,31.50459921156373,18108944.988279454
50,1,2020,11,27,3372,19,570515054.0,122,1,67,49,64,10,0,10,3,959,2,31.50459921156373,18108944.988279454
51,1,2022,5,13,8431,76,1085685420.0,140,1,71,82,81,11,0,6,5,427,2,14.027595269382392,77396403.24309133
52,1,2016,11,24,2483,59,1647990401.0,134,0,59,51,52,9,0,15,7,2423,22,79.59921156373193,20703602.066215437
53,2,2016,9,21,29536,79,2565529693.0,186,1,68,49,59,16,0,13,28,2487,1,81.70170827858081,31401175.655375957
54,2,2023,2,24,3408,47,518745108.0,67,0,53,50,53,23,0,44,7,140,2,4.599211563731932,112790007.768
55,3,2023,6,2,1298,38,107753850.0,106,0,72,17,64,7,0,10,5,42,1,1.3797634691195797,78095885.57142857
56,3,2023,4,6,4277,66,177740666.0,128,1,60,23,91,0,0,12,3,99,1,3.252299605781866,54650766.39434344
57,1,2023,2,24,1133,39,153372011.0,107,0,92,55,70,18,0,15,7,140,4,4.599211563731932,33347457.24885714
58,1,2023,2,24,1133,39,153372011.0,107,0,92,55,70,18,0,15,7,140,4,4.599211563731932,33347457.24885714
59,1,2023,6,15,2259,59,57876440.0,130,0,67,96,88,12,19,8,4,29,1,1.0,57876440.0
60,1,2012,10,15,18371,83,1813673666.0,123,0,45,13,54,70,0,9,4,3924,1,128.90932982917212,14069374.717900105
61,1,2019,11,29,43899,69,3703895074.0,171,1,50,38,80,0,0,9,7,1323,22,43.46254927726675,85220382.50382465
62,1,2023,2,24,2649,42,256483385.0,137,0,64,88,72,51,0,17,5,140,1,4.599211563731932,55766815.995714284
63,1,2022,5,26,6804,45,1214083358.0,125,0,84,85,68,58,0,22,4,414,1,13.600525624178712,89267385.06647344
64,1,2023,7,14,525,41,16011326.0,128,0,86,42,72,59,0,9,19,0,4,1.0,16011326.0
65,1,2023,7,14,525,41,16011326.0,128,0,86,42,72,59,0,9,19,0,4,1.0,16011326.0
66,1,2020,7,24,7923,29,812019557.0,130,0,61,53,58,55,0,27,4,1085,34,35.64388961892247,22781451.903299537
67,2,2023,5,4,731,15,111947664.0,130,1,86,59,96,50,1,9,5,71,1,2.3324572930354797,47995590.03042253
68,2,2023,2,3,5184,41,156338624.0,133,1,70,86,81,25,0,25,5,161,1,5.289093298291721,29558681.45689441
69,3,2022,6,24,3107,39,720434240.0,101,1,88,72,59,62,0,9,3,385,1,12.64783180026281,56961086.40415585
70,2,2023,3,24,4053,50,357925728.0,95,0,77,53,64,74,0,17,14,112,1,3.679369250985545,97279099.6457143
71,2,2022,10,6,4637,38,674072710.0,98,0,90,40,59,0,0,10,29,281,1,9.231274638633376,73020545.52455516
72,1,1999,1,1,31358,43,1755214421.0,173,1,43,28,66,0,0,23,3,8960,1,294.34954007884363,5963027.564200893
73,1,2022,10,21,3818,23,404562836.0,90,1,64,10,62,7,0,48,7,266,34,8.73850197109067,46296589.20240601
74,1,2022,12,2,3506,56,373199958.0,198,0,59,71,42,55,0,10,7,224,1,7.35873850197109,50715208.57821429
75,1,2023,7,14,410,36,14780425.0,140,1,56,48,73,0,0,35,4,0,3,1.0,14780425.0
76,1,2023,7,7,148,24,39578178.0,82,1,51,22,53,1,0,15,3,7,34,1.0,39578178.0
77,2,2023,6,23,1004,35,54266102.0,130,0,77,84,89,17,0,43,5,21,2,1.0,54266102.0
78,1,2020,6,28,22543,63,2557975762.0,81,1,76,53,53,44,0,9,9,1111,1,36.498028909329825,70085312.50700271
79,1,2022,7,15,4511,36,751134527.0,94,0,51,14,59,65,18,25,3,364,2,11.957950065703022,62814656.59857143
80,1,2012,5,14,16413,61,2282771485.0,124,1,61,41,81,5,2,10,3,4078,3,133.96846254927726,17039618.44124571
81,1,2012,5,14,16413,61,2282771485.0,124,1,61,41,81,5,2,10,3,4078,3,133.96846254927726,17039618.44124571
82,2,2022,7,6,8506,45,1356565093.0,128,1,62,55,78,1,3,23,4,373,1,12.253613666228643,110707349.68075068
83,1,2008,1,1,33898,62,1592909789.0,138,0,49,42,62,9,0,11,3,5673,3,186.36662286465176,8547183.849314297
84,1,2022,7,17,3246,23,635412045.0,132,1,58,27,48,50,0,12,3,362,2,11.892247043363994,53430780.80055249
85,2,2022,9,22,8576,42,1230675890.0,131,1,71,24,47,1,0,27,9,295,1,9.69119579500657,126989064.71728817
86,2,2022,12,20,3618,38,585695368.0,168,0,78,58,73,5,0,10,7,206,2,6.767411300919842,86546441.7568932
87,1,2023,6,22,370,20,43857627.0,98,1,68,40,79,33,0,30,6,22,1,1.0,43857627.0
88,1,1975,1,1,31123,55,2009094673.0,102,1,48,50,73,43,0,15,4,17726,1,582.3258869908016,3450120.83076385
89,2,2022,4,22,2790,30,600976848.0,101,1,34,32,57,78,0,20,3,448,1,14.71747700394218,40834230.47571429
90,2,2023,6,23,267,9,39709092.0,130,1,63,36,34,76,0,35,9,21,1,1.0,39709092.0
91,1,2023,7,7,139,17,39228929.0,142,1,50,20,64,1,0,12,3,7,34,1.0,39228929.0
92,2,2021,7,9,17050,36,2665343922.0,170,1,59,48,76,4,0,10,5,735,1,24.14586070959264,110385127.87167348
93,2,2023,3,3,2114,44,223633238.0,124,0,78,70,68,3,1,11,4,133,1,4.369250985545335,51183426.80240601
94,1,2018,11,8,17836,53,2887241814.0,110,1,50,45,41,75,0,11,3,1709,3,56.14323258869908,51426355.07206554
95,2,2022,5,6,8870,43,1440757818.0,92,0,91,43,71,9,0,9,8,434,1,14.257555847568987,101052230.36847928
96,1,2015,6,22,6060,53,165484133.0,116,1,82,40,66,39,51,25,7,2944,1,96.71484888304862,1711051.9730027174
97,2,2012,6,20,641,50,58054811.0,129,1,63,84,82,70,8,9,7,4041,1,132.75295663600525,437314.63668398914
98,1,2023,3,24,1446,12,157058870.0,98,1,71,67,60,19,0,12,3,112,1,3.679369250985545,42686357.16785715
99,1,2023,3,17,804,25,95131998.0,172,0,74,76,76,6,0,10,9,119,1,3.9093298291721417,24334605.20268908
100,2,2023,3,17,1962,38,250305248.0,150,1,68,14,76,4,0,10,4,119,1,3.9093298291721417,64027661.75731093
101,1,2017,11,8,4875,23,685032533.0,136,0,62,19,53,11,0,6,4,2074,34,68.13403416557162,10054190.11789778
102,1,2020,6,5,31,39,38411956.0,88,0,53,34,47,9,0,83,4,1134,2,37.253613666228645,1031093.4220811288
103,2,2023,5,12,2175,23,144565150.0,143,1,83,69,44,15,0,10,33,63,1,2.0696452036793693,69850208.98412699
104,1,2023,3,17,2000,46,127567540.0,100,0,49,17,35,71,9,11,3,119,3,3.9093298291721417,32631562.33277311
105,1,2022,12,9,2839,25,399686758.0,143,1,56,39,55,14,0,11,13,217,19,7.128777923784494,56066658.58764977
106,1,2011,1,1,20333,52,983637508.0,112,0,56,24,66,7,0,12,3,4577,3,150.36136662286464,6541823.409115141
107,1,2023,6,9,674,47,118482347.0,93,1,62,57,59,3,0,38,3,35,8,1.149802890932983,103045789.79085714
108,1,2012,1,1,8448,23,882831184.0,206,1,43,50,55,50,0,15,10,4212,34,138.37056504599212,6380194.976486229
109,3,2022,12,2,2110,58,286400165.0,88,0,68,17,71,15,0,11,5,224,1,7.35873850197109,38919736.708035715
110,1,2023,4,14,2528,39,172825906.0,170,1,50,37,90,0,0,12,5,91,3,2.9894875164257555,57811215.14989011
111,1,2004,1,1,12985,61,1241559043.0,84,0,62,24,67,21,0,13,28,7134,4,234.36268068331145,5297597.037975891
112,1,2023,7,7,77,35,29562220.0,134,0,81,53,72,51,0,12,5,7,6,1.0,29562220.0
113,1,2022,4,20,266,27,77309611.0,158,1,54,50,40,61,0,10,6,450,1,14.783180026281208,5229565.686311112
114,3,2017,11,10,21097,52,1605224506.0,116,1,80,92,80,4,0,10,3,2072,1,68.06833114323258,23582545.34876448
115,1,2017,4,28,3423,21,1116995633.0,117,1,61,45,69,2,0,9,3,2268,1,74.50722733245729,14991775.60340388
116,1,2021,3,11,4198,44,838079900.0,114,0,77,65,72,2,0,7,5,855,3,28.088042049934295,29837604.86081872
117,1,2011,1,1,14739,43,1163620694.0,108,0,61,47,68,0,0,13,3,4577,4,150.36136662286464,7738827.600034958
118,1,2011,1,1,14739,43,1163620694.0,108,0,61,47,68,0,0,13,3,4577,4,150.36136662286464,7738827.600034958
119,1,2011,1,1,14739,43,1163620694.0,108,0,61,47,68,0,0,13,3,4577,4,150.36136662286464,7738827.600034958
120,2,2012,1,1,26792,32,1093605526.0,144,0,74,37,53,7,0,21,10,4212,1,138.37056504599212,7903454.940987654
121,1,2022,12,2,213,6,179659294.0,130,1,51,18,44,76,0,11,3,224,1,7.35873850197109,24414414.77392857
122,2,2023,6,22,58,18,39058561.0,116,1,77,79,62,33,1,15,3,22,2,1.0,39058561.0
123,1,2023,7,7,99,15,36912123.0,121,1,65,49,78,0,0,17,4,7,34,1.0,36912123.0
124,1,1985,2,17,41751,25,1205951614.0,112,1,64,54,81,36,0,11,6,14026,1,460.7752956636005,2617222.8097932413
125,1,2014,12,9,21164,36,1791000570.0,100,0,70,47,52,30,0,6,33,3139,1,103.1208935611038,17367969.847339917
126,1,2023,2,25,2988,59,201660859.0,150,0,55,30,78,24,0,12,8,139,1,4.566360052562418,44162277.32345324
127,2,2023,2,8,893,38,248088961.0,120,0,84,96,71,18,0,34,17,156,1,5.124835742444152,48409153.67205128
128,3,2023,5,12,1094,34,90839753.0,127,0,82,89,85,4,0,23,6,63,1,2.0696452036793693,43891461.60825396
129,1,2020,7,24,7324,22,607123776.0,90,1,51,42,61,53,0,9,3,1085,34,35.64388961892247,17033039.393032257
130,2,2023,6,22,201,11,55842345.0,128,0,75,79,63,33,0,15,4,22,2,1.0,55842345.0
131,2,2023,3,10,5120,48,211050784.0,143,1,64,31,87,4,4,8,4,126,1,4.139290407358739,50987189.40444444
132,1,2022,7,15,2346,27,342897938.0,139,1,74,68,68,3,0,26,4,364,1,11.957950065703022,28675311.0789011
133,2,2022,12,9,763,26,2762.0,162,1,49,78,64,19,0,11,4,217,1,7.128777923784494,387.44368663594474
134,1,2021,6,11,457,24,330346424.0,92,1,81,39,60,31,0,7,3,763,2,25.065703022339022,13179220.375570118
135,1,2022,8,19,3430,38,601863821.0,95,1,87,57,55,10,0,29,7,329,8,10.808147174770038,55686123.74237083
136,3,2011,8,16,6074,52,1953533826.0,146,1,63,88,93,3,0,10,8,4350,1,142.904073587385,13670245.899641382
137,1,2019,11,17,21915,34,2322580122.0,95,1,55,56,82,12,0,34,5,1335,17,43.856767411300915,52958306.30238203
138,2,2017,8,11,15032,30,2355719893.0,115,0,35,12,30,93,0,10,3,2163,1,71.05781865965834,33152156.053129915
139,2,2023,6,21,871,32,66902503.0,128,1,78,59,65,10,0,26,5,23,2,1.0,66902503.0
140,1,2023,5,15,451,33,96273746.0,130,0,82,69,83,3,0,27,5,60,2,1.9710906701708275,48842880.47066667
141,1,2023,1,2,1783,27,430977451.0,127,0,80,74,77,36,0,11,4,193,6,6.340341655716163,67973852.89347151
142,1,2011,1,1,9389,46,284819874.0,150,1,42,20,86,21,0,9,9,4577,3,150.36136662286464,1894235.736194014
143,2,2023,1,11,5724,44,721975598.0,122,0,78,50,63,27,0,9,5,184,1,6.044678055190539,119439876.10391304
144,1,2007,4,20,13985,25,1217120710.0,140,1,52,20,85,0,0,7,5,5929,4,194.7766097240473,6248803.240411537
145,4,2023,6,2,1051,16,109276132.0,140,1,63,22,54,46,0,12,8,42,1,1.3797634691195797,79199177.57333334
146,3,2022,12,2,1682,46,276259178.0,119,0,75,48,53,18,0,18,34,224,1,7.35873850197109,37541649.01035714
147,5,2023,5,22,182,8,54225632.0,110,0,76,96,72,32,0,9,4,53,1,1.7411300919842312,31143929.02037736
148,1,2017,1,1,16596,13,2559529074.0,95,1,60,17,45,16,0,11,2,2385,9,78.3508541392904,32667532.500025157
149,1,2017,1,1,16596,13,2559529074.0,95,1,60,17,45,16,0,11,2,2385,9,78.3508541392904,32667532.500025157
150,1,2022,7,20,2335,23,681583126.0,132,1,56,20,55,45,1,32,3,359,2,11.793692509855452,57792173.69203343
151,1,2017,1,31,18986,23,2594040133.0,125,0,77,74,78,4,0,23,11,2355,3,77.36530880420499,33529758.661791936
152,4,2023,5,19,283,7,81102253.0,124,0,84,65,50,67,0,13,6,56,1,1.8396846254927728,44084867.52357143
153,2,2023,6,1,293,8,11956641.0,133,0,93,68,65,42,0,12,25,43,1,1.4126149802890933,8464189.582325581
154,1,2002,1,1,21081,43,1687664027.0,112,1,92,67,66,0,0,36,9,7864,4,258.3442838370565,6532616.096373348
155,3,2023,7,13,437,31,11599388.0,97,1,79,92,89,5,0,6,5,1,1,1.0,11599388.0
156,2,2016,11,24,1275,32,611700552.0,90,0,59,52,48,38,5,10,11,2423,1,79.59921156373193,7684756.418852663
157,2,2022,5,6,6135,38,1133865788.0,80,0,65,27,69,8,0,53,4,434,1,14.257555847568987,79527360.79889402
158,1,2004,1,1,20015,16,1089402494.0,172,1,45,33,59,6,0,8,3,7134,1,234.36268068331145,4648361.636860107
159,1,2019,5,10,1507,14,411747614.0,120,1,60,24,35,73,0,31,3,1526,1,50.13140604467805,8213366.559737877
160,1,2023,1,27,539,21,255932395.0,140,0,74,96,80,18,0,5,5,168,1,5.519053876478318,46372512.522619046
161,1,2023,6,30,86,8,31873544.0,128,0,81,90,77,1,0,9,5,14,1,1.0,31873544.0
162,1,2023,5,26,324,14,95053634.0,122,1,78,70,81,57,0,10,5,49,2,1.609724047306176,59049645.28489796
163,2,2010,1,1,17138,37,1279434863.0,130,1,47,86,92,8,0,5,24,4942,1,162.35216819973718,7880614.575014165
164,2,2023,2,2,894,9,233801632.0,160,1,69,61,71,33,0,31,20,162,1,5.321944809461235,43931615.29679012
165,1,2012,12,5,1622,9,1481349984.0,144,1,73,87,70,6,0,28,5,3873,4,127.23390275952691,11642730.057567775
166,3,2023,4,4,561,14,142095275.0,192,1,50,85,52,11,0,28,6,101,1,3.3180026281208934,42825546.24752475
167,2,2022,6,17,5871,27,618885532.0,163,1,54,40,67,0,0,9,17,392,8,12.877792378449408,48058356.10734694
168,1,2013,1,1,29215,43,2011464183.0,122,0,66,48,71,6,0,12,4,3846,2,126.34691195795006,15920168.936692668
169,1,2021,3,19,5866,24,1167330737.0,154,1,61,41,74,21,0,40,6,847,3,27.825229960578184,41952240.41827627
170,1,2019,10,4,3859,26,929964809.0,117,0,73,31,69,6,0,11,4,1379,1,45.302233902759525,20528012.172559828
171,1,2019,10,4,3859,26,929964809.0,117,0,73,31,69,6,0,11,4,1379,1,45.302233902759525,20528012.172559828
172,1,2019,10,4,3859,26,929964809.0,117,0,73,31,69,6,0,11,4,1379,1,45.302233902759525,20528012.172559828
173,1,2019,10,4,3859,26,929964809.0,117,0,73,31,69,6,0,11,4,1379,1,45.302233902759525,20528012.172559828
174,1,2019,10,4,3859,26,929964809.0,117,0,73,31,69,6,0,11,4,1379,1,45.302233902759525,20528012.172559828
175,1,2019,10,4,3859,26,929964809.0,117,0,73,31,69,6,0,11,4,1379,1,45.302233902759525,20528012.172559828
176,1,2019,10,4,3859,26,929964809.0,117,0,73,31,69,6,0,11,4,1379,1,45.302233902759525,20528012.172559828
177,1,2019,10,4,3859,26,929964809.0,117,0,73,31,69,6,0,11,4,1379,1,45.302233902759525,20528012.172559828
178,1,2019,10,4,3859,26,929964809.0,117,0,73,31,69,6,0,11,4,1379,1,45.302233902759525,20528012.172559828
179,1,2019,10,4,3859,26,929964809.0,117,0,73,31,69,6,0,11,4,1379,1,45.302233902759525,20528012.172559828
180,1,2019,10,4,3859,26,929964809.0,117,0,73,31,69,6,0,11,4,1379,1,45.302233902759525,20528012.172559828
181,1,2019,10,4,3859,26,929964809.0,117,0,73,31,69,6,0,11,4,1379,1,45.302233902759525,20528012.172559828
182,1,2019,10,4,3859,26,929964809.0,117,0,73,31,69,6,0,11,4,1379,1,45.302233902759525,20528012.172559828
183,1,2019,10,4,3859,26,929964809.0,117,0,73,31,69,6,0,11,4,1379,1,45.302233902759525,20528012.172559828
184,1,2019,10,4,3859,26,929964809.0,117,0,73,31,69,6,0,11,4,1379,1,45.302233902759525,20528012.172559828
185,1,2019,10,4,3859,26,929964809.0,117,0,73,31,69,6,0,11,4,1379,1,45.302233902759525,20528012.172559828
186,1,2019,10,4,3859,26,929964809.0,117,0,73,31,69,6,0,11,4,1379,1,45.302233902759525,20528012.172559828
187,1,2019,10,4,3859,26,929964809.0,117,0,73,31,69,6,0,11,4,1379,1,45.302233902759525,20528012.172559828
188,1,2019,10,4,3859,26,929964809.0,117,0,73,31,69,6,0,11,4,1379,1,45.302233902759525,20528012.172559828
189,1,2019,10,4,3859,26,929964809.0,117,0,73,31,69,6,0,11,4,1379,1,45.302233902759525,20528012.172559828
190,2,2023,1,23,961,26,436027885.0,138,0,78,89,83,10,0,12,5,172,1,5.650459921156373,77166795.46162792
191,1,2004,7,13,6457,18,657723613.0,96,1,86,74,80,33,0,8,6,6940,2,227.98948751642575,2884885.703129683
192,3,2016,4,4,43257,24,2713922350.0,104,1,77,36,63,1,0,36,5,2657,1,87.28646517739816,31092132.60594656
193,1,2010,1,1,4564,16,621660989.0,164,1,45,24,62,8,0,16,3,4942,34,162.35216819973718,3829089.5396924326
194,1,2020,3,20,12688,13,1591223784.0,118,1,68,61,82,2,0,50,3,1211,22,39.78318002628121,39997400.48303881
195,1,2010,5,25,13801,19,950906471.0,81,0,68,51,60,3,0,19,10,4798,1,157.6215505913272,6032845.555906627
196,1,2010,5,25,13801,19,950906471.0,81,0,68,51,60,3,0,19,10,4798,1,157.6215505913272,6032845.555906627
197,1,2010,5,25,13801,19,950906471.0,81,0,68,51,60,3,0,19,10,4798,1,157.6215505913272,6032845.555906627
198,1,2010,5,25,13801,19,950906471.0,81,0,68,51,60,3,0,19,10,4798,1,157.6215505913272,6032845.555906627
199,1,2010,5,25,13801,19,950906471.0,81,0,68,51,60,3,0,19,10,4798,1,157.6215505913272,6032845.555906627
200,1,2010,5,25,13801,19,950906471.0,81,0,68,51,60,3,0,19,10,4798,1,157.6215505913272,6032845.555906627
201,1,2010,5,25,13801,19,950906471.0,81,0,68,51,60,3,0,19,10,4798,1,157.6215505913272,6032845.555906627
202,1,2010,5,25,13801,19,950906471.0,81,0,68,51,60,3,0,19,10,4798,1,157.6215505913272,6032845.555906627
203,1,2010,5,25,13801,19,950906471.0,81,0,68,51,60,3,0,19,10,4798,1,157.6215505913272,6032845.555906627
204,1,1983,1,6,22439,19,1593270737.0,117,1,82,73,45,54,0,7,3,14799,1,486.1695137976347,3277191.785544969
205,1,2015,2,2,18515,35,1410088830.0,174,1,45,10,37,97,25,64,4,3084,1,101.31406044678054,13917997.401167316
206,2,2011,1,1,36843,21,1235005533.0,128,1,73,60,77,3,0,11,4,4577,1,150.36136662286464,8213582.788839852
207,1,2012,12,5,2420,11,1661187319.0,145,1,60,43,27,94,0,14,4,3873,4,127.23390275952691,13056168.858858766
208,1,2018,5,25,5897,19,1374581173.0,150,0,65,51,55,73,0,14,3,1876,1,61.62943495400789,22303971.698358208
209,3,2023,6,2,727,16,94186466.0,90,0,60,13,53,4,0,21,4,42,1,1.3797634691195797,68262762.50095238
210,1,2013,1,1,33783,26,1788326445.0,85,1,55,42,53,17,0,22,3,3846,4,126.34691195795006,14154096.98018721
211,1,2012,1,1,26694,13,1840364617.0,180,1,33,38,71,20,0,28,5,4212,3,138.37056504599212,13300260.90728395
212,1,2023,4,12,356,16,143573775.0,166,1,57,84,94,11,0,37,9,93,1,3.055190538764783,46993394.74193549
213,1,2016,11,25,6518,17,684675814.0,160,1,71,40,50,16,0,16,22,2422,22,79.56636005256242,8605091.568191577
214,1,2014,1,1,21335,13,1113838873.0,160,1,65,95,80,5,0,41,16,3481,34,114.35611038107751,9740090.575731112
215,1,2013,1,1,23389,29,1267333350.0,92,1,70,81,63,4,0,8,4,3846,4,126.34691195795006,10030584.288611546
216,1,2022,3,19,3202,18,726307468.0,170,1,56,53,64,11,0,45,6,482,2,15.83442838370565,45868878.26954357
217,1,2017,1,6,32181,10,3562543890.0,96,0,83,93,65,58,0,9,8,2380,9,78.18659658344284,45564636.979663864
218,1,2017,1,6,32181,10,3562543890.0,96,0,83,93,65,58,0,9,8,2380,9,78.18659658344284,45564636.979663864
219,1,2014,11,17,7124,18,1131090940.0,120,1,67,40,52,86,0,12,4,3161,1,103.84362680683311,10892251.88661816
220,2,2023,1,13,592,14,307370144.0,98,1,70,37,54,6,0,9,8,182,1,5.978975032851511,51408501.00747253
221,1,1992,9,21,36724,7,1271293243.0,92,1,53,12,34,1,0,12,4,11253,1,369.6780551905388,3438919.960625611
222,1,2019,10,18,794,10,265882712.0,150,1,34,24,56,4,0,11,3,1365,2,44.842312746386334,5929281.870534798
223,1,2019,10,18,794,10,265882712.0,150,1,34,24,56,4,0,11,3,1365,2,44.842312746386334,5929281.870534798
224,1,2017,3,21,13091,17,841749534.0,94,1,37,17,47,2,46,11,3,2306,1,75.75558475689881,11111385.8694536
225,1,2023,5,19,67,8,47956378.0,90,0,74,36,63,26,0,27,5,56,1,1.8396846254927728,26067716.89857143
226,1,2016,8,20,21574,30,806397070.0,160,1,54,54,55,67,0,42,11,2519,2,82.75295663600525,9744631.524732037
227,1,2019,8,30,19664,16,2132335812.0,120,1,70,59,75,24,0,9,4,1414,3,46.45203679369251,45904032.61476662
228,1,2010,1,1,21106,13,1641426668.0,109,1,63,46,85,1,0,9,5,4942,4,162.35216819973718,10110284.85915014
229,1,2013,9,13,23804,31,2135158446.0,129,0,57,41,66,63,0,12,5,3591,1,117.96977660972404,18099198.857209697
230,2,2022,12,16,849,22,367316268.0,157,1,54,75,60,30,0,7,5,210,1,6.898817345597897,53243367.60914286
231,1,2021,4,9,2619,12,350381515.0,130,1,63,49,73,5,0,9,3,826,34,27.135348226018397,12912364.79007264
232,1,2022,5,6,9037,42,1264310836.0,107,0,65,19,72,10,0,13,25,434,19,14.257555847568987,88676548.0364977
233,1,2023,7,7,86,11,30343206.0,146,0,50,67,89,0,0,19,8,7,34,1.0,30343206.0
234,1,2020,2,10,1788,14,405136812.0,139,0,48,37,41,32,0,10,10,1250,2,41.06438896189225,9865891.645824
235,1,1968,7,1,15890,14,1145727611.0,116,1,74,76,70,7,0,13,3,20101,1,660.3482260183969,1735035.4946937962
236,1,2010,7,20,492,36,540654286.0,95,0,84,52,77,12,0,7,4,4742,1,155.7818659658344,3470585.5052382965
237,1,2010,7,20,492,36,540654286.0,95,0,84,52,77,12,0,7,4,4742,1,155.7818659658344,3470585.5052382965
238,1,2010,7,20,492,36,540654286.0,95,0,84,52,77,12,0,7,4,4742,1,155.7818659658344,3470585.5052382965
239,1,2010,7,20,492,36,540654286.0,95,0,84,52,77,12,0,7,4,4742,1,155.7818659658344,3470585.5052382965
240,1,2010,7,20,492,36,540654286.0,95,0,84,52,77,12,0,7,4,4742,1,155.7818659658344,3470585.5052382965
241,1,2010,7,20,492,36,540654286.0,95,0,84,52,77,12,0,7,4,4742,1,155.7818659658344,3470585.5052382965
242,1,2010,7,20,492,36,540654286.0,95,0,84,52,77,12,0,7,4,4742,1,155.7818659658344,3470585.5052382965
243,1,2010,7,20,492,36,540654286.0,95,0,84,52,77,12,0,7,4,4742,1,155.7818659658344,3470585.5052382965
244,1,2010,7,20,492,36,540654286.0,95,0,84,52,77,12,0,7,4,4742,1,155.7818659658344,3470585.5052382965
245,1,2010,7,20,492,36,540654286.0,95,0,84,52,77,12,0,7,4,4742,1,155.7818659658344,3470585.5052382965
246,1,2010,7,20,492,36,540654286.0,95,0,84,52,77,12,0,7,4,4742,1,155.7818659658344,3470585.5052382965
247,1,2010,7,20,492,36,540654286.0,95,0,84,52,77,12,0,7,4,4742,1,155.7818659658344,3470585.5052382965
248,1,2010,7,20,492,36,540654286.0,95,0,84,52,77,12,0,7,4,4742,1,155.7818659658344,3470585.5052382965
249,1,2010,7,20,492,36,540654286.0,95,0,84,52,77,12,0,7,4,4742,1,155.7818659658344,3470585.5052382965
250,1,2010,7,20,492,36,540654286.0,95,0,84,52,77,12,0,7,4,4742,1,155.7818659658344,3470585.5052382965
251,1,2010,7,20,492,36,540654286.0,95,0,84,52,77,12,0,7,4,4742,1,155.7818659658344,3470585.5052382965
252,1,2010,7,20,492,36,540654286.0,95,0,84,52,77,12,0,7,4,4742,1,155.7818659658344,3470585.5052382965
253,4,2023,6,8,773,33,57312735.0,170,0,62,55,80,15,0,37,7,36,1,1.1826544021024967,48461101.483333334
254,1,2022,12,19,1154,22,397582059.0,134,0,81,18,64,3,0,10,11,207,6,6.800262812089356,58465690.222028986
255,1,1984,10,19,44927,17,1479115056.0,84,0,57,86,90,2,0,9,5,14147,1,464.7503285151117,3182601.4211239135
256,4,2023,6,2,551,4,86773632.0,146,0,61,20,48,21,0,12,6,42,1,1.3797634691195797,62890222.81142857
257,5,2023,5,1,577,14,133753727.0,74,0,53,24,67,11,0,10,28,74,1,2.431011826544021,55019776.34972973
258,1,2023,5,11,955,29,123124076.0,144,1,75,35,48,84,0,10,12,64,1,2.102496714848883,58560888.6475
259,1,2023,5,11,955,29,123124076.0,144,1,75,35,48,84,0,10,12,64,1,2.102496714848883,58560888.6475
260,3,2022,11,24,995,19,463564958.0,136,0,77,79,73,15,0,27,10,232,1,7.621550591327201,60822919.48931035
261,3,2023,5,15,178,6,64533040.0,100,1,56,53,55,53,0,12,4,60,1,1.9710906701708275,32739762.293333337
262,1,2023,6,2,290,19,65496046.0,105,0,89,67,78,9,0,7,33,42,2,1.3797634691195797,47469039.053333335
263,1,2023,5,26,547,0,68616963.0,106,1,67,24,78,15,0,30,4,49,34,1.609724047306176,42626537.83102041
264,2,2023,3,30,681,10,161460990.0,132,1,85,53,68,40,0,9,4,106,1,3.4822601839684624,46366722.033962265
265,2,2023,6,2,332,5,70106975.0,120,1,78,5,30,21,0,13,5,42,1,1.3797634691195797,50810864.73809524
266,2,2023,3,17,1197,13,113509496.0,155,1,82,51,39,2,0,9,49,119,1,3.9093298291721417,29035538.304537818
267,2,2023,5,13,262,5,89933133.0,129,1,70,42,43,78,0,11,3,62,1,2.0367936925098555,44154267.23419355
268,2,2022,9,29,161,6,71007139.0,135,0,80,85,74,62,0,8,9,288,1,9.461235216819974,7505060.108194444
269,2,2023,6,2,185,3,43522589.0,98,0,73,45,62,28,0,13,13,42,1,1.3797634691195797,31543514.503809523
270,1,2023,3,31,839,18,232896922.0,124,0,84,64,39,3,0,11,4,105,1,3.4494086727989486,67517926.72076191
271,3,2023,6,2,259,0,37126685.0,135,0,77,28,55,18,0,22,15,42,1,1.3797634691195797,26908006.93809524
272,1,2023,3,23,2915,30,195576623.0,107,1,78,39,53,30,0,11,6,113,9,3.712220762155059,52684534.54973452
273,1,2023,3,23,2915,30,195576623.0,107,1,78,39,53,30,0,11,6,113,9,3.712220762155059,52684534.54973452
274,2,2022,10,12,5129,25,532336353.0,96,1,54,25,74,14,0,9,11,275,2,9.034165571616294,58924794.8557091
275,2,2022,11,30,3794,34,538115192.0,123,1,71,58,70,30,0,32,19,226,1,7.424441524310118,72478878.07292035
276,2,2023,5,26,588,0,46142772.0,90,1,62,7,62,6,0,58,6,49,1,1.609724047306176,28665019.993469387
277,3,2022,12,2,2959,16,401036314.0,117,0,72,45,59,14,0,20,21,224,1,7.35873850197109,54497970.5275
278,2,2023,4,4,291,8,127026613.0,133,0,78,90,84,31,0,7,4,101,1,3.3180026281208934,38284060.393267326
279,1,2022,12,2,2321,36,345031710.0,96,0,74,61,83,11,0,35,6,224,8,7.35873850197109,46887344.87678572
280,2,2022,12,1,536,10,288101651.0,149,1,66,85,60,40,0,14,13,225,1,7.391590013140604,38976952.25084445
281,2,2023,5,26,359,2,60350538.0,110,0,66,32,40,81,0,11,3,49,1,1.609724047306176,37491232.17795919
282,1,2022,11,30,4096,6,335074782.0,105,1,95,62,52,3,0,5,16,226,1,7.424441524310118,45131311.34548673
283,1,2023,5,22,349,69,76767396.0,105,1,80,69,78,28,0,11,14,53,3,1.7411300919842312,44090557.24981132
284,2,2023,5,26,381,5,46065667.0,134,1,76,61,58,6,0,16,3,49,1,1.609724047306176,28617120.479183674
285,1,2022,7,8,2461,36,459276435.0,170,0,71,59,56,4,0,27,12,371,8,12.187910643889618,37682950.62371968
286,2,2023,6,2,277,1,39666245.0,81,1,59,26,60,46,1,25,13,42,1,1.3797634691195797,28748583.280952383
287,2,2023,3,1,967,5,138517666.0,154,1,63,75,92,31,0,91,5,135,1,4.434954007884363,31233168.54103704
288,1,2022,6,29,8186,12,822633917.0,169,1,69,69,51,63,0,38,4,380,3,12.483574244415244,65897306.40389474
289,1,2022,6,29,8186,12,822633917.0,169,1,69,69,51,63,0,38,4,380,3,12.483574244415244,65897306.40389474
290,1,2022,7,29,7842,10,595900742.0,115,1,78,64,69,4,0,7,14,350,3,11.498028909329827,51826338.81851429
291,2,2023,6,5,215,6,51985779.0,84,0,43,14,74,1,0,19,8,39,1,1.281208935611038,40575566.99384616
292,2,2023,5,18,1134,22,57945987.0,93,1,79,58,62,11,0,11,23,57,1,1.8725361366622864,30945190.250526316
293,2,2023,4,21,1305,34,115010040.0,91,1,82,47,62,10,0,10,15,84,1,2.759526938239159,41677447.82857143
294,1,2023,4,7,2066,6,175097833.0,142,0,82,54,44,6,0,33,7,98,4,3.219448094612352,54387530.98489796
295,1,2023,4,7,2066,6,175097833.0,142,0,82,54,44,6,0,33,7,98,4,3.219448094612352,54387530.98489796
296,1,2023,4,7,2066,6,175097833.0,142,0,82,54,44,6,0,33,7,98,4,3.219448094612352,54387530.98489796
297,1,2023,4,7,2066,6,175097833.0,142,0,82,54,44,6,0,33,7,98,4,3.219448094612352,54387530.98489796
298,2,2023,5,19,896,0,57089066.0,126,1,78,20,70,1,0,16,4,56,1,1.8396846254927728,31031985.161428574
299,1,2022,10,21,3763,8,488386797.0,97,1,73,10,44,26,0,16,8,266,34,8.73850197109067,55889075.56646617
300,5,2023,6,2,197,0,32761689.0,101,1,92,59,51,41,51,26,8,42,1,1.3797634691195797,23744424.122857142
301,1,2022,5,6,4004,33,1047480053.0,98,0,80,23,48,14,0,6,5,434,19,14.257555847568987,73468416.620553
302,1,2023,1,27,984,5,153454328.0,154,1,59,63,89,18,0,80,9,168,1,5.519053876478318,27804462.763809524
303,1,2023,2,14,1240,24,217672943.0,120,1,91,63,58,52,0,31,22,150,1,4.92772667542707,44173095.89946666
304,1,2023,2,14,1240,24,217672943.0,120,1,91,63,58,52,0,31,22,150,1,4.92772667542707,44173095.89946666
305,1,2022,10,17,3995,13,457184829.0,150,1,49,4,55,7,0,6,3,270,1,8.869908015768726,51543356.276888885
306,1,2016,1,21,7681,13,939844851.0,174,1,47,27,78,11,0,10,8,2731,2,89.71747700394218,10475605.00345661
307,1,2021,9,1,4427,4,726434358.0,202,1,34,25,51,69,0,18,4,681,1,22.371879106438897,32470869.10061674
308,2,2022,11,4,4657,18,573633020.0,153,0,56,42,52,5,0,36,24,252,8,8.278580814717477,69291226.7015873
309,1,2021,10,14,10195,20,1406111294.0,142,1,60,13,37,58,0,13,3,638,4,20.9592641261498,67087817.85166145
310,1,2021,10,14,10195,20,1406111294.0,142,1,60,13,37,58,0,13,3,638,4,20.9592641261498,67087817.85166145
311,1,2021,10,14,10195,20,1406111294.0,142,1,60,13,37,58,0,13,3,638,4,20.9592641261498,67087817.85166145
312,2,2023,5,11,269,4,71573339.0,108,0,84,55,47,26,0,20,64,64,1,2.102496714848883,34042069.361875
313,2,2023,6,2,214,0,24975653.0,143,1,83,25,69,4,0,23,12,42,1,1.3797634691195797,18101401.84095238
314,1,2023,2,14,845,2,145458418.0,108,1,67,55,67,60,0,80,5,150,1,4.92772667542707,29518361.626133338
315,1,2000,1,1,20763,27,1424589568.0,104,0,95,78,66,3,0,4,6,8595,4,282.35873850197106,5045317.7952204775
316,3,2022,12,16,1267,20,231332117.0,93,0,84,96,79,43,0,18,11,210,1,6.898817345597897,33532141.149904765
317,1,2021,12,10,2585,32,415932686.0,105,0,65,46,53,16,0,9,5,581,1,19.08672798948751,21791722.82588641
318,1,2022,6,10,6330,6,988515741.0,170,1,44,27,32,89,0,14,5,399,3,13.107752956636006,75414584.35097744
319,1,2022,6,10,6330,6,988515741.0,170,1,44,27,32,89,0,14,5,399,3,13.107752956636006,75414584.35097744
320,3,2023,5,4,675,1,50847624.0,178,0,62,56,66,18,0,12,5,71,2,2.3324572930354797,21800023.58535211
321,1,2023,5,5,715,0,39893489.0,176,0,50,44,76,10,0,32,5,70,9,2.299605781865966,17347968.645142857
322,1,2023,5,5,715,0,39893489.0,176,0,50,44,76,10,0,32,5,70,9,2.299605781865966,17347968.645142857
323,2,2023,5,1,327,13,92035115.0,104,0,80,38,88,11,0,11,5,74,1,2.431011826544021,37858768.927027024
324,1,2023,4,21,244,12,118810253.0,85,1,70,83,84,31,0,47,30,84,1,2.759526938239159,43054572.63476191
325,2,2023,4,30,385,4,77233241.0,117,0,77,69,58,39,0,26,5,75,1,2.463863337713535,31346398.080533333
326,1,2023,2,24,1020,35,206399629.0,80,1,52,57,48,86,0,15,39,140,4,4.599211563731932,44877176.47685714
327,1,2023,2,24,1020,35,206399629.0,80,1,52,57,48,86,0,15,39,140,4,4.599211563731932,44877176.47685714
328,1,2023,4,7,1730,3,117747907.0,98,1,44,36,41,50,0,38,5,98,7,3.219448094612352,36573941.72530612
329,2,2023,2,2,2127,33,266624541.0,178,0,79,58,78,34,0,11,25,162,1,5.321944809461235,50099080.42
330,1,2022,4,8,3242,9,293186992.0,148,1,51,27,33,48,0,22,3,462,1,15.177398160315374,19317342.07030303
331,1,2023,2,24,526,10,139681964.0,120,1,77,94,66,65,0,38,3,140,2,4.599211563731932,30370849.88685714
332,1,2023,2,24,526,10,139681964.0,120,1,77,94,66,65,0,38,3,140,2,4.599211563731932,30370849.88685714
333,1,2023,2,24,526,10,139681964.0,120,1,77,94,66,65,0,38,3,140,2,4.599211563731932,30370849.88685714
334,1,2023,2,24,526,10,139681964.0,120,1,77,94,66,65,0,38,3,140,2,4.599211563731932,30370849.88685714
335,1,2023,4,10,366,15,123132751.0,122,0,68,38,88,1,0,8,5,95,4,3.1208935611038107,39454325.68884211
336,1,1997,1,1,472,2,103762518.0,144,1,74,75,73,42,0,9,4,9690,1,318.33114323258866,325957.79648297216
337,2,2023,3,4,432,12,162887075.0,96,1,93,47,47,33,0,10,36,132,1,4.336399474375821,37562746.68939394
338,1,2023,4,24,271,12,91221625.0,137,1,77,35,88,16,0,17,9,81,1,2.6609724047306176,34281311.913580246
339,1,2022,4,22,816,4,190490915.0,121,0,94,71,61,12,0,53,42,448,1,14.71747700394218,12943177.349553572
340,2,2023,4,21,1169,0,96180277.0,119,0,60,10,57,1,0,50,3,84,1,2.759526938239159,34853900.37952381
341,1,2019,8,23,1282,6,185240616.0,96,1,72,40,47,71,0,13,4,1421,34,46.681997371879106,3968138.1780717806
342,1,2022,4,21,6587,34,885093467.0,111,1,87,53,52,66,1,11,5,449,4,14.750328515111695,60005000.3017372
343,1,2022,4,21,6587,34,885093467.0,111,1,87,53,52,66,1,11,5,449,4,14.750328515111695,60005000.3017372
344,2,2023,4,14,1444,4,104992946.0,148,1,90,74,68,14,0,10,19,91,1,2.9894875164257555,35120717.321318686
345,2,2023,2,3,356,10,147290338.0,182,1,57,80,59,8,0,6,5,161,1,5.289093298291721,27847937.197018635
346,1,2021,9,9,10147,30,1302184087.0,141,1,79,82,86,28,0,4,9,673,9,22.109067017082783,58898192.58288261
347,1,2021,9,9,10147,30,1302184087.0,141,1,79,82,86,28,0,4,9,673,9,22.109067017082783,58898192.58288261
348,2,2022,12,30,265,6,158950978.0,145,0,76,80,81,19,0,6,9,196,1,6.438896189224704,24686060.052653063
349,2,2023,4,25,351,9,76910644.0,110,0,76,26,70,1,0,41,6,80,1,2.628120893561104,29264500.042
350,1,2022,8,16,158,4,137123880.0,134,1,70,35,41,41,0,10,3,332,1,10.90670170827858,12572442.491566263
351,1,2022,7,28,7613,33,782369383.0,130,1,92,78,62,18,0,6,10,351,2,11.530880420499342,67849925.97868946
352,1,2022,10,21,3956,6,502574952.0,145,1,84,88,53,35,0,8,7,266,1,8.73850197109067,57512712.55218045
353,3,2023,2,5,1638,10,207033255.0,130,0,69,36,90,1,10,15,4,159,1,5.223390275952694,39635800.51698113
354,1,2022,4,28,924,18,404887295.0,173,1,59,69,53,12,0,23,3,442,1,14.520367936925098,27884093.347963803
355,1,2022,11,4,1985,35,381161027.0,92,0,75,55,76,25,0,10,15,252,4,8.278580814717477,46041831.9915873
356,1,2014,6,5,6339,13,466231982.0,105,0,56,57,87,0,1,10,4,3326,1,109.26412614980288,4267017.899001804
357,1,2021,11,25,1561,24,357580552.0,175,0,59,15,64,43,90,12,10,596,1,19.579500657030223,18263006.71624161
358,2,2023,4,27,875,4,61105704.0,120,0,80,33,70,22,0,9,4,78,1,2.562417871222076,23846892.68923077
359,2,2022,12,24,406,5,198275403.0,139,0,70,77,48,37,0,12,5,202,1,6.636005256241787,29878729.046138614
360,1,2023,3,17,340,13,168448603.0,132,0,59,56,82,12,0,12,6,119,3,3.9093298291721417,43088869.5405042
361,2,2018,3,29,4188,15,705469769.0,114,1,32,17,74,14,0,17,3,1933,2,63.50197109067017,11109415.29661666
362,2,2023,5,4,105,0,34502215.0,145,0,54,19,48,36,0,37,5,71,1,2.3324572930354797,14792217.247887325
363,1,2022,9,16,1524,17,482175240.0,110,1,82,67,69,0,0,18,4,301,3,9.888304862023652,48762173.77275748
364,2,2022,12,22,2651,30,304118600.0,94,1,89,61,66,17,0,36,16,204,1,6.701708278580814,45379265.60784314
365,1,2018,3,29,11087,6,1449799467.0,134,1,45,17,60,21,0,33,4,1933,22,63.50197109067017,22830778.98369374
366,1,2023,3,24,373,19,173627354.0,120,1,62,32,76,0,0,39,4,112,3,3.679369250985545,47189434.42642857
367,2,2023,2,2,200,4,90025258.0,123,0,70,86,68,24,0,11,4,162,2,5.321944809461235,16915857.120493826
368,2,2021,12,3,3741,17,652704649.0,131,1,77,84,71,35,0,15,4,588,1,19.316688567674113,33789676.046870746
369,1,2002,1,1,32502,21,1829992958.0,171,1,70,6,73,1,0,36,26,7864,4,258.3442838370565,7083543.44373347
370,2,2002,5,26,7615,14,655466831.0,130,0,80,64,76,2,0,20,6,7719,1,253.58081471747695,2584843.9351781323
371,3,2023,3,2,1208,34,146409671.0,94,1,82,53,67,34,0,9,8,134,2,4.402102496714849,33259032.72567164
372,2,2023,4,7,209,4,95816024.0,89,0,73,44,57,39,0,32,6,98,1,3.219448094612352,29761630.311836734
373,1,2023,3,17,1235,9,117206995.0,87,0,65,71,56,4,0,15,20,119,8,3.9093298291721417,29981352.334453784
374,2,2023,3,22,654,3,100409613.0,124,0,72,79,78,55,0,15,30,114,1,3.7450722733245727,26811128.243157897
375,2,2023,3,27,1479,0,80758350.0,78,1,71,80,65,51,0,22,32,109,3,3.580814717477004,22553065.81651376
376,2,2022,11,1,4942,26,325592432.0,120,1,70,70,79,7,0,18,10,255,1,8.377135348226018,38866798.549333334
377,2,2023,3,31,709,0,58473276.0,96,0,48,50,80,40,0,37,20,105,3,3.4494086727989486,16951681.15657143
378,1,2023,3,25,660,0,52722996.0,106,1,73,22,86,31,0,12,4,111,1,3.6465177398160313,14458450.434594596
379,1,2021,12,24,489,17,191945597.0,170,0,78,75,46,62,0,12,35,567,1,18.626806833114323,10304804.184620813
380,2,2023,3,24,407,0,77377503.0,134,0,67,11,76,8,47,30,7,112,1,3.679369250985545,21030099.9225
381,1,2022,5,20,7461,8,743693613.0,115,1,71,90,73,30,0,11,5,420,17,13.797634691195794,53900079.951714285
382,1,2022,12,9,993,4,267789608.0,130,1,74,79,87,45,0,30,3,217,1,7.128777923784494,37564588.329585254
383,2,2020,3,20,9161,5,1221813483.0,118,1,65,63,79,3,0,10,3,1211,2,39.78318002628121,30711810.42322048
384,1,2022,4,22,3282,12,449701773.0,110,1,59,22,38,42,0,12,3,448,1,14.71747700394218,30555629.39758929
385,1,2023,3,29,596,0,67070410.0,100,1,72,42,66,18,4,19,4,107,1,3.515111695137976,19080591.405607477
386,2,2023,3,14,320,6,116334601.0,142,0,70,76,79,26,0,11,7,122,1,4.0078843626806835,29026436.511803277
387,1,2022,10,21,2612,4,433356509.0,140,1,64,18,37,72,0,12,7,266,34,8.73850197109067,49591624.563759394
388,1,2023,2,10,2040,4,165584767.0,116,1,90,96,73,62,0,9,4,154,1,5.059132720105125,32729872.126493502
389,1,2022,5,13,2128,9,367814306.0,120,1,73,64,85,25,0,61,3,427,11,14.027595269382392,26220766.919531617
390,2,2022,4,1,2598,37,477033549.0,92,0,76,46,79,31,0,7,6,469,1,15.407358738501973,30961409.875394456
391,1,2022,10,26,542,2,156214700.0,110,0,81,64,79,5,0,31,3,261,1,8.5742444152431,18219063.095785443
392,1,2022,1,21,2459,20,448843705.0,120,1,71,57,97,1,0,13,11,539,1,17.706964520367936,25348427.421521336
393,2,1995,7,11,10624,17,1357608774.0,80,1,63,40,61,9,0,56,6,10230,1,336.07095926412615,4039649.1769853374
394,2,2022,11,13,2418,26,294352144.0,115,0,95,43,69,47,0,9,31,243,1,7.982917214191852,36872754.17020576
395,1,2014,11,28,7536,7,972164968.0,76,1,58,46,67,65,0,13,4,3150,1,103.48226018396846,9394508.452673016
396,1,2017,2,20,10431,7,920045682.0,172,1,60,77,78,45,0,12,6,2335,3,76.70827858081472,11994085.89296788
397,1,2017,2,20,10431,7,920045682.0,172,1,60,77,78,45,0,12,6,2335,3,76.70827858081472,11994085.89296788
398,1,2016,9,9,15722,16,2420461338.0,99,1,40,45,56,69,0,9,5,2499,2,82.09592641261497,29483330.583721492
399,1,2016,9,9,15722,16,2420461338.0,99,1,40,45,56,69,0,9,5,2499,2,82.09592641261497,29483330.583721492
400,1,2015,5,27,25744,4,1947371785.0,136,0,36,12,57,9,0,14,8,2970,22,97.56898817345598,19958921.594410773
401,1,2019,5,10,1640,0,244658767.0,150,0,90,64,14,67,35,11,10,1526,1,50.13140604467805,4880349.192319791
402,1,2023,4,7,34,0,68216992.0,92,0,71,41,31,79,0,10,5,98,1,3.219448094612352,21189033.025306124
403,1,2023,4,7,34,0,68216992.0,92,0,71,41,31,79,0,10,5,98,1,3.219448094612352,21189033.025306124
404,1,2023,4,7,34,0,68216992.0,92,0,71,41,31,79,0,10,5,98,1,3.219448094612352,21189033.025306124
405,5,2022,12,15,1845,16,223582566.0,95,1,77,72,87,17,0,7,5,211,1,6.931668856767411,32255228.95279621
406,3,2022,7,25,3301,30,471819764.0,102,0,83,58,83,21,0,10,5,354,1,11.629434954007884,40571168.40723164
407,1,2022,12,9,1911,0,272377463.0,145,0,70,34,55,43,0,16,6,217,19,7.128777923784494,38208156.56092166
408,1,2003,3,24,20111,5,1361425037.0,110,1,50,24,86,0,0,64,4,7417,2,243.65965834428383,5587404.358403668
409,2,2023,2,24,1529,0,149778242.0,95,1,64,30,77,46,0,38,6,140,1,4.599211563731932,32566069.189142857
410,2,2023,3,3,615,2,116599790.0,94,0,68,81,82,53,0,9,13,133,1,4.369250985545335,26686448.17744361
411,1,2022,12,2,811,4,148469433.0,142,1,61,92,91,0,0,26,3,224,11,7.35873850197109,20175935.44875
412,2,2022,8,5,5730,10,497225336.0,145,0,59,20,74,1,0,15,5,343,1,11.268068331143231,44126936.52431487
413,1,2023,3,3,356,4,88791109.0,121,0,64,67,80,0,0,36,3,133,11,4.369250985545335,20321814.72150376
414,1,2023,3,3,604,6,125917280.0,140,0,66,43,76,49,0,12,3,133,11,4.369250985545335,28818962.430075187
415,3,2023,2,23,1190,0,105062254.0,137,0,84,44,67,8,0,11,6,141,1,4.6320630749014455,22681524.90609929
416,1,2023,1,31,579,0,95623148.0,104,1,56,72,85,0,0,15,3,164,11,5.387647831800263,17748589.177560978
417,1,2023,2,17,1553,2,144584800.0,92,1,57,68,76,7,0,33,3,147,1,4.829172141918528,29939872.8707483
418,1,2022,12,15,2301,20,298063749.0,146,0,74,51,45,86,0,21,38,211,2,6.931668856767411,43000286.822559245
419,1,2023,1,23,134,4,166570053.0,120,1,56,20,43,89,0,12,4,172,1,5.650459921156373,29479025.65883721
420,1,2023,1,31,430,0,83021468.0,144,1,68,83,81,9,0,8,4,164,11,5.387647831800263,15409594.426341465
421,2,2022,11,5,86,0,139836056.0,94,1,59,44,56,80,0,6,3,251,1,8.245729303547963,16958603.763505977
422,1,2022,10,31,629,14,303216294.0,94,1,73,65,79,5,2,11,6,256,2,8.409986859395532,36054312.4584375
423,2,2022,12,15,1701,15,221409663.0,113,0,79,66,74,8,0,11,5,211,1,6.931668856767411,31941754.226161137
424,2,2023,3,3,329,0,58890931.0,148,1,50,49,76,12,0,12,3,133,1,4.369250985545335,13478495.786766917
425,1,2023,3,3,1168,0,81419389.0,98,1,70,29,73,12,0,11,26,133,2,4.369250985545335,18634633.09142857
426,1,2022,5,31,162,6,156777415.0,140,1,58,26,38,91,0,10,4,409,1,13.436268068331144,11668226.192176038
427,1,2022,12,9,2536,6,284908316.0,100,1,36,28,28,81,0,18,3,217,19,7.128777923784494,39965940.73290323
428,2,2023,2,23,387,11,93438910.0,140,1,86,68,79,39,0,11,29,141,1,4.6320630749014455,20172201.563120566
429,1,2022,8,1,892,17,363472647.0,100,0,59,78,94,27,0,29,23,347,6,11.399474375821288,31885035.66190202
430,1,2011,1,1,3909,0,372476382.0,100,0,59,49,65,2,0,13,3,4577,2,150.36136662286464,2477208.0113786324
431,2,2022,10,19,3645,15,380726517.0,132,0,87,82,70,42,0,21,5,268,1,8.804204993429698,43243713.34880597
432,1,2023,3,3,282,0,56533272.0,142,1,49,48,67,10,0,26,3,133,11,4.369250985545335,12938893.230676692
433,1,2023,1,20,888,22,175399345.0,176,0,72,96,63,25,0,21,7,175,4,5.7490144546649145,30509463.210285716
434,1,2022,5,6,968,4,203221468.0,140,1,53,51,70,49,0,14,3,434,11,14.257555847568987,14253597.893824885
435,1,2000,10,24,25065,6,1624165576.0,105,0,55,40,90,1,0,32,6,8298,2,272.6018396846255,5958013.995353097
436,1,2022,12,8,531,4,134294498.0,135,1,81,97,77,75,0,35,3,218,1,7.1616294349540075,18751947.335412845
437,1,2022,7,28,242,0,70069745.0,128,0,82,61,59,30,0,12,4,351,1,11.530880420499342,6076703.811396012
438,2,2022,6,3,5281,14,609293408.0,101,1,74,43,69,12,0,12,7,406,1,13.3377135348226,45681998.373201974
439,1,2022,5,6,2590,30,671365962.0,122,1,88,43,50,7,0,14,5,434,19,14.257555847568987,47088432.91078341
440,1,2022,9,8,1769,34,362361576.0,105,0,76,49,56,80,12,10,13,309,4,10.151116951379764,35696719.65514564
441,2,2022,12,23,454,4,93587665.0,83,1,53,40,36,73,0,11,33,203,1,6.668856767411301,14033539.520197043
442,4,2021,9,3,6180,7,1223481149.0,77,0,72,59,76,24,0,42,28,679,1,22.306176084099867,54849434.72100147
443,1,2017,8,25,3600,11,1022258230.0,140,0,75,18,25,78,0,11,26,2149,2,70.59789750328515,14480009.549185667
444,2,2022,11,3,1254,6,263453310.0,158,1,65,72,95,31,0,92,5,253,1,8.31143232588699,31697702.594466407
445,2,2019,6,28,6398,31,1435127549.0,176,1,75,43,65,15,0,11,32,1477,1,48.52168199737188,29577036.28406229
446,2,2022,10,20,660,15,236857112.0,98,1,73,88,57,56,0,5,2,267,1,8.771353482260183,27003484.97857678
447,1,2023,1,27,1283,0,147538971.0,107,0,66,47,40,72,0,11,3,168,2,5.519053876478318,26732656.412142854
448,1,2020,2,19,8084,6,698086140.0,109,0,66,16,57,10,1,12,3,1241,22,40.76872536136662,17123079.856244966
449,1,2022,7,15,2332,2,723894473.0,109,0,84,72,74,10,0,34,7,364,3,11.957950065703022,60536669.66516483
450,1,2023,3,3,203,0,34450974.0,148,1,53,61,81,5,0,36,4,133,11,4.369250985545335,7884869.538045113
451,1,2020,5,20,685,14,403097450.0,158,0,60,52,76,17,0,19,5,1150,1,37.779237844940866,10669814.241739132
452,2,2022,9,29,2460,13,309483971.0,94,0,74,64,73,6,0,10,6,288,1,9.461235216819974,32710736.379305556
453,1,2022,10,12,288,6,319566866.0,96,0,70,40,51,35,0,10,4,275,1,9.034165571616294,35373146.91287273
454,1,2022,10,12,288,6,319566866.0,96,0,70,40,51,35,0,10,4,275,1,9.034165571616294,35373146.91287273
455,1,2022,10,12,288,6,319566866.0,96,0,70,40,51,35,0,10,4,275,1,9.034165571616294,35373146.91287273
456,1,2022,10,12,288,6,319566866.0,96,0,70,40,51,35,0,10,4,275,1,9.034165571616294,35373146.91287273
457,1,2022,10,12,288,6,319566866.0,96,0,70,40,51,35,0,10,4,275,1,9.034165571616294,35373146.91287273
458,1,2022,10,12,288,6,319566866.0,96,0,70,40,51,35,0,10,4,275,1,9.034165571616294,35373146.91287273
459,1,2022,10,12,288,6,319566866.0,96,0,70,40,51,35,0,10,4,275,1,9.034165571616294,35373146.91287273
460,1,2022,10,12,288,6,319566866.0,96,0,70,40,51,35,0,10,4,275,1,9.034165571616294,35373146.91287273
461,1,2022,10,12,288,6,319566866.0,96,0,70,40,51,35,0,10,4,275,1,9.034165571616294,35373146.91287273
462,1,2022,10,12,288,6,319566866.0,96,0,70,40,51,35,0,10,4,275,1,9.034165571616294,35373146.91287273
463,1,2022,10,12,288,6,319566866.0,96,0,70,40,51,35,0,10,4,275,1,9.034165571616294,35373146.91287273
464,1,2022,5,6,4572,33,909001996.0,100,0,80,29,67,29,0,12,3,434,19,14.257555847568987,63755808.19870968
465,2,2021,9,24,6127,13,1061966512.0,105,1,58,42,68,1,0,14,4,658,1,21.616294349540077,49128055.66151976
466,1,2023,3,3,166,0,32526947.0,125,1,53,32,66,38,0,9,3,133,11,4.369250985545335,7444513.28330827
467,1,2023,1,27,1838,0,124988687.0,170,0,56,56,63,13,0,19,27,168,2,5.519053876478318,22646759.71595238
468,3,2023,1,27,1890,0,103787664.0,115,1,70,84,90,17,0,41,6,168,1,5.519053876478318,18805336.262857143
469,1,2023,1,27,2098,16,134255790.0,122,1,64,25,89,0,0,15,9,168,1,5.519053876478318,24325870.52142857
470,1,2022,10,17,761,12,301051721.0,105,0,88,82,80,8,0,11,8,270,2,8.869908015768726,33940794.02681481
471,1,2022,11,30,1225,0,156338624.0,133,1,66,74,84,25,0,21,4,226,1,7.424441524310118,21057290.772389386
472,2,2023,1,13,415,2,152850295.0,100,1,79,60,68,7,0,26,4,182,1,5.978975032851511,25564631.757142857
473,1,2022,10,28,3469,0,309653982.0,120,0,82,55,45,15,3,9,10,259,19,8.508541392904073,36393309.699150585
474,1,2022,10,28,3311,0,297328960.0,177,1,25,17,30,90,0,13,3,259,1,8.508541392904073,34944762.711969115
475,1,2022,9,22,2616,0,332506354.0,142,0,64,31,72,15,0,9,5,295,3,9.69119579500657,34310147.1720678
476,1,2016,11,4,3006,16,480507035.0,144,0,57,47,84,1,1,52,4,2443,1,80.2562417871222,5987160.927302497
477,2,2019,4,12,4260,0,1065580332.0,120,0,65,80,86,9,0,19,10,1554,1,51.05124835742444,20872757.59722008
478,1,2016,9,27,482,0,122763672.0,135,1,92,73,51,55,0,15,6,2481,1,81.50459921156373,1506217.724981862
479,1,2022,2,9,4013,10,445763624.0,107,1,81,82,78,38,0,12,4,520,1,17.082785808147175,26094316.75876923
480,6,2022,12,22,138,4,1365184.0,105,1,82,62,74,10,0,33,7,204,1,6.701708278580814,203706.8674509804
481,2,2022,11,25,1368,0,184308753.0,108,0,44,38,77,9,0,9,20,231,2,7.588699080157687,24287265.979740266
482,1,2015,1,1,17852,4,789753877.0,147,0,51,62,79,22,13,14,3,3116,1,102.365308804205,7715053.920372273
483,3,2022,11,20,889,20,323358833.0,115,1,71,34,88,16,0,44,4,236,1,7.752956636005256,41707808.79881356
484,2,2022,4,21,4796,9,606361689.0,174,1,70,57,64,23,0,8,32,449,1,14.750328515111695,41108351.476971045
485,3,2023,1,12,658,6,120972253.0,90,0,68,83,71,3,0,31,8,183,1,6.011826544021025,20122379.132896177
486,1,2022,7,21,3009,2,338564981.0,141,0,41,9,25,84,1,14,4,358,5,11.76084099868594,28787480.5073743
487,1,2014,1,1,17492,3,1606986953.0,82,1,68,50,49,56,0,8,4,3481,1,114.35611038107751,14052479.99118644
488,1,2014,1,1,17492,3,1606986953.0,82,1,68,50,49,56,0,8,4,3481,1,114.35611038107751,14052479.99118644
489,1,2014,1,1,17492,3,1606986953.0,82,1,68,50,49,56,0,8,4,3481,1,114.35611038107751,14052479.99118644
490,1,2014,1,1,17492,3,1606986953.0,82,1,68,50,49,56,0,8,4,3481,1,114.35611038107751,14052479.99118644
491,1,2014,1,1,17492,3,1606986953.0,82,1,68,50,49,56,0,8,4,3481,1,114.35611038107751,14052479.99118644
492,1,2014,1,1,17492,3,1606986953.0,82,1,68,50,49,56,0,8,4,3481,1,114.35611038107751,14052479.99118644
493,1,2014,1,1,17492,3,1606986953.0,82,1,68,50,49,56,0,8,4,3481,1,114.35611038107751,14052479.99118644
494,1,2020,3,20,6170,7,1301799902.0,92,1,47,25,43,62,0,32,3,1211,1,39.78318002628121,32722369.130371593
495,6,2022,12,12,130,4,140187018.0,116,0,77,65,80,6,0,15,4,214,1,7.030223390275952,19940620.691214953
496,2,2017,6,2,27705,10,1897517891.0,124,0,79,59,86,4,0,8,11,2233,1,73.3574244415243,25866746.351115096
497,1,2023,1,27,359,0,107642809.0,125,0,71,83,89,1,0,17,9,168,1,5.519053876478318,19503851.821190476
498,1,2022,8,19,1963,16,551305895.0,90,1,80,71,69,2,0,27,10,329,3,10.808147174770038,51008363.05106384
499,3,2022,4,27,5491,14,556585270.0,83,1,46,34,64,31,0,7,34,443,1,14.553219448094612,38244820.80993228
500,1,2019,10,31,27119,0,2303033973.0,124,0,79,68,79,1,0,10,8,1352,3,44.415243101182654,51852332.94239645
501,1,2014,8,8,1776,14,646886885.0,140,1,58,4,60,7,41,8,3,3262,1,107.161629434954,6036553.2738810545
502,2,2022,9,16,1473,4,222612678.0,154,1,64,61,91,15,0,72,4,301,1,9.888304862023652,22512723.98112957
503,2,2021,7,23,13315,0,1814349763.0,150,0,74,89,70,2,0,5,6,721,1,23.68593955321945,76600286.80404992
504,1,2020,1,10,4057,8,872137015.0,186,0,41,9,61,2,0,12,5,1281,1,42.08278580814717,20724317.51491023
505,1,2015,4,22,3045,6,571386359.0,166,0,40,23,48,5,0,12,3,3005,1,98.71879106438897,5788020.222282862
506,2,2022,9,22,3006,12,304079786.0,107,1,87,20,83,0,4,31,9,295,1,9.69119579500657,31376910.79945763
507,3,2022,9,9,852,0,174006928.0,87,1,87,52,52,31,0,28,24,308,1,10.11826544021025,17197308.07896104
508,1,2022,8,5,2163,15,284785823.0,82,1,40,39,64,21,0,7,7,343,1,11.268068331143231,25273703.94204082
509,1,2022,12,9,1484,0,163284000.0,114,0,46,60,28,91,0,21,4,217,19,7.128777923784494,22904907.649769586
510,1,2022,11,4,1703,0,246390068.0,148,1,47,15,52,38,13,29,5,252,3,8.278580814717477,29762355.83301587
511,1,2022,11,4,1703,0,246390068.0,148,1,47,15,52,38,13,29,5,252,3,8.278580814717477,29762355.83301587
512,1,2022,7,20,4169,44,482257456.0,140,1,91,97,57,38,0,40,29,359,2,11.793692509855452,40891133.5950975
513,1,2022,10,3,1054,0,168684524.0,101,1,90,76,81,15,24,33,6,284,1,9.32982917214192,18080129.966760565
514,3,2022,1,17,2849,0,78489819.0,140,0,81,6,84,5,23,6,6,543,1,17.83837056504599,4400055.415027624
515,3,2022,12,2,1602,0,195516622.0,88,0,49,24,66,19,0,18,29,224,1,7.35873850197109,26569312.3825
516,1,2021,6,4,9644,28,1260594497.0,180,1,64,44,65,28,0,14,12,770,19,25.29566360052562,49834411.024259746
517,1,2022,8,12,4827,0,428685680.0,133,1,95,91,89,6,0,31,24,336,2,11.038107752956636,38836881.24761905
518,1,1985,9,16,21811,0,1024858327.0,108,0,63,20,55,72,0,6,6,13815,1,453.8436268068331,2258174.9890611656
519,1,1973,1,5,168,0,838586769.0,80,0,39,24,43,39,0,23,3,18452,1,606.1760840998686,1383404.5766507694
520,1,2022,8,11,688,0,199386237.0,75,0,80,46,62,3,6,11,46,337,1,11.070959264126149,18009842.891038578
521,2,2021,7,30,10565,44,972509632.0,121,0,67,26,64,52,0,17,10,714,1,23.45597897503285,41461054.89927171
522,2,2022,9,28,1612,0,213438580.0,140,0,58,17,62,18,0,20,8,289,1,9.494086727989488,22481212.37093426
523,1,2020,9,3,12755,8,1555511105.0,126,0,81,59,90,5,0,36,3,1044,9,34.2969776609724,45354174.36417625
524,1,2020,9,3,12755,8,1555511105.0,126,0,81,59,90,5,0,36,3,1044,9,34.2969776609724,45354174.36417625
525,1,2022,10,12,574,4,210038833.0,102,1,58,29,94,0,0,9,11,275,1,9.034165571616294,23249389.36916364
526,1,2022,4,8,2499,0,227918678.0,82,1,70,31,34,60,1,11,4,462,1,15.177398160315374,15016979.563463204
527,1,2020,12,24,10426,2,826623384.0,121,0,46,53,78,23,0,72,6,932,19,30.617608409986858,26998300.22420601
528,2,2020,3,27,15894,8,1802514301.0,103,0,70,92,83,1,0,7,6,1204,1,39.55321944809461,45571873.19139535
529,1,2021,6,25,9424,0,1329090101.0,108,0,82,88,76,9,0,12,9,749,6,24.60578186596583,54015357.37575434
530,1,2022,9,14,713,7,181831132.0,85,0,65,36,47,31,0,12,10,303,2,9.95400788436268,18267127.584422443
531,2,2022,3,14,7758,28,462791599.0,125,0,84,70,69,1,0,5,5,487,1,15.99868593955322,28926850.664394252
532,1,2022,10,21,2537,2,348647203.0,120,1,69,40,39,41,0,13,6,266,34,8.73850197109067,39897822.77939849
533,3,2022,7,17,292,6,366599607.0,94,1,58,44,57,57,0,10,3,362,1,11.892247043363994,30826773.583093923
534,3,1930,1,1,323,0,90598517.0,130,0,65,49,80,22,4,7,5,34162,1,1122.2733245729305,80727.67570634038
535,2,2012,1,1,14143,4,1479264469.0,110,1,74,51,74,2,0,29,4,4212,1,138.37056504599212,10690600.768366572
536,1,1994,10,28,25653,0,1449779435.0,150,1,34,33,63,16,0,7,4,10486,1,344.4809461235217,4208591.073946214
537,1,1984,1,1,22153,0,1159176109.0,107,0,74,88,65,28,0,46,3,14439,1,474.3429697766097,2443751.004775954
538,1,1958,1,1,14994,0,769213520.0,140,1,70,85,41,71,0,45,5,23935,1,786.3009198423127,978268.6253937748
539,1,1957,1,1,10326,0,741301563.0,119,1,74,78,37,84,0,6,3,24300,1,798.2917214191853,928609.8591654322
540,1,2011,10,14,12353,0,807561936.0,93,1,35,38,23,91,0,29,3,4291,2,140.9658344283837,5728777.751535773
541,1,2013,12,13,9408,0,834129063.0,133,1,46,53,63,5,0,30,18,3500,2,114.98028909329828,7254539.622205715
542,1,1963,10,14,8879,0,663832097.0,202,1,24,76,60,77,0,12,4,21823,1,716.9185282522996,925951.9329459744
543,1,1963,10,14,8879,0,663832097.0,202,1,24,76,60,77,0,12,4,21823,1,716.9185282522996,925951.9329459744
544,1,1963,10,14,8879,0,663832097.0,202,1,24,76,60,77,0,12,4,21823,1,716.9185282522996,925951.9329459744
545,1,1963,10,14,8879,0,663832097.0,202,1,24,76,60,77,0,12,4,21823,1,716.9185282522996,925951.9329459744
546,1,1963,10,14,8879,0,663832097.0,202,1,24,76,60,77,0,12,4,21823,1,716.9185282522996,925951.9329459744
547,1,1963,10,14,8879,0,663832097.0,202,1,24,76,60,77,0,12,4,21823,1,716.9185282522996,925951.9329459744
548,1,1963,10,14,8879,0,663832097.0,202,1,24,76,60,77,0,12,4,21823,1,716.9185282522996,925951.9329459744
549,1,1963,10,14,8879,0,663832097.0,202,1,24,76,60,77,0,12,4,21823,1,716.9185282522996,925951.9329459744
550,1,1963,10,14,8879,0,663832097.0,202,1,24,76,60,77,0,12,4,21823,1,716.9185282522996,925951.9329459744
551,1,1959,11,16,6512,0,446390129.0,134,1,45,72,24,91,0,18,4,23251,1,763.8304862023653,584409.9405083653
552,1,2017,1,1,5140,0,690104769.0,105,1,72,33,51,48,0,9,3,2385,2,78.3508541392904,8807878.058012579
553,1,2013,10,25,6596,0,485285717.0,160,1,51,69,81,0,0,21,5,3549,1,116.59001314060448,4162326.634398422
554,1,1970,11,1,3788,0,520034544.0,148,1,50,96,82,47,0,34,4,19248,1,632.3258869908016,822415.3948129676
555,1,2011,10,14,7655,0,476244795.0,151,1,65,70,47,87,0,9,4,4291,2,140.9658344283837,3378441.2863668147
556,1,2011,1,1,9577,0,629173063.0,162,0,67,88,54,51,0,9,4,4577,3,150.36136662286464,4184406.387965917
557,1,1963,11,22,10114,0,404664135.0,92,1,53,84,77,40,0,32,3,21784,1,715.6373193166885,565459.7993665076
558,1,2022,12,9,1007,0,98709329.0,152,1,65,35,65,44,18,21,7,217,19,7.128777923784494,13846598.96202765
559,1,2022,12,9,1127,0,110849052.0,65,0,71,55,26,85,0,13,8,217,19,7.128777923784494,15549516.787465438
560,4,1971,12,1,10829,0,460492795.0,147,1,33,39,61,32,0,77,3,18853,1,619.3495400788436,743510.3527184003
561,2,2022,12,8,1042,0,94005786.0,150,0,73,71,69,53,0,32,9,218,1,7.1616294349540075,13126312.503853211
562,1,1952,1,1,7930,0,395591396.0,140,1,67,81,36,64,0,15,3,26127,1,858.3114323258869,460894.93987981783
563,1,1946,11,1,11500,0,389771964.0,139,1,36,22,15,84,0,11,4,28014,2,920.3022339027594,423526.0435553653
564,1,1979,11,16,1685,0,403939487.0,95,1,75,74,58,36,0,9,3,15946,1,523.850197109067,771097.327497805
565,1,1984,11,25,14169,0,481697415.0,115,1,60,23,57,0,2,27,3,14110,1,463.53482260183966,1039182.80032601
566,1,1984,11,25,14169,0,481697415.0,115,1,60,23,57,0,2,27,3,14110,1,463.53482260183966,1039182.80032601
567,2,2022,12,9,1634,0,110073250.0,125,1,62,59,43,84,3,11,5,217,1,7.128777923784494,15440690.0
568,1,2022,12,9,906,0,88092256.0,76,1,60,19,20,78,0,11,5,217,19,7.128777923784494,12357273.145806452
569,1,1984,1,1,1087,0,351636786.0,101,0,72,91,87,14,0,13,3,14439,1,474.3429697766097,741313.3711365053
570,2,1950,1,1,10585,0,473248298.0,143,1,60,86,32,88,0,34,6,26857,1,882.2930354796321,536384.4878847228
571,1,2022,12,9,827,0,73981293.0,119,0,51,51,66,67,0,9,23,217,19,7.128777923784494,10377836.677050691
572,2,2022,12,8,1420,4,155653938.0,78,1,67,22,59,76,1,15,16,218,1,7.1616294349540075,21734430.60880734
573,3,1942,1,1,11940,0,395591396.0,96,1,23,19,25,91,0,40,3,29779,1,978.2851511169512,404372.27892944694
574,1,1986,1,1,888,0,429504768.0,180,1,51,87,58,36,0,18,4,13708,1,450.32851511169514,953758.7640735336
575,1,1963,11,22,9122,0,242767149.0,126,1,34,35,76,39,0,8,5,21784,1,715.6373193166885,339232.097666177
576,1,2022,12,9,892,0,65362788.0,150,1,43,42,44,57,0,15,6,217,19,7.128777923784494,9168862.9802765
577,1,2022,12,9,989,0,67540165.0,90,1,53,47,74,9,0,34,4,217,19,7.128777923784494,9474297.8
578,1,2022,12,9,819,0,62019074.0,160,1,72,78,68,28,0,11,12,217,19,7.128777923784494,8699818.491059909
579,2,2017,11,10,2209,0,135723538.0,114,1,59,60,94,24,0,10,4,2072,1,68.06833114323258,1993930.7416602315
580,3,1958,1,1,6290,0,295998468.0,113,1,73,72,32,77,0,15,5,23935,1,786.3009198423127,376444.2601178191
581,1,2000,11,7,6952,0,261116938.0,147,1,67,69,72,17,0,19,3,8284,1,272.1419185282523,959488.1208015452
582,2,2022,11,4,313,2,136689549.0,100,0,70,92,59,3,0,10,3,252,1,8.278580814717477,16511229.64904762
583,1,2022,12,2,353,2,135611421.0,155,1,49,42,77,3,0,12,9,224,1,7.35873850197109,18428623.46089286
584,1,2022,12,2,353,2,135611421.0,155,1,49,42,77,3,0,12,9,224,1,7.35873850197109,18428623.46089286
585,1,2021,12,3,4094,0,356709897.0,107,0,54,41,39,51,0,11,16,588,19,19.316688567674113,18466410.31408163
586,2,2022,12,2,880,0,110649992.0,112,1,80,15,54,9,0,38,5,224,1,7.35873850197109,15036543.555714289
587,1,2022,10,31,573,0,301869854.0,166,1,70,57,57,9,20,11,7,256,2,8.409986859395532,35894212.3271875
588,1,1959,1,1,3299,0,127027715.0,107,0,69,96,36,81,0,8,4,23570,2,774.3101182654402,164052.76387781076
589,1,2022,12,9,811,0,57144458.0,81,1,47,33,68,24,0,22,38,217,19,7.128777923784494,8016024.430967743
590,1,2022,12,9,899,0,56870689.0,150,1,79,77,46,5,0,11,7,217,19,7.128777923784494,7977621.074470047
591,2,2022,10,21,2415,0,323437194.0,110,1,66,19,32,69,0,12,4,266,1,8.73850197109067,37012887.91488722
592,1,2022,10,21,2304,0,317726339.0,108,1,64,4,40,6,0,10,6,266,34,8.73850197109067,36359359.9968421
593,4,2022,9,28,1003,0,116144341.0,130,0,89,48,74,30,0,7,36,289,1,9.494086727989488,12233334.74062284
594,1,2022,10,21,2699,0,328207708.0,164,1,70,39,56,6,0,9,7,266,34,8.73850197109067,37558806.885413535
595,2,2022,5,6,2482,20,608228647.0,114,0,80,42,68,2,0,66,4,434,2,14.257555847568987,42660092.199723504
596,2,2005,9,20,2577,0,180577478.0,93,1,63,93,88,1,0,12,4,6506,1,213.73193166885676,844878.3323578236
597,2,2021,6,25,6821,34,809306935.0,90,0,87,51,69,36,0,9,8,749,1,24.60578186596583,32890925.36902537
598,1,2022,12,8,714,0,49262961.0,128,1,45,35,68,78,0,39,8,218,19,7.1616294349540075,6878736.389174312
599,2,2022,5,6,3185,4,614555082.0,97,1,83,47,80,2,0,24,9,434,1,14.257555847568987,43103817.27207374
600,1,1958,1,1,8612,0,245350949.0,152,0,69,94,71,79,0,7,8,23935,1,786.3009198423127,312031.8733052016
601,1,1957,1,1,4326,0,178660459.0,175,1,51,94,34,73,0,10,5,24300,1,798.2917214191853,223803.47209711935
602,1,2022,12,9,680,0,51641685.0,116,1,61,48,55,67,0,16,8,217,19,7.128777923784494,7244114.706912443
603,2,2022,12,2,398,0,78139948.0,80,0,33,51,59,76,0,44,6,224,1,7.35873850197109,10618660.790714286
604,2,2022,8,25,3328,13,322336177.0,93,0,63,34,86,26,0,21,39,323,1,10.611038107752956,30377440.33399381
605,1,2021,8,13,7215,0,1007612429.0,122,1,70,42,54,30,0,37,5,700,1,22.996057818659654,43816746.198228575
606,1,2022,1,7,4440,0,326792833.0,122,1,70,91,79,3,0,7,10,553,22,18.166885676741128,17988379.451211575
607,1,2022,1,7,2881,6,391251368.0,135,0,70,60,58,4,0,16,3,553,22,18.166885676741128,21536512.91486438
608,3,2022,1,5,2235,0,349585590.0,109,1,60,45,47,62,0,31,5,555,1,18.232588699080157,19173667.314594597
609,1,2022,1,7,3711,0,339659802.0,93,0,65,82,74,27,0,32,5,553,22,18.166885676741128,18696644.435587704
610,2,2021,8,20,12403,0,674772936.0,125,0,85,64,81,2,5,7,9,693,1,22.766097240473066,29639376.871341992
611,7,2021,11,19,2785,0,432719968.0,206,0,58,83,45,36,0,11,8,602,1,19.776609724047304,21880391.73740864
612,1,2021,6,24,14114,17,1309887447.0,130,1,76,44,77,1,0,13,3,750,1,24.638633377135346,53163965.18224001
613,1,2022,1,7,1915,0,119238316.0,121,0,80,62,51,2,0,9,8,553,22,18.166885676741128,6563497.900614829
614,1,2022,1,7,2297,0,116903579.0,123,0,74,35,73,0,0,21,5,553,22,18.166885676741128,6434981.81692586
615,1,2017,6,23,4375,0,888046992.0,122,0,67,50,67,15,0,30,4,2212,1,72.66754270696451,12220682.837468356
616,1,2022,1,7,2800,0,200660871.0,143,1,53,50,79,0,0,8,3,553,22,18.166885676741128,11045419.37294756
617,1,2021,8,6,2597,0,130655803.0,121,0,70,35,77,1,0,26,4,707,22,23.226018396846253,5625406.850523339
618,1,2021,5,14,15563,6,1887039593.0,166,0,56,68,66,28,0,11,18,791,7,25.985545335085412,72618818.21860936
619,3,2022,1,7,1420,0,88103848.0,135,1,41,27,64,36,0,60,3,553,1,18.166885676741128,4849694.63493671
620,1,2022,1,7,1292,0,101114984.0,87,0,49,49,59,44,0,35,21,553,22,18.166885676741128,5565895.321808319
621,2,2021,4,9,15867,0,1575467011.0,111,1,77,74,66,30,0,13,3,826,1,27.135348226018397,58059583.31094431
622,2,2022,1,7,1178,0,91656026.0,110,1,75,85,84,10,0,31,19,553,1,18.166885676741128,5045225.01164557
623,1,2021,6,11,6672,0,1042568408.0,130,1,66,19,61,30,0,9,7,763,6,25.065703022339022,41593423.77394496
624,1,2020,9,18,12329,0,1735441776.0,179,0,61,76,51,30,0,38,15,1029,3,33.8042049934297,51338044.374577254
625,1,2019,7,26,5669,2,726837877.0,93,0,74,53,73,61,0,13,4,1449,1,47.60183968462549,15269113.164858524
626,1,2022,1,7,811,0,53933526.0,78,0,27,10,49,62,0,49,5,553,22,18.166885676741128,2968782.1545027127
627,1,2021,11,19,1756,0,267758538.0,180,1,65,37,58,2,0,4,31,602,1,19.776609724047304,13539152.652358806
628,1,2022,1,7,1014,0,74601456.0,86,0,28,13,41,50,0,19,3,553,22,18.166885676741128,4106452.659385172
629,1,2021,9,17,7963,0,920797189.0,88,0,74,55,85,1,0,5,22,665,3,21.846254927726676,42148972.07993985
630,2,2021,11,5,4771,0,539595276.0,97,1,68,72,78,4,0,7,5,616,1,20.2365308804205,26664415.91142857
631,1,2017,12,8,8559,0,1367810478.0,134,0,71,59,80,13,0,36,5,2044,4,67.1484888304862,20369936.86414873
632,2,2020,9,21,3221,2,578207856.0,116,1,75,36,76,12,0,10,10,1026,1,33.70565045992115,17154626.83883041
633,3,2021,10,5,3423,26,775542072.0,170,0,64,14,70,9,0,9,8,647,1,21.254927726675422,36487636.27771253
634,1,2021,9,10,2566,13,863625566.0,140,0,83,40,55,16,0,14,23,672,1,22.07621550591327,39120181.88845238
635,1,2021,9,10,2566,13,863625566.0,140,0,83,40,55,16,0,14,23,672,1,22.07621550591327,39120181.88845238
636,1,2021,9,10,2566,13,863625566.0,140,0,83,40,55,16,0,14,23,672,1,22.07621550591327,39120181.88845238
637,1,2021,9,10,2566,13,863625566.0,140,0,83,40,55,16,0,14,23,672,1,22.07621550591327,39120181.88845238
638,1,2021,9,10,2566,13,863625566.0,140,0,83,40,55,16,0,14,23,672,1,22.07621550591327,39120181.88845238
639,1,2021,9,10,2566,13,863625566.0,140,0,83,40,55,16,0,14,23,672,1,22.07621550591327,39120181.88845238
640,1,2021,9,10,2566,13,863625566.0,140,0,83,40,55,16,0,14,23,672,1,22.07621550591327,39120181.88845238
641,1,2021,9,10,2566,13,863625566.0,140,0,83,40,55,16,0,14,23,672,1,22.07621550591327,39120181.88845238
642,1,2021,9,10,2566,13,863625566.0,140,0,83,40,55,16,0,14,23,672,1,22.07621550591327,39120181.88845238
643,1,2021,9,10,2566,13,863625566.0,140,0,83,40,55,16,0,14,23,672,1,22.07621550591327,39120181.88845238
644,1,2021,9,10,2566,13,863625566.0,140,0,83,40,55,16,0,14,23,672,1,22.07621550591327,39120181.88845238
645,1,2021,9,10,2566,13,863625566.0,140,0,83,40,55,16,0,14,23,672,1,22.07621550591327,39120181.88845238
646,1,2021,9,10,2566,13,863625566.0,140,0,83,40,55,16,0,14,23,672,1,22.07621550591327,39120181.88845238
647,1,2021,9,10,2566,13,863625566.0,140,0,83,40,55,16,0,14,23,672,1,22.07621550591327,39120181.88845238
648,1,2021,9,10,2566,13,863625566.0,140,0,83,40,55,16,0,14,23,672,1,22.07621550591327,39120181.88845238
649,1,2021,9,10,2566,13,863625566.0,140,0,83,40,55,16,0,14,23,672,1,22.07621550591327,39120181.88845238
650,1,2021,9,10,2566,13,863625566.0,140,0,83,40,55,16,0,14,23,672,1,22.07621550591327,39120181.88845238
651,1,2021,9,10,2566,13,863625566.0,140,0,83,40,55,16,0,14,23,672,1,22.07621550591327,39120181.88845238
652,1,2021,9,10,2566,13,863625566.0,140,0,83,40,55,16,0,14,23,672,1,22.07621550591327,39120181.88845238
653,2,2021,11,4,9151,6,656013912.0,118,0,75,46,76,3,0,9,4,617,1,20.269382391590018,32364770.634165313
654,1,2021,7,30,8476,0,1056760045.0,65,1,31,31,24,76,0,14,4,714,5,23.45597897503285,45052907.240616255
655,2,2021,10,22,7495,17,611994237.0,120,0,56,16,67,0,0,11,4,630,1,20.69645203679369,29570007.26076191
656,2,2021,5,21,5257,6,1230855859.0,176,1,29,12,33,68,0,12,5,784,1,25.755584756898816,47789862.68872449
657,1,2021,9,10,1795,0,582981380.0,180,0,59,69,61,84,0,46,36,672,1,22.07621550591327,26407668.46309524
658,1,2021,1,8,12685,3,1858144199.0,144,1,59,21,43,76,0,10,7,917,7,30.12483574244415,61681471.55677208
659,3,2021,11,30,648,1,240684449.0,133,0,82,52,61,38,0,14,27,591,1,19.415243101182657,12396674.496717429
660,1,2021,11,12,4635,5,583687007.0,93,1,63,21,52,28,0,9,3,609,34,20.006570302233904,29174765.998489324
661,1,2022,1,7,1184,0,63803529.0,122,1,77,25,62,34,0,23,3,553,22,18.166885676741128,3512078.5221699825
662,1,2021,11,19,4431,0,466214729.0,88,1,53,55,73,9,0,3,5,602,4,19.776609724047304,23574047.094285715
663,1,2021,11,19,4431,0,466214729.0,88,1,53,55,73,9,0,3,5,602,4,19.776609724047304,23574047.094285715
664,1,2021,11,19,4431,0,466214729.0,88,1,53,55,73,9,0,3,5,602,4,19.776609724047304,23574047.094285715
665,4,2022,1,5,759,3,236940480.0,170,0,70,61,44,40,0,37,4,555,1,18.232588699080157,12995438.218378378
666,1,2022,1,7,733,0,41924466.0,94,0,46,55,50,71,0,10,11,553,22,18.166885676741128,2307740.9494394218
667,1,2021,11,18,2795,0,225259194.0,170,1,65,46,47,12,0,13,16,603,1,19.80946123521682,11371293.309054729
668,3,2021,10,27,2780,2,393230256.0,90,0,79,79,70,57,0,66,8,625,1,20.532194480946124,19151886.388224
669,1,2021,12,1,1950,0,287201015.0,78,1,40,7,29,62,0,9,3,590,3,19.38239159001314,14817625.248474576
670,1,2018,3,9,3947,12,599770206.0,94,1,57,36,58,5,0,15,3,1953,3,64.15900131406045,9348184.88
671,1,2018,3,9,3947,12,599770206.0,94,1,57,36,58,5,0,15,3,1953,3,64.15900131406045,9348184.88
672,1,2021,10,30,2551,0,342779426.0,73,1,83,11,41,0,0,36,14,622,1,20.43363994743758,16775250.365659166
673,2,2021,8,3,5375,10,673801126.0,176,1,73,79,86,42,0,7,18,710,1,23.32457293035479,28888037.007661976
674,1,2020,11,2,11975,8,1168642797.0,128,0,81,57,63,40,1,10,4,984,2,32.32588699080158,36151917.41939024
675,3,2019,8,30,2696,0,540539717.0,120,1,58,44,60,44,9,5,6,1414,1,46.45203679369251,11636512.719575671
676,3,2021,11,5,4963,0,383550148.0,82,1,63,85,62,6,0,35,4,616,2,20.2365308804205,18953354.716103896
677,3,2020,3,13,6734,0,530511203.0,95,1,77,40,47,2,0,9,3,1218,1,40.01314060446781,13258424.482200328
678,1,2022,1,7,715,0,37307967.0,118,1,44,52,94,11,0,4,29,553,22,18.166885676741128,2053624.801952984
679,1,2021,10,22,3047,9,510876816.0,123,0,75,93,86,8,0,14,3,630,2,20.69645203679369,24684270.28419048
680,3,2021,3,19,14140,0,1445941661.0,90,1,63,49,68,38,0,42,18,847,1,27.825229960578184,51965128.879386075
681,2,2020,10,30,11215,21,1763363713.0,110,0,73,14,57,40,0,11,5,987,2,32.42444152431012,54383780.57114489
682,2,2021,12,29,1678,12,374191487.0,96,0,66,76,82,47,0,10,32,562,1,18.462549277266753,20267595.84391459
683,1,2022,1,9,2035,0,108809090.0,88,0,56,58,55,35,0,23,11,551,1,18.101182654402105,6011159.164428312
684,3,2021,9,8,2780,2,436695353.0,98,0,73,60,85,17,0,24,5,674,1,22.141918528252297,19722561.639940653
685,3,2021,9,24,4091,0,421040617.0,110,0,72,67,68,0,0,14,4,658,1,21.616294349540077,19477927.631428573
686,1,2020,7,17,2868,0,501541661.0,80,1,70,57,49,19,0,12,8,1092,1,35.873850197109064,13980703.443992674
687,3,2021,9,16,3643,0,354065229.0,110,0,86,31,53,43,0,11,6,666,1,21.879106438896187,16182801.157297298
688,1,2021,5,21,4779,6,1143647827.0,110,1,79,70,36,0,0,6,11,784,8,25.755584756898816,44403877.36464286
689,3,2022,1,7,3517,0,311395144.0,78,0,77,49,42,1,1,13,19,553,1,18.166885676741128,17140810.458155517
690,2,2021,6,24,5073,0,672656250.0,129,1,83,44,62,2,0,8,6,750,1,24.638633377135346,27300875.000000004
691,1,2021,4,1,7545,4,1256880657.0,181,1,44,22,60,61,0,42,9,834,7,27.398160315374508,45874636.929352514
692,1,2020,8,21,8528,5,1692897992.0,114,0,75,74,77,1,0,9,10,1057,8,34.72404730617608,48752899.59931883
693,1,2021,11,5,2979,0,245095641.0,144,1,74,39,65,5,1,11,35,616,1,20.2365308804205,12111544.337727273
694,2,2019,1,11,7731,2,686734357.0,101,1,66,18,68,9,0,12,4,1645,2,54.040735873850196,12707716.612206688
695,2,2021,10,21,1057,0,261414174.0,84,1,67,78,63,29,0,12,5,631,1,20.729303547963205,12610851.753660856
696,3,2021,7,8,3272,19,610045621.0,154,1,66,63,69,21,0,11,7,736,1,24.17871222076215,25230691.172880437
697,3,2021,3,5,14417,0,1115880852.0,148,1,59,72,62,18,0,9,3,861,2,28.28515111695138,39451118.623554006
698,3,2021,9,3,5199,0,594482982.0,146,0,85,22,37,13,0,7,30,679,1,22.306176084099867,26651048.55976436
699,2,2021,8,1,6026,0,566954746.0,120,0,77,51,79,20,0,26,6,712,1,23.390275952693823,24238907.96101124
700,2,2021,11,11,4640,3,374706940.0,136,0,77,82,30,95,0,13,5,610,1,20.039421813403415,18698490.57967213
701,3,2021,11,19,1150,0,184937148.0,141,1,59,56,63,12,0,6,36,602,1,19.776609724047304,9351306.95202658
702,1,2022,1,7,768,0,31959571.0,108,0,46,23,48,75,30,14,4,553,22,18.166885676741128,1759221.2318987343
703,1,2021,11,19,925,0,167076418.0,94,1,42,47,36,76,0,9,5,602,2,19.776609724047304,8448182.996544851
704,1,2015,5,10,3006,3,824420218.0,180,1,35,41,94,0,63,5,5,2987,1,98.12746386333772,8401523.7482156
705,1,2021,9,1,3098,0,363467642.0,122,1,77,51,79,5,0,16,5,681,1,22.371879106438897,16246629.988957414
706,1,2015,10,30,9771,4,1127468248.0,85,1,59,33,52,7,15,12,3,2814,3,92.44415243101184,12196209.477299215
707,1,2015,10,30,9771,4,1127468248.0,85,1,59,33,52,7,15,12,3,2814,3,92.44415243101184,12196209.477299215
708,2,2022,1,7,807,0,60680939.0,148,1,68,29,73,0,0,7,7,553,1,18.166885676741128,3340194.9062567814
709,1,2021,12,1,521,1,247737946.0,120,1,83,59,73,6,0,5,11,590,4,19.38239159001314,12781598.434305089
710,2,2020,7,24,12854,0,1699402402.0,91,0,70,76,72,22,0,27,4,1085,1,35.64388961892247,47677243.42569585
711,2,2021,11,19,802,0,154797871.0,120,1,72,54,71,26,0,10,4,602,1,19.776609724047304,7827320.919003323
712,1,2021,11,17,731,0,198883004.0,106,1,86,86,79,11,0,8,9,604,1,19.842312746386337,10023176.559205296
713,1,2022,1,7,788,0,124407432.0,110,1,63,31,35,93,0,29,3,553,2,18.166885676741128,6848032.965786619
714,1,2021,5,21,3069,4,850608354.0,169,1,39,36,45,81,0,8,13,784,7,25.755584756898816,33026171.29561225
715,1,2021,8,29,4651,0,376333030.0,118,1,80,21,55,1,0,26,17,684,3,22.470433639947437,16747920.223976608
716,1,2021,6,25,4999,0,516784627.0,92,0,91,79,66,32,0,9,16,749,6,24.60578186596583,21002568.819599465
717,1,2019,11,1,8327,24,1608045237.0,112,1,45,19,60,63,0,9,6,1351,3,44.382391590013135,36231604.00760918
718,1,2020,12,25,3297,3,506778838.0,140,1,79,56,91,26,0,13,21,931,1,30.584756898817343,16569653.951364126
719,1,2010,11,29,35684,6,1472799873.0,105,1,73,52,76,13,0,5,3,4610,4,151.4454664914586,9724951.872911064
720,1,2010,11,29,35684,6,1472799873.0,105,1,73,52,76,13,0,5,3,4610,4,151.4454664914586,9724951.872911064
721,1,2010,11,29,35684,6,1472799873.0,105,1,73,52,76,13,0,5,3,4610,4,151.4454664914586,9724951.872911064
722,1,2021,7,8,3506,10,513643924.0,178,1,76,63,77,14,0,15,22,736,1,24.17871222076215,21243642.72630435
723,2,2021,12,23,2999,0,261286503.0,108,0,96,71,42,57,0,8,9,568,1,18.659658344283837,14002748.50584507
724,1,2021,5,21,3681,0,783706581.0,173,1,40,19,29,86,0,34,4,784,7,25.755584756898816,30428607.55821429
725,3,2021,5,7,4846,10,422691058.0,101,1,67,40,90,3,0,34,6,798,1,26.21550591327201,16123704.016942356
726,1,2020,1,1,14311,0,1062345656.0,120,0,80,24,62,41,2,11,23,1290,1,42.3784494086728,25068063.386542633
727,1,2020,10,23,8207,0,1252563873.0,144,1,73,66,80,44,0,9,12,994,2,32.65440210249671,38358193.4548491
728,1,2021,3,19,4873,0,851070493.0,133,1,75,96,61,0,0,18,4,847,4,27.825229960578184,30586287.84760331
729,2,2021,10,22,772,0,263894529.0,158,0,46,62,83,53,0,97,28,630,1,20.69645203679369,12750713.432952382
730,1,2021,10,1,1150,0,345903614.0,120,1,81,92,90,9,0,8,7,651,2,21.38633377135348,16174049.17075269
731,1,2020,2,21,5398,4,951637566.0,129,1,61,59,46,56,0,13,5,1239,1,40.70302233902759,23380022.202615015
732,2,2016,11,18,7370,0,956865266.0,102,1,74,45,89,5,0,26,13,2429,1,79.79632063074901,11991345.696599424
733,4,2021,8,13,6890,0,427486004.0,124,0,79,79,84,2,0,5,5,700,1,22.996057818659654,18589534.23108571
734,1,2016,4,20,1966,0,156658366.0,90,0,73,31,45,85,24,11,3,2641,1,86.76084099868594,1805634.4797576675
735,1,2021,4,14,2226,0,624515457.0,161,0,78,65,52,46,0,12,31,821,1,26.971090670170828,23154994.532375153
736,1,2017,3,30,4204,0,777765388.0,120,1,60,11,33,90,0,8,5,2297,5,75.45992115637318,10306999.743456684
737,1,2021,7,28,1959,0,412795151.0,81,1,45,12,57,7,0,23,3,716,5,23.52168199737188,17549559.212905027
738,1,2019,1,1,7191,0,1138474110.0,150,0,78,47,70,18,0,15,9,1655,1,54.369250985545335,20939668.82682779
739,2,2021,9,2,2012,0,355219175.0,105,1,76,58,84,10,0,13,10,680,1,22.339027595269386,15901281.89264706
740,1,2021,8,10,1211,2,290228626.0,79,1,63,76,67,38,0,6,4,703,1,23.0946123521682,12566940.790099574
741,1,2021,8,10,1211,2,290228626.0,79,1,63,76,67,38,0,6,4,703,1,23.0946123521682,12566940.790099574
742,1,2010,10,4,7109,2,1062956628.0,146,0,52,7,61,51,0,11,3,4666,4,153.28515111695137,6934504.877051008
743,1,2020,4,17,6638,0,1180094974.0,124,1,64,8,37,79,0,9,5,1183,2,38.86333771353482,30365250.21856298
744,1,2014,1,1,17354,8,1456081449.0,126,1,53,66,85,2,0,24,4,3481,2,114.35611038107751,12732869.666061476
745,1,2021,8,6,6392,0,432702334.0,121,1,75,53,74,2,0,11,5,707,22,23.226018396846253,18630069.373352192
746,3,2021,9,3,5481,0,489945871.0,136,0,80,33,60,0,0,32,14,679,1,22.306176084099867,21964583.671929307
747,1,2021,6,25,2636,3,465959382.0,102,0,77,26,63,58,0,11,5,749,2,24.60578186596583,18936987.43401869
748,3,2021,10,27,824,0,1223481149.0,77,1,73,54,74,23,0,41,23,625,1,20.532194480946124,59588425.880895995
749,1,2019,5,10,24529,0,2864791672.0,98,0,82,54,59,69,0,18,10,1526,1,50.13140604467805,57145647.76912189
750,1,2017,6,15,14749,0,2288695111.0,84,0,44,22,48,38,0,33,24,2220,2,72.93035479632063,31381927.558036037
751,2,2021,1,28,8087,0,720825549.0,102,1,89,77,82,3,0,17,11,897,1,29.467805519053876,24461460.10207358
752,1,2013,8,1,27221,0,2086124197.0,120,1,42,33,26,92,0,13,3,3634,1,119.38239159001314,17474303.950654924
753,1,1991,9,10,49991,9,1690192927.0,117,1,52,73,91,0,0,11,7,11630,2,382.0630749014455,4423858.357513327
754,1,1991,9,10,49991,9,1690192927.0,117,1,52,73,91,0,0,11,7,11630,2,382.0630749014455,4423858.357513327
755,1,1991,9,10,49991,9,1690192927.0,117,1,52,73,91,0,0,11,7,11630,2,382.0630749014455,4423858.357513327
756,1,1991,9,10,49991,9,1690192927.0,117,1,52,73,91,0,0,11,7,11630,2,382.0630749014455,4423858.357513327
757,1,1991,9,10,49991,9,1690192927.0,117,1,52,73,91,0,0,11,7,11630,2,382.0630749014455,4423858.357513327
758,1,1991,9,10,49991,9,1690192927.0,117,1,52,73,91,0,0,11,7,11630,2,382.0630749014455,4423858.357513327
759,1,2019,3,7,6646,0,991336132.0,72,0,45,27,33,82,0,14,4,1590,1,52.233902759526934,18978787.332125787
760,2,2021,9,3,5403,6,593917618.0,168,1,67,29,47,5,0,22,26,679,1,22.306176084099867,26625702.93360825
761,2,2021,11,11,755,4,200972675.0,94,1,52,68,69,13,0,33,8,610,1,20.039421813403415,10028865.94590164
762,1,2022,1,10,254,0,71014967.0,145,1,41,65,88,0,0,26,5,550,1,18.068331143232587,3930355.628145455
763,1,2022,1,10,254,0,71014967.0,145,1,41,65,88,0,0,26,5,550,1,18.068331143232587,3930355.628145455
764,2,2021,8,27,6308,5,560222750.0,134,1,71,14,61,1,0,23,33,686,1,22.536136662286463,24858863.71720117
765,1,2003,9,23,51979,15,1806617704.0,148,1,35,24,93,0,0,10,8,7234,1,237.6478318002628,7602079.473287256
766,1,2003,9,23,51979,15,1806617704.0,148,1,35,24,93,0,0,10,8,7234,1,237.6478318002628,7602079.473287256
767,1,2003,9,23,51979,15,1806617704.0,148,1,35,24,93,0,0,10,8,7234,1,237.6478318002628,7602079.473287256
768,1,2003,9,23,51979,15,1806617704.0,148,1,35,24,93,0,0,10,8,7234,1,237.6478318002628,7602079.473287256
769,1,2003,9,23,51979,15,1806617704.0,148,1,35,24,93,0,0,10,8,7234,1,237.6478318002628,7602079.473287256
770,1,2003,9,23,51979,15,1806617704.0,148,1,35,24,93,0,0,10,8,7234,1,237.6478318002628,7602079.473287256
771,1,2022,1,10,246,0,77337771.0,127,0,60,40,89,9,0,60,6,550,3,18.068331143232587,4280294.089527273
772,3,2021,6,24,6556,0,528544703.0,172,0,74,79,66,11,0,8,16,750,1,24.638633377135346,21451867.679093335
773,1,2019,11,7,5728,0,865640097.0,90,1,75,19,46,21,4,34,8,1345,6,44.185282522996054,19591140.931360595
774,2,2018,9,27,16636,12,2159346687.0,96,1,57,30,40,38,0,26,3,1751,1,57.52299605781866,37538842.462752715
775,1,2022,1,10,461,0,211372494.0,138,0,74,65,67,46,0,36,4,550,3,18.068331143232587,11698506.758836364
776,2,2021,4,28,4893,4,651732901.0,120,1,72,67,72,0,0,13,4,807,1,26.511169513797633,24583332.72173482
777,1,2021,7,9,1801,2,608334048.0,125,1,70,65,74,1,0,34,4,735,8,24.14586070959264,25194133.90628571
778,4,2021,1,15,12043,0,863756573.0,123,1,82,80,86,1,0,30,13,910,1,29.894875164257556,28893131.958373625
779,1,2021,4,9,4731,0,797402345.0,81,1,79,44,54,41,0,13,24,826,1,27.135348226018397,29386110.631719127
780,2,2002,5,26,22923,0,1695712020.0,171,1,55,10,85,7,0,8,20,7719,1,253.58081471747695,6687067.481383599
781,1,2019,9,20,9974,2,1759567999.0,91,1,77,60,32,84,0,8,5,1393,1,45.76215505913272,38450287.070753776
782,8,2021,8,12,1560,0,223319934.0,84,0,56,61,76,10,0,14,11,701,1,23.028909329829172,9697373.4535806
783,2,2022,1,7,620,0,54937991.0,115,0,90,74,54,16,0,13,28,553,1,18.166885676741128,3024073.1393128396
784,2,2021,12,29,3270,0,226897599.0,125,1,69,70,89,4,0,49,3,562,1,18.462549277266753,12289613.72519573
785,2,2021,10,14,580,0,258316038.0,122,0,80,62,69,28,0,13,7,638,1,20.9592641261498,12324671.154733544
786,2,2021,4,29,3406,16,596152090.0,92,1,85,92,54,16,0,29,7,806,1,26.47831800262812,22514726.575186104
787,3,2021,11,18,903,0,177129919.0,90,0,63,75,75,17,0,11,8,603,1,19.80946123521682,8941682.809883915
788,2,2022,2,10,6809,28,716591492.0,94,0,84,90,70,9,0,14,8,519,1,17.04993429697766,42028988.47105973
789,2,1999,1,1,33966,0,1210599487.0,93,1,81,53,78,18,0,6,24,8960,2,294.34954007884363,4112795.5786026786
790,1,2022,2,11,590,5,246376690.0,130,0,51,50,76,30,0,10,7,518,2,17.017082785808146,14478197.76756757
791,1,2022,2,11,3766,0,496311364.0,180,0,35,23,61,23,0,19,6,518,1,17.017082785808146,29165478.61034749
792,2,2022,2,11,1430,0,146789379.0,134,1,53,31,31,92,0,28,3,518,1,17.017082785808146,8626001.345096525
793,2,1999,1,1,31762,0,843309044.0,95,0,92,31,89,3,0,8,25,8960,2,294.34954007884363,2864991.886089286
794,1,2022,1,19,4049,0,500340342.0,184,1,69,91,63,11,0,9,31,541,2,17.772667542706962,28152236.61826248
795,3,2022,2,11,2096,0,107255472.0,147,0,47,50,80,10,0,32,38,518,1,17.017082785808146,6302811.906718147
796,2,2022,2,2,1175,0,135079152.0,123,1,52,44,60,40,0,26,3,527,1,17.31274638633377,7802294.851764706
797,1,2012,1,1,29499,11,822239726.0,123,0,91,49,61,3,0,17,22,4212,2,138.37056504599212,5942302.29331434
798,1,2002,1,1,30427,7,1202722675.0,90,0,90,79,71,26,0,7,37,7864,1,258.3442838370565,4655503.335071211
799,1,2022,2,4,2711,0,343197054.0,160,0,61,65,64,1,0,12,4,525,2,17.24704336399474,19898892.045257144
800,1,2013,8,16,4310,0,240769997.0,115,1,60,37,71,8,0,48,4,3619,1,118.88961892247043,2025155.7636584693
801,2,2019,8,4,5342,0,426204830.0,141,1,37,17,67,2,0,34,9,1440,1,47.30617608409987,9009496.545277778
802,1,2016,8,5,2393,0,421135627.0,160,1,31,30,88,7,0,8,8,2534,1,83.24572930354796,5058945.732391476
803,1,2019,10,4,3444,7,554875730.0,145,1,57,23,66,4,6,15,4,1379,7,45.302233902759525,12248308.35474982
804,1,2019,6,21,5443,0,467727006.0,89,0,46,43,43,23,8,8,22,1484,7,48.75164257555847,9594076.861617252
805,3,2020,7,24,272,4,327498031.0,95,0,84,49,72,8,0,15,8,1085,1,35.64388961892247,9188055.358193548
806,1,2021,12,10,975,0,185408548.0,160,1,60,47,62,3,0,38,4,581,2,19.08672798948751,9714003.788502583
807,7,2022,1,14,1034,1,245400167.0,174,0,67,74,75,44,0,7,30,546,1,17.936925098554532,13681284.035677657
808,3,1995,12,28,18773,0,579395142.0,92,1,77,76,84,3,0,38,4,10060,1,330.48620236530877,1753159.8531292249
809,2,1999,1,1,19067,0,675039469.0,134,1,93,61,74,9,0,17,8,8960,2,294.34954007884363,2293326.0531651787
810,2,2021,11,19,3541,2,252871192.0,172,0,31,4,86,1,0,28,17,602,1,19.776609724047304,12786377.216744186
811,1,2021,12,17,1492,0,231996128.0,80,1,76,92,62,6,0,8,13,574,2,18.85676741130092,12303069.92390244
812,1,2017,3,30,33206,1,1929770265.0,150,0,91,42,60,0,0,9,12,2297,12,75.45992115637318,25573446.611493256
813,2,1999,11,21,17115,0,918915401.0,80,0,78,53,74,4,0,45,21,8636,1,283.7056504599211,3238974.6186243636
814,2,2020,1,16,6955,0,1180896317.0,166,0,81,83,75,14,0,29,34,1275,1,41.88567674113009,28193320.697631378
815,1,2017,10,4,2742,0,498960285.0,120,1,67,8,54,27,0,8,4,2109,1,69.2838370565046,7201683.772119489
816,1,2020,2,29,4214,11,685071800.0,92,1,86,89,79,17,0,11,6,1231,19,40.44021024967148,16940361.97562957
817,1,2022,1,28,2026,0,258714692.0,85,0,74,61,52,30,0,26,9,532,1,17.47700394218134,14803148.918195488
818,2,2022,1,15,352,0,143139338.0,154,0,79,86,52,66,0,9,7,545,1,17.904073587385017,7994791.649027524
819,2,2021,10,22,1517,0,209768491.0,92,0,73,37,74,28,0,14,6,630,1,20.69645203679369,10135480.739746032
820,2,2022,2,11,847,0,64714573.0,140,1,89,75,70,6,0,13,5,518,2,17.017082785808146,3802918.150810811
821,1,2022,2,11,910,0,50746620.0,89,1,65,60,60,11,0,10,40,518,2,17.017082785808146,2982098.6733590737
822,1,2022,2,11,910,0,50746620.0,89,1,65,60,60,11,0,10,40,518,2,17.017082785808146,2982098.6733590737
823,1,2022,2,11,910,0,50746620.0,89,1,65,60,60,11,0,10,40,518,2,17.017082785808146,2982098.6733590737
824,1,2022,2,11,910,0,50746620.0,89,1,65,60,60,11,0,10,40,518,2,17.017082785808146,2982098.6733590737
825,1,2022,2,11,910,0,50746620.0,89,1,65,60,60,11,0,10,40,518,2,17.017082785808146,2982098.6733590737
826,1,2022,1,28,601,0,154119539.0,135,0,89,89,86,16,0,8,5,532,1,17.47700394218134,8818418.735263158
827,1,2021,11,19,1800,0,181328253.0,140,0,51,66,53,60,0,11,18,602,1,19.776609724047304,9168823.955681063
828,1,2015,7,24,1930,0,370068639.0,82,1,47,44,76,8,91,9,3,2912,1,95.66360052562418,3868437.284052198
829,1,2014,1,1,33032,0,2280566092.0,79,1,78,58,45,47,0,18,3,3481,9,114.35611038107751,19942669.302062627
830,1,2014,1,1,33032,0,2280566092.0,79,1,78,58,45,47,0,18,3,3481,9,114.35611038107751,19942669.302062627
831,1,2019,10,4,6332,0,563902868.0,88,1,31,31,63,47,27,21,12,1379,7,45.302233902759525,12447573.097839016
832,1,2021,12,24,509,9,317622165.0,139,1,44,18,38,70,0,12,4,567,1,18.626806833114323,17051884.837037038
833,1,2021,12,24,509,9,317622165.0,139,1,44,18,38,70,0,12,4,567,1,18.626806833114323,17051884.837037038
834,1,2021,12,24,509,9,317622165.0,139,1,44,18,38,70,0,12,4,567,1,18.626806833114323,17051884.837037038
835,1,2021,12,24,509,9,317622165.0,139,1,44,18,38,70,0,12,4,567,1,18.626806833114323,17051884.837037038
836,1,2021,12,24,509,9,317622165.0,139,1,44,18,38,70,0,12,4,567,1,18.626806833114323,17051884.837037038
837,1,2021,12,24,509,9,317622165.0,139,1,44,18,38,70,0,12,4,567,1,18.626806833114323,17051884.837037038
838,1,2021,12,24,509,9,317622165.0,139,1,44,18,38,70,0,12,4,567,1,18.626806833114323,17051884.837037038
839,1,2021,12,24,509,9,317622165.0,139,1,44,18,38,70,0,12,4,567,1,18.626806833114323,17051884.837037038
840,1,2021,12,24,509,9,317622165.0,139,1,44,18,38,70,0,12,4,567,1,18.626806833114323,17051884.837037038
841,1,2021,12,24,509,9,317622165.0,139,1,44,18,38,70,0,12,4,567,1,18.626806833114323,17051884.837037038
842,1,2021,12,24,509,9,317622165.0,139,1,44,18,38,70,0,12,4,567,1,18.626806833114323,17051884.837037038
843,1,2021,12,24,509,9,317622165.0,139,1,44,18,38,70,0,12,4,567,1,18.626806833114323,17051884.837037038
844,1,2021,12,24,509,9,317622165.0,139,1,44,18,38,70,0,12,4,567,1,18.626806833114323,17051884.837037038
845,1,2021,12,24,509,9,317622165.0,139,1,44,18,38,70,0,12,4,567,1,18.626806833114323,17051884.837037038
846,2,2022,1,14,971,2,291709698.0,124,0,73,68,83,55,0,90,7,546,1,17.936925098554532,16263082.79692308
847,1,2019,10,4,2578,0,203680270.0,80,0,39,45,55,73,0,9,21,1379,7,45.302233902759525,4496031.485714286
848,2,2022,2,4,1064,0,81350745.0,120,0,84,54,51,47,0,12,40,525,2,17.24704336399474,4716793.672
849,1,2019,10,4,3618,0,282883169.0,80,0,56,19,46,92,72,11,3,1379,7,45.302233902759525,6244353.636229152
850,2,2022,2,4,1040,0,64787943.0,117,1,92,62,86,11,0,24,24,525,2,17.24704336399474,3756466.6379428576
851,2,2019,6,19,15010,2,2484812918.0,117,0,76,77,52,4,0,8,3,1486,1,48.8173455978975,50900205.399676986
852,2,2019,5,16,4708,0,461437791.0,140,0,62,46,73,10,0,67,11,1520,3,49.93429697766097,9240898.91976316
853,1,2019,12,6,13454,1,1439191367.0,99,1,68,57,77,2,0,10,5,1316,17,43.232588699080154,33289502.44033435
854,2,2020,2,29,4890,20,759208783.0,93,1,74,59,87,3,0,8,5,1231,2,40.44021024967148,18773611.17345248
855,1,1991,9,24,9514,0,368646862.0,106,1,44,8,20,74,42,11,3,11616,2,381.60315374507223,966047.7340977964
856,1,1991,9,24,9514,0,368646862.0,106,1,44,8,20,74,42,11,3,11616,2,381.60315374507223,966047.7340977964
857,1,1991,9,24,9514,0,368646862.0,106,1,44,8,20,74,42,11,3,11616,2,381.60315374507223,966047.7340977964
858,1,1991,9,24,9514,0,368646862.0,106,1,44,8,20,74,42,11,3,11616,2,381.60315374507223,966047.7340977964
859,1,1991,9,24,9514,0,368646862.0,106,1,44,8,20,74,42,11,3,11616,2,381.60315374507223,966047.7340977964
860,1,1991,9,24,9514,0,368646862.0,106,1,44,8,20,74,42,11,3,11616,2,381.60315374507223,966047.7340977964
861,2,2022,3,11,3501,0,299634472.0,124,1,81,68,63,17,0,10,22,490,1,16.09724047306176,18614027.19934694
862,2,2022,3,4,6111,4,756907987.0,95,1,76,96,70,18,0,33,4,497,1,16.327201051248355,46358710.51162978
863,1,2022,1,21,5415,32,682475162.0,96,0,87,82,53,10,0,5,8,539,1,17.706964520367936,38542753.11925789
864,1,2021,11,11,4673,2,546191065.0,92,0,81,40,73,15,0,9,8,610,1,20.039421813403415,27255829.53868853
865,1,2022,3,3,1856,3,229473310.0,124,1,95,36,37,35,0,10,28,498,1,16.36005256241787,14026440.876305224
866,1,2022,3,3,1856,3,229473310.0,124,1,95,36,37,35,0,10,28,498,1,16.36005256241787,14026440.876305224
867,1,2022,3,3,1856,3,229473310.0,124,1,95,36,37,35,0,10,28,498,1,16.36005256241787,14026440.876305224
868,1,2022,3,3,1856,3,229473310.0,124,1,95,36,37,35,0,10,28,498,1,16.36005256241787,14026440.876305224
869,1,2022,3,3,1856,3,229473310.0,124,1,95,36,37,35,0,10,28,498,1,16.36005256241787,14026440.876305224
870,1,2022,3,3,1856,3,229473310.0,124,1,95,36,37,35,0,10,28,498,1,16.36005256241787,14026440.876305224
871,1,2022,3,3,1856,3,229473310.0,124,1,95,36,37,35,0,10,28,498,1,16.36005256241787,14026440.876305224
872,1,2022,3,3,1856,3,229473310.0,124,1,95,36,37,35,0,10,28,498,1,16.36005256241787,14026440.876305224
873,1,2022,3,3,1856,3,229473310.0,124,1,95,36,37,35,0,10,28,498,1,16.36005256241787,14026440.876305224
874,1,2022,3,3,1856,3,229473310.0,124,1,95,36,37,35,0,10,28,498,1,16.36005256241787,14026440.876305224
875,1,2022,3,3,1856,3,229473310.0,124,1,95,36,37,35,0,10,28,498,1,16.36005256241787,14026440.876305224
876,1,2022,3,3,1856,3,229473310.0,124,1,95,36,37,35,0,10,28,498,1,16.36005256241787,14026440.876305224
877,1,2022,3,3,1856,3,229473310.0,124,1,95,36,37,35,0,10,28,498,1,16.36005256241787,14026440.876305224
878,1,2022,3,3,1856,3,229473310.0,124,1,95,36,37,35,0,10,28,498,1,16.36005256241787,14026440.876305224
879,1,2022,3,3,1856,3,229473310.0,124,1,95,36,37,35,0,10,28,498,1,16.36005256241787,14026440.876305224
880,1,2022,3,3,1856,3,229473310.0,124,1,95,36,37,35,0,10,28,498,1,16.36005256241787,14026440.876305224
881,1,2022,3,3,1856,3,229473310.0,124,1,95,36,37,35,0,10,28,498,1,16.36005256241787,14026440.876305224
882,1,2022,3,3,1856,3,229473310.0,124,1,95,36,37,35,0,10,28,498,1,16.36005256241787,14026440.876305224
883,1,2022,3,3,1856,3,229473310.0,124,1,95,36,37,35,0,10,28,498,1,16.36005256241787,14026440.876305224
884,1,2022,3,3,1856,3,229473310.0,124,1,95,36,37,35,0,10,28,498,1,16.36005256241787,14026440.876305224
885,1,2022,3,3,1856,3,229473310.0,124,1,95,36,37,35,0,10,28,498,1,16.36005256241787,14026440.876305224
886,1,2022,3,3,1856,3,229473310.0,124,1,95,36,37,35,0,10,28,498,1,16.36005256241787,14026440.876305224
887,1,2022,3,3,200,2,202677468.0,72,1,64,76,44,70,9,12,4,498,1,16.36005256241787,12388558.485783134
888,1,2022,3,3,200,2,202677468.0,72,1,64,76,44,70,9,12,4,498,1,16.36005256241787,12388558.485783134
889,1,2022,3,3,200,2,202677468.0,72,1,64,76,44,70,9,12,4,498,1,16.36005256241787,12388558.485783134
890,1,2022,2,4,1888,0,121913181.0,71,0,28,26,20,19,0,30,3,525,7,17.24704336399474,7068642.34217143
891,2,2022,2,1,911,2,208166039.0,135,0,78,55,57,4,0,10,8,528,1,17.345597897503286,12001087.551439391
892,1,2004,5,4,2954,2,527033089.0,95,1,81,56,70,4,0,5,24,7010,1,230.2890932982917,2288571.644673324
893,2,2022,3,3,461,0,94616487.0,71,0,59,70,74,56,0,11,40,498,1,16.36005256241787,5783385.269638554
894,1,2021,4,30,2844,2,394030335.0,180,0,80,71,68,6,0,10,37,805,2,26.445466491458607,14899730.928447206
895,1,2022,2,18,2939,0,193443895.0,150,0,65,11,58,0,0,12,9,511,3,16.78712220762155,11523350.61409002
896,1,2022,2,18,695,11,299648208.0,189,1,55,86,44,40,0,7,4,511,1,16.78712220762155,17849885.4237182
897,1,2022,2,15,328,0,182978249.0,85,1,72,55,64,49,0,7,4,514,1,16.88567674113009,10836299.415486382
898,1,2022,2,15,328,0,182978249.0,85,1,72,55,64,49,0,7,4,514,1,16.88567674113009,10836299.415486382
899,1,2022,2,15,328,0,182978249.0,85,1,72,55,64,49,0,7,4,514,1,16.88567674113009,10836299.415486382
900,1,2022,2,15,328,0,182978249.0,85,1,72,55,64,49,0,7,4,514,1,16.88567674113009,10836299.415486382
901,1,2022,2,18,866,16,319757142.0,140,1,59,73,45,44,0,34,3,511,1,16.78712220762155,19047763.99702544
902,2,2013,7,16,1550,0,109091573.0,81,1,77,68,70,6,0,17,20,3650,1,119.90801576872536,909793.8307178082
903,2,2022,2,25,1729,0,153240879.0,104,0,80,24,65,2,0,9,4,504,1,16.557161629434955,9255262.612619048
904,1,2021,9,3,2005,0,346127840.0,129,1,42,33,44,62,0,8,6,679,2,22.306176084099867,15517130.264506629
905,1,2020,2,29,1188,0,312622938.0,94,0,76,81,80,20,0,25,4,1231,19,40.44021024967148,7730497.345832657
906,1,1975,10,31,40112,3,2197010679.0,71,0,41,23,40,27,0,30,5,17423,1,572.3718791064389,3838432.24868048
907,1,1975,10,31,40112,3,2197010679.0,71,0,41,23,40,27,0,30,5,17423,1,572.3718791064389,3838432.24868048
908,1,1975,10,31,40112,3,2197010679.0,71,0,41,23,40,27,0,30,5,17423,1,572.3718791064389,3838432.24868048
909,1,1975,10,31,40112,3,2197010679.0,71,0,41,23,40,27,0,30,5,17423,1,572.3718791064389,3838432.24868048
910,1,2018,3,16,3659,0,1200808494.0,146,0,59,23,46,66,0,15,6,1946,2,63.92904073587385,18783458.662569378
911,1,2020,3,27,9833,0,797196073.0,103,0,69,90,88,5,0,29,8,1204,3,39.55321944809461,20155023.639634553
912,1,2013,1,1,50887,34,1970673297.0,124,1,53,66,78,0,0,16,5,3846,2,126.34691195795006,15597320.634602183
913,1,2021,5,21,3257,0,665765558.0,164,0,70,71,58,24,0,7,13,784,7,25.755584756898816,25849366.818265308
914,1,2021,9,10,1473,0,263779030.0,138,1,69,35,57,12,0,10,9,672,2,22.07621550591327,11948562.013690475
915,1,2020,10,8,2226,0,339473453.0,126,0,67,37,46,13,0,10,39,1009,1,33.14717477003942,10241399.315480674
916,2,2017,2,22,23375,21,2204080728.0,103,0,61,47,65,3,0,17,4,2333,1,76.64257555847568,28757915.71381055
917,2,2016,5,31,28032,0,2591224264.0,95,1,75,64,52,41,0,11,3,2600,1,85.41392904073587,30337256.383138463
918,1,2022,2,22,290,0,135444283.0,200,0,39,28,77,4,0,6,29,507,1,16.655716162943495,8131999.94974359
919,2,2011,1,1,42798,0,1457139296.0,129,1,86,75,52,54,0,10,4,4577,1,150.36136662286464,9690915.483993884
920,2,2019,6,28,2605,0,236872197.0,98,0,68,33,43,38,0,36,14,1477,1,48.52168199737188,4881780.417522004
921,1,2022,4,8,8737,0,694525298.0,107,1,91,32,56,3,0,11,10,462,3,15.177398160315374,45760497.98943723
922,1,2022,3,23,1105,0,240661097.0,174,1,58,56,83,5,0,7,4,478,2,15.703022339027594,15325781.993054394
923,1,2022,2,17,2499,21,421365166.0,92,1,45,27,67,32,0,13,14,512,1,16.819973718791065,25051475.884843748
924,1,2022,2,17,2499,21,421365166.0,92,1,45,27,67,32,0,13,14,512,1,16.819973718791065,25051475.884843748
925,2,2022,3,25,2697,1,349746291.0,90,1,81,59,83,9,0,11,5,476,2,15.637319316688568,22366128.357226893
926,1,2022,3,31,2092,0,255120451.0,147,1,60,58,69,2,0,58,4,470,3,15.440210249671484,16523120.273276595
927,1,2022,4,1,1185,0,190981339.0,143,1,68,41,55,16,0,10,12,469,1,15.407358738501973,12395462.599488271
928,1,2015,1,11,11985,0,924193303.0,101,0,76,63,71,3,0,10,3,3106,1,102.03679369250985,9057451.430560209
929,1,2015,1,11,11985,0,924193303.0,101,0,76,63,71,3,0,10,3,3106,1,102.03679369250985,9057451.430560209
930,1,2015,1,11,11985,0,924193303.0,101,0,76,63,71,3,0,10,3,3106,1,102.03679369250985,9057451.430560209
931,1,2015,1,11,11985,0,924193303.0,101,0,76,63,71,3,0,10,3,3106,1,102.03679369250985,9057451.430560209
932,1,2015,1,11,11985,0,924193303.0,101,0,76,63,71,3,0,10,3,3106,1,102.03679369250985,9057451.430560209
933,1,2015,1,11,11985,0,924193303.0,101,0,76,63,71,3,0,10,3,3106,1,102.03679369250985,9057451.430560209
934,1,2015,1,11,11985,0,924193303.0,101,0,76,63,71,3,0,10,3,3106,1,102.03679369250985,9057451.430560209
935,1,2015,1,11,11985,0,924193303.0,101,0,76,63,71,3,0,10,3,3106,1,102.03679369250985,9057451.430560209
936,1,2015,1,11,11985,0,924193303.0,101,0,76,63,71,3,0,10,3,3106,1,102.03679369250985,9057451.430560209
937,1,2015,1,11,11985,0,924193303.0,101,0,76,63,71,3,0,10,3,3106,1,102.03679369250985,9057451.430560209
938,1,2015,1,11,11985,0,924193303.0,101,0,76,63,71,3,0,10,3,3106,1,102.03679369250985,9057451.430560209
939,1,2015,1,11,11985,0,924193303.0,101,0,76,63,71,3,0,10,3,3106,1,102.03679369250985,9057451.430560209
940,1,2015,1,11,11985,0,924193303.0,101,0,76,63,71,3,0,10,3,3106,1,102.03679369250985,9057451.430560209
941,1,2022,4,5,753,8,305771063.0,118,0,70,54,71,0,0,33,4,465,4,15.275952693823916,20016497.113376345
942,3,2022,3,18,2995,0,273005485.0,98,0,83,63,74,14,0,16,6,483,1,15.867279894875164,17205563.07122153
943,1,2022,4,6,225,0,89566512.0,138,0,72,22,46,24,0,9,6,464,2,15.2431011826544,5875872.03724138
944,1,2015,1,1,9243,0,677389855.0,114,0,59,30,62,1,0,8,4,3116,1,102.365308804205,6617377.1457638005
945,2,2022,4,7,918,0,75476209.0,180,0,63,45,64,34,0,9,8,463,1,15.210249671484888,4962193.956717063
946,1,2021,9,9,1959,9,408843328.0,145,1,56,41,57,1,0,13,3,673,2,22.109067017082783,18492111.29913819
947,3,2022,1,30,540,4,187772591.0,115,0,78,63,64,1,0,7,4,530,1,17.41130091984231,10784523.90573585
948,3,2022,3,31,859,0,178512385.0,82,1,79,48,84,13,0,21,23,470,1,15.440210249671484,11561525.530638298
949,1,2022,4,8,1116,0,101780047.0,166,1,70,22,61,2,0,10,34,462,2,15.177398160315374,6706027.3391342
950,3,2022,3,30,273,2,118381354.0,92,1,86,91,79,29,0,60,16,471,1,15.473061760841,7650803.430488323
951,1,2022,4,8,686,2,146363130.0,108,1,71,55,44,74,0,11,6,462,2,15.177398160315374,9643492.80779221
952,1,2022,3,25,226,0,126443991.0,84,0,71,63,45,45,0,11,3,476,1,15.637319316688568,8086040.096722689
953,1,2022,3,25,1264,0,157990698.0,95,0,69,90,91,6,0,35,4,476,2,15.637319316688568,10103438.754453782
954,4,2022,3,17,870,0,176290831.0,135,0,93,77,45,25,0,13,27,484,1,15.900131406044675,11087382.015785124
955,1,2019,12,13,7556,0,1023187129.0,110,1,57,6,27,84,0,9,3,1309,17,43.00262812089356,23793595.268724214
956,2,1996,11,24,1370,0,106933107.0,88,1,89,59,64,5,0,19,7,9728,1,319.5795006570302,334605.6514268092
957,1,2022,3,30,315,2,139193812.0,119,0,87,28,50,12,0,10,10,471,1,15.473061760841,8995880.333927814
958,1,2022,3,18,651,0,212234990.0,120,1,58,71,80,15,0,7,41,483,2,15.867279894875164,13375637.879089028
959,1,2016,9,23,12382,0,1714490998.0,122,1,86,97,80,36,0,9,6,2485,3,81.63600525624179,21001652.305480886
960,2,2022,3,18,625,0,197643795.0,98,1,78,83,75,41,0,27,8,483,1,15.867279894875164,12456060.289440991
961,1,2019,12,13,8429,1,807015863.0,140,0,45,25,84,21,0,13,6,1309,17,43.00262812089356,18766663.766019862
962,3,2013,1,1,52898,0,933815613.0,116,0,79,87,81,4,0,10,4,3846,1,126.34691195795006,7390885.922964119
963,1,2021,6,25,3436,0,499710590.0,124,1,86,62,49,51,0,35,21,749,6,24.60578186596583,20308665.36662216
964,6,2022,2,25,918,0,120847157.0,105,0,91,73,72,13,0,9,15,504,1,16.557161629434955,7298784.641031746
965,1,2022,4,5,181,0,53909146.0,118,1,68,24,58,44,0,6,3,465,1,15.275952693823916,3529020.224172043
966,1,2014,6,20,18778,3,2236667932.0,108,1,61,20,38,61,0,10,5,3311,9,108.77135348226018,20563023.8145817
967,1,2014,6,20,18778,3,2236667932.0,108,1,61,20,38,61,0,10,5,3311,9,108.77135348226018,20563023.8145817
968,1,2015,11,9,22730,5,2123309722.0,100,1,61,53,38,84,0,28,44,2804,3,92.11563731931668,23050480.71957204
969,1,2022,5,13,5542,0,301242089.0,140,0,81,39,66,38,0,12,14,427,12,14.027595269382392,21474962.972271662
970,1,2022,4,14,9021,0,723894473.0,109,0,84,72,74,10,0,34,7,456,3,14.98028909329829,48323131.04850878
971,3,2022,5,13,4627,0,237351106.0,101,0,78,40,74,36,0,17,27,427,1,14.027595269382392,16920298.985105388
972,1,2022,5,6,2229,0,461558540.0,78,1,56,61,90,36,0,18,31,434,19,14.257555847568987,32372907.736405533
973,1,2022,5,6,1112,6,417230415.0,93,0,79,22,55,31,0,12,5,434,19,14.257555847568987,29263810.67419355
974,1,2022,5,13,2575,0,156898322.0,87,1,52,32,83,24,0,17,43,427,12,14.027595269382392,11184976.39737705
975,2,2022,5,13,3107,0,127309180.0,153,0,55,50,78,19,0,11,35,427,1,14.027595269382392,9075623.9793911
976,1,2022,5,6,1179,0,313113297.0,142,1,87,93,59,28,0,17,5,434,19,14.257555847568987,21961218.342580646
977,1,2022,5,13,3486,0,173702135.0,96,0,85,41,43,39,0,12,21,427,12,14.027595269382392,12382887.562997658
978,2,2022,5,12,2942,0,271666301.0,125,1,50,39,78,4,0,11,33,428,1,14.060446780551905,19321313.557102803
979,1,2022,5,6,1443,0,305650299.0,85,1,71,43,65,23,0,9,5,434,19,14.257555847568987,21437776.73170507
980,2,2022,5,13,3028,0,123216717.0,140,0,92,78,57,46,0,14,9,427,1,14.027595269382392,8783880.247025762
981,2,2022,5,6,1796,8,479655659.0,196,0,66,58,79,23,0,22,20,434,1,14.257555847568987,33642207.97225807
982,1,2022,5,13,2729,0,126191104.0,134,1,78,51,43,69,0,14,9,427,12,14.027595269382392,8995918.514660422
983,2,2022,5,6,1195,0,344055883.0,103,0,80,45,62,76,0,10,38,434,1,14.257555847568987,24131477.139447007
984,1,2022,5,6,892,3,338422004.0,130,1,82,50,67,12,0,13,5,434,19,14.257555847568987,23736326.7321659
985,2,2022,5,13,1635,0,68895644.0,108,1,65,52,69,31,0,8,36,427,1,14.027595269382392,4911436.541826698
986,3,2022,5,13,2291,0,86176890.0,123,1,61,66,71,53,0,32,46,427,1,14.027595269382392,6143382.977985948
987,1,2022,5,6,1029,28,403231558.0,152,1,84,74,69,21,0,18,6,434,19,14.257555847568987,28281955.358341016
988,2,2022,5,6,1681,7,319546754.0,108,1,78,55,60,59,0,7,4,434,1,14.257555847568987,22412449.75059908
989,1,2022,5,13,1480,0,61739839.0,72,0,56,56,47,76,0,8,36,427,12,14.027595269382392,4401313.112786885
990,1,2022,5,6,829,0,283359161.0,121,0,86,67,65,42,0,35,7,434,19,14.257555847568987,19874315.347557604
991,3,2022,5,13,2308,0,76831876.0,138,0,57,71,82,19,0,15,29,427,1,14.027595269382392,5477195.09470726
992,1,2022,5,6,1004,1,283332261.0,188,0,50,41,50,69,0,12,6,434,19,14.257555847568987,19872428.628663596
993,2,2022,2,14,1367,0,307752576.0,110,1,80,26,85,23,0,11,21,515,1,16.918528252299605,18190268.763961166
994,1,2022,5,6,1112,3,279737940.0,105,1,81,77,79,19,0,47,8,434,19,14.257555847568987,19620329.24792627
995,1,2022,5,6,1209,0,212351890.0,118,1,63,60,70,5,0,9,31,434,19,14.257555847568987,14893989.704147466
996,2,2019,5,31,9539,15,1304313953.0,176,1,61,24,62,60,0,24,31,1505,1,49.44152431011826,26380941.348385382
997,1,2022,5,6,1992,0,150500965.0,158,1,83,41,65,0,10,11,8,434,3,14.257555847568987,10555874.135023044
998,1,2022,5,6,897,0,246127838.0,115,0,85,72,58,9,0,49,12,434,19,14.257555847568987,17262975.550046083
999,1,2016,1,15,2948,0,582863434.0,110,0,51,48,82,0,0,5,3,2737,1,89.91458607095926,6482412.470208257
1000,2,2022,5,13,1860,0,58687425.0,174,1,73,26,54,30,0,34,32,427,1,14.027595269382392,4183712.451990632
1001,2,2022,4,29,802,0,212109195.0,130,1,91,91,96,3,0,3,9,441,1,14.487516425755585,14640825.160544218
1002,1,2022,4,29,2224,8,382199619.0,78,1,36,30,54,34,0,14,5,441,1,14.487516425755585,26381307.034829933
1003,1,2022,5,13,1103,0,41210087.0,104,1,44,74,42,88,0,9,9,427,12,14.027595269382392,2937786.998313817
1004,1,2022,5,13,2265,0,231657891.0,121,1,64,80,88,0,0,12,6,427,4,14.027595269382392,16514440.754192038
1005,1,2022,3,10,555,0,53729194.0,105,1,83,32,82,14,0,12,4,491,1,16.130091984231274,3330991.1718126275
1006,1,2022,4,22,2050,0,244741137.0,81,1,38,20,66,9,0,9,8,448,2,14.71747700394218,16629286.183660716
1007,1,2022,5,13,1493,0,42485571.0,170,0,37,14,24,80,0,11,4,427,12,14.027595269382392,3028713.7733957847
1008,1,2022,5,13,1545,0,37778188.0,78,1,43,60,38,76,1,48,38,427,12,14.027595269382392,2693133.589508197
1009,1,2022,4,29,2350,0,254218729.0,125,1,88,28,66,6,0,13,31,441,2,14.487516425755585,17547433.357732426
1010,1,2022,4,29,2350,0,254218729.0,125,1,88,28,66,6,0,13,31,441,2,14.487516425755585,17547433.357732426
1011,1,2022,4,29,2350,0,254218729.0,125,1,88,28,66,6,0,13,31,441,2,14.487516425755585,17547433.357732426
1012,1,2022,4,29,2350,0,254218729.0,125,1,88,28,66,6,0,13,31,441,2,14.487516425755585,17547433.357732426
1013,1,2022,4,29,2350,0,254218729.0,125,1,88,28,66,6,0,13,31,441,2,14.487516425755585,17547433.357732426
1014,1,2022,5,13,1929,0,53603447.0,92,0,66,29,65,23,0,8,7,427,12,14.027595269382392,3821285.542576112
1015,1,2022,4,22,710,4,160035717.0,140,0,84,61,42,31,0,9,9,448,1,14.71747700394218,10873855.414017858
1016,1,2022,4,22,710,4,160035717.0,140,0,84,61,42,31,0,9,9,448,1,14.71747700394218,10873855.414017858
1017,1,2022,4,22,710,4,160035717.0,140,0,84,61,42,31,0,9,9,448,1,14.71747700394218,10873855.414017858
1018,1,2022,4,22,710,4,160035717.0,140,0,84,61,42,31,0,9,9,448,1,14.71747700394218,10873855.414017858
1019,1,2022,4,22,710,4,160035717.0,140,0,84,61,42,31,0,9,9,448,1,14.71747700394218,10873855.414017858
1020,1,2022,4,22,710,4,160035717.0,140,0,84,61,42,31,0,9,9,448,1,14.71747700394218,10873855.414017858
1021,1,2022,4,22,710,4,160035717.0,140,0,84,61,42,31,0,9,9,448,1,14.71747700394218,10873855.414017858
1022,2,2022,4,25,928,0,164163229.0,96,1,61,32,90,25,0,10,9,445,1,14.61892247043364,11229502.675865168
1023,1,2022,5,13,1194,0,37091576.0,118,0,66,83,43,84,0,19,19,427,12,14.027595269382392,2644186.3546604216
1024,2,2022,2,6,349,6,284249832.0,92,0,71,67,60,7,0,6,4,523,1,17.181340341655716,16544101.120611856
1025,2,2022,5,13,1890,0,33381454.0,140,0,49,50,37,87,0,11,35,427,1,14.027595269382392,2379698.968992974
1026,2,2022,4,1,1308,2,184622518.0,174,1,68,45,71,18,0,11,25,469,1,15.407358738501973,11982749.355906185
1027,2,2022,1,26,4531,0,300983101.0,127,1,77,53,78,19,0,29,4,534,1,17.542706964520367,17157164.034531835
1028,2,2022,5,6,1657,0,121077868.0,96,1,71,37,52,62,0,11,36,434,1,14.257555847568987,8492189.635760369
1029,2,2022,4,29,1351,0,106919680.0,150,0,82,82,66,13,0,11,6,441,1,14.487516425755585,7380124.85079365
1030,1,2022,4,13,608,0,136996305.0,100,1,87,46,60,1,0,13,16,457,1,15.013140604467806,9125093.050765865
1031,1,2022,4,13,608,0,136996305.0,100,1,87,46,60,1,0,13,16,457,1,15.013140604467806,9125093.050765865
1032,1,2022,4,13,608,0,136996305.0,100,1,87,46,60,1,0,13,16,457,1,15.013140604467806,9125093.050765865
1033,1,2022,4,13,608,0,136996305.0,100,1,87,46,60,1,0,13,16,457,1,15.013140604467806,9125093.050765865
1034,1,2022,4,13,608,0,136996305.0,100,1,87,46,60,1,0,13,16,457,1,15.013140604467806,9125093.050765865
1035,1,2021,12,24,1211,0,65719930.0,105,0,73,59,81,13,0,9,6,567,1,18.626806833114323,3528244.5664903
1036,1,2021,12,24,1211,0,65719930.0,105,0,73,59,81,13,0,9,6,567,1,18.626806833114323,3528244.5664903
1037,1,2021,12,24,1211,0,65719930.0,105,0,73,59,81,13,0,9,6,567,1,18.626806833114323,3528244.5664903
1038,1,2022,5,2,629,0,229497852.0,104,1,86,43,62,5,0,13,14,438,2,14.388961892247044,15949576.746301372
1039,1,2022,3,23,1301,0,185550869.0,154,1,54,45,79,1,0,17,5,478,1,15.703022339027594,11816251.99238494
1040,1,2022,2,22,1329,0,54682594.0,80,1,47,33,83,18,0,10,5,507,1,16.655716162943495,3283112.744299803
1041,2,2022,4,24,343,2,240580042.0,150,1,53,14,43,64,0,13,3,446,1,14.651773981603151,16419857.575067263
1042,1,1998,3,31,13101,9,1284942608.0,156,0,32,49,72,0,0,9,4,9236,1,303.41655716162944,4234912.623161541
1043,1,2022,5,8,2939,0,71423324.0,98,0,76,79,81,18,0,6,34,432,12,14.19185282522996,5032699.033703704
1044,1,2019,11,7,407,1,244891912.0,92,1,58,27,36,86,0,9,3,1345,1,44.185282522996054,5542386.46935316
1045,1,2022,5,6,1492,0,132171975.0,144,1,47,7,50,32,0,7,4,434,34,14.257555847568987,9270310.87327189
1046,1,2017,10,20,2264,0,184706613.0,150,1,37,27,56,8,0,13,3,2093,1,68.75821287779237,2686320.735652174
1047,1,2021,8,9,801,0,184826429.0,138,1,70,31,44,84,0,9,39,704,1,23.127463863337713,7991642.7539204545
1048,1,2022,6,10,829,0,302006641.0,172,1,56,68,89,4,0,33,19,399,8,13.107752956636006,23040306.14546366
1049,1,2022,6,10,736,0,330881149.0,77,1,72,70,82,2,0,4,17,399,8,13.107752956636006,25243163.34726817
1050,1,2022,5,20,4449,1,334733572.0,107,1,72,36,72,26,6,11,4,420,17,13.797634691195794,24260214.12304762
1051,1,2022,5,20,3218,3,366214458.0,114,1,51,39,29,90,0,10,4,420,17,13.797634691195794,26541828.81314286
1052,1,2022,6,10,327,0,114546317.0,117,1,63,29,51,43,0,25,4,399,8,13.107752956636006,8738821.778145364
1053,1,2022,5,20,2775,0,290833204.0,146,1,69,63,45,48,0,18,4,420,17,13.797634691195794,21078482.689904764
1054,1,2022,5,6,4576,0,448500832.0,160,0,80,74,60,8,0,14,26,434,6,14.257555847568987,31457062.963317975
1055,4,2022,6,10,2313,0,136676504.0,120,1,88,15,56,1,0,8,6,399,1,13.107752956636006,10427149.82897243
1056,3,2022,5,27,3983,0,190625045.0,100,0,82,76,70,16,0,8,5,413,1,13.5676741130092,14049942.78401937
1057,1,2022,6,10,279,0,79095270.0,158,0,60,68,84,4,0,24,11,399,8,13.107752956636006,6034235.636090226
1058,1,2022,5,20,2302,0,273194684.0,142,1,56,40,54,72,0,10,4,420,17,13.797634691195794,19800109.954666667
1059,4,2022,5,20,3559,3,333146475.0,170,0,80,77,85,11,0,17,14,420,1,13.797634691195794,24145187.37857143
1060,2,2022,5,27,2129,0,194902696.0,84,0,71,39,86,2,0,51,25,413,1,13.5676741130092,14365225.341985472
1061,1,2022,5,20,3291,5,311482393.0,139,1,58,30,46,14,0,9,3,420,17,13.797634691195794,22575057.24504762
1062,1,1982,1,1,5328,0,195918494.0,151,1,73,88,67,20,0,32,5,15169,1,498.32457293035475,393154.39101852465
1063,2,2022,6,8,1401,0,248511839.0,128,0,82,42,75,6,0,63,6,401,1,13.173455978975031,18864589.474214464
1064,1,2022,5,20,1933,0,233671263.0,118,1,56,20,54,67,0,6,5,420,17,13.797634691195794,16935602.966000002
1065,1,2022,5,20,1986,0,199587884.0,183,1,65,88,72,36,14,20,3,420,17,13.797634691195794,14465369.49752381
1066,1,2022,6,9,1057,0,91781263.0,83,0,63,29,62,4,0,18,4,400,1,13.140604467805518,6984554.1143000005
1067,2,2022,2,18,5115,13,383835984.0,122,1,85,42,80,6,0,17,14,511,1,16.78712220762155,22864906.75726027
1068,1,2022,5,20,2094,1,236060709.0,165,1,72,90,48,32,0,18,23,420,17,13.797634691195794,17108780.90942857
1069,1,2022,5,20,2171,0,189236868.0,106,0,83,90,64,35,5,9,4,420,17,13.797634691195794,13715167.290285716
1070,2,2022,5,25,896,0,160845341.0,77,1,81,68,58,83,0,11,34,415,1,13.633377135348226,11797908.867566263
1071,1,2014,1,1,5148,0,588955257.0,91,1,57,30,89,10,0,33,8,3481,1,114.35611038107751,5150186.160034473
1072,1,2022,5,3,2528,0,238350348.0,148,1,51,21,63,5,0,41,3,437,2,14.35611038107753,16602710.739405034
1073,1,2022,5,20,1900,1,187703102.0,114,0,71,90,81,31,2,13,3,420,17,13.797634691195794,13604005.77352381
1074,2,2022,6,10,3879,2,295307001.0,120,0,91,63,77,12,1,10,5,399,1,13.107752956636006,22529185.740451127
1075,2,2022,6,2,896,0,138334433.0,92,1,83,56,82,10,0,9,5,407,1,13.370565045992116,10346191.991449632
1076,1,2016,11,10,8775,0,445590495.0,118,1,56,25,45,1,3,7,3,2437,1,80.05913272010513,5565767.200574477
1077,3,2022,3,18,5290,0,286739476.0,123,0,60,46,71,3,0,16,4,483,1,15.867279894875164,18071117.28662526
1078,1,2018,9,12,10211,0,1122364376.0,89,1,52,28,48,54,1,19,3,1766,3,58.01576872536136,19345850.28620612
1079,1,2018,9,12,10211,0,1122364376.0,89,1,52,28,48,54,1,19,3,1766,3,58.01576872536136,19345850.28620612
1080,1,2022,6,2,584,8,157136970.0,110,0,81,61,93,49,0,12,11,407,2,13.370565045992116,11752455.446683047
1081,1,2022,5,20,1517,0,137070925.0,118,1,42,32,20,94,0,11,4,420,17,13.797634691195794,9934378.46904762
1082,1,2021,5,15,246,4,183273246.0,90,0,68,54,76,21,0,11,20,790,1,25.952693823915897,7061819.757265824
1083,1,2022,5,13,220,4,184807630.0,130,1,49,14,40,82,0,11,3,427,1,14.027595269382392,13174576.7147541
1084,1,2022,5,13,514,0,164856284.0,154,0,70,97,62,47,0,10,4,427,1,14.027595269382392,11752284.039718969
1085,1,1986,3,3,6080,0,704171068.0,105,0,54,59,83,0,44,20,4,13647,1,448.3245729303548,1570672.478194475
1086,1,2022,6,21,9724,0,354614964.0,115,0,70,87,88,4,0,26,8,388,3,12.746386333771351,27820823.4643299
1087,5,2022,6,16,2341,0,279717388.0,110,1,91,59,82,8,0,6,8,393,1,12.91064388961892,21665641.961119596
1088,1,2022,6,17,5263,0,195628667.0,125,0,51,5,68,12,2,15,6,392,4,12.877792378449408,15191164.855816329
1089,1,2022,6,17,5263,0,195628667.0,125,0,51,5,68,12,2,15,6,392,4,12.877792378449408,15191164.855816329
1090,1,2022,6,17,5263,0,195628667.0,125,0,51,5,68,12,2,15,6,392,4,12.877792378449408,15191164.855816329
1091,1,2022,6,17,5263,0,195628667.0,125,0,51,5,68,12,2,15,6,392,4,12.877792378449408,15191164.855816329
1092,1,2022,6,10,2402,0,221752937.0,102,1,73,62,75,0,0,34,8,399,1,13.107752956636006,16917692.73754386
1093,1,2022,2,6,795,11,263280370.0,120,0,81,72,65,4,0,14,4,523,1,17.181340341655716,15323622.299808796
1094,1,2022,2,6,795,11,263280370.0,120,0,81,72,65,4,0,14,4,523,1,17.181340341655716,15323622.299808796
1095,1,2022,2,6,795,11,263280370.0,120,0,81,72,65,4,0,14,4,523,1,17.181340341655716,15323622.299808796
1096,1,2022,2,6,795,11,263280370.0,120,0,81,72,65,4,0,14,4,523,1,17.181340341655716,15323622.299808796
1097,1,2022,6,24,571,0,213505179.0,97,1,80,36,86,4,0,3,5,385,1,12.64783180026281,16880773.11366234
1098,2,2022,3,24,832,3,130419412.0,140,0,44,41,92,0,0,44,7,477,1,15.67017082785808,8322781.763689728
1099,1,2022,7,1,565,0,155795783.0,97,1,78,31,72,1,0,11,4,378,1,12.417871222076217,12546094.27121693
1100,1,1987,1,1,41231,1,1553497987.0,125,1,45,67,90,9,11,10,5,13343,1,438.33771353482257,3544066.4561402984
1101,1,2022,5,12,4526,12,293466523.0,88,0,80,55,56,13,0,8,9,428,2,14.060446780551905,20871777.94420561
1102,1,2022,3,19,1818,0,711366595.0,170,1,56,52,64,11,0,45,7,482,2,15.83442838370565,44925309.44356847
1103,1,2022,6,17,2814,0,191448892.0,137,0,88,8,49,9,0,9,14,392,4,12.877792378449408,14866592.531836735
1104,1,2022,6,17,2814,0,191448892.0,137,0,88,8,49,9,0,9,14,392,4,12.877792378449408,14866592.531836735
1105,1,2022,6,17,2814,0,191448892.0,137,0,88,8,49,9,0,9,14,392,4,12.877792378449408,14866592.531836735
1106,1,2022,6,17,2814,0,191448892.0,137,0,88,8,49,9,0,9,14,392,4,12.877792378449408,14866592.531836735
1107,3,2022,7,1,1601,0,85924992.0,157,1,88,52,69,0,0,8,23,378,1,12.417871222076217,6919462.318730159
1108,3,2022,6,3,894,4,176103902.0,130,1,95,83,57,54,0,10,25,406,1,13.3377135348226,13203455.11546798
1109,3,2022,7,6,945,0,121189256.0,90,1,85,80,83,10,0,8,11,373,1,12.253613666228643,9890082.982949063
1110,1,2022,6,24,767,0,131746175.0,183,0,44,44,67,7,0,12,13,385,1,12.64783180026281,10416502.771428572
1111,1,2022,5,2,5898,5,244790012.0,128,1,58,68,91,2,0,27,11,438,1,14.388961892247044,17012346.952694066
1112,3,2022,6,10,685,2,129314708.0,130,0,71,78,40,46,0,7,45,399,1,13.107752956636006,9865513.061453631
1113,1,2022,8,4,1452,35,331511413.0,126,1,63,56,43,24,0,12,23,344,1,11.300919842312746,29334905.266627908
1114,3,2022,8,5,1456,0,219196651.0,120,1,77,94,87,2,0,23,12,343,1,11.268068331143231,19452903.95463557
1115,3,2022,8,5,2107,0,170732845.0,130,0,72,18,46,7,0,28,8,343,1,11.268068331143231,15151917.789504375
1116,1,2020,12,18,1494,2,273914335.0,122,1,70,46,76,30,0,9,45,938,1,30.814717477003946,8889075.007889125
1117,1,2022,8,5,1379,4,179061440.0,172,0,74,46,58,15,0,13,8,343,8,11.268068331143231,15891050.24373178
1118,1,2022,7,20,625,4,185236961.0,103,1,61,38,62,14,0,23,40,359,2,11.793692509855452,15706443.155543176
1119,1,2022,7,29,2688,0,171788484.0,122,0,55,46,64,0,0,17,10,350,3,11.498028909329827,14940689.8656
1120,1,2019,9,13,2668,2,387080183.0,130,1,47,56,90,0,0,10,4,1400,1,45.99211563731931,8416229.1218
1121,1,2019,9,13,2668,2,387080183.0,130,1,47,56,90,0,0,10,4,1400,1,45.99211563731931,8416229.1218
1122,1,2019,9,13,2668,2,387080183.0,130,1,47,56,90,0,0,10,4,1400,1,45.99211563731931,8416229.1218
1123,1,2019,9,13,2668,2,387080183.0,130,1,47,56,90,0,0,10,4,1400,1,45.99211563731931,8416229.1218
1124,1,2019,9,13,2668,2,387080183.0,130,1,47,56,90,0,0,10,4,1400,1,45.99211563731931,8416229.1218
1125,1,2019,9,13,2668,2,387080183.0,130,1,47,56,90,0,0,10,4,1400,1,45.99211563731931,8416229.1218
1126,1,2019,9,13,2668,2,387080183.0,130,1,47,56,90,0,0,10,4,1400,1,45.99211563731931,8416229.1218
1127,1,2019,9,13,2668,2,387080183.0,130,1,47,56,90,0,0,10,4,1400,1,45.99211563731931,8416229.1218
1128,1,2019,9,13,2668,2,387080183.0,130,1,47,56,90,0,0,10,4,1400,1,45.99211563731931,8416229.1218
1129,1,2019,9,13,2668,2,387080183.0,130,1,47,56,90,0,0,10,4,1400,1,45.99211563731931,8416229.1218
1130,1,2019,9,13,2668,2,387080183.0,130,1,47,56,90,0,0,10,4,1400,1,45.99211563731931,8416229.1218
1131,1,2019,9,13,2668,2,387080183.0,130,1,47,56,90,0,0,10,4,1400,1,45.99211563731931,8416229.1218
1132,1,2019,9,13,2668,2,387080183.0,130,1,47,56,90,0,0,10,4,1400,1,45.99211563731931,8416229.1218
1133,1,2019,9,13,2668,2,387080183.0,130,1,47,56,90,0,0,10,4,1400,1,45.99211563731931,8416229.1218
1134,1,2019,9,13,2668,2,387080183.0,130,1,47,56,90,0,0,10,4,1400,1,45.99211563731931,8416229.1218
1135,1,2019,9,13,2668,2,387080183.0,130,1,47,56,90,0,0,10,4,1400,1,45.99211563731931,8416229.1218
1136,1,2019,9,13,2668,2,387080183.0,130,1,47,56,90,0,0,10,4,1400,1,45.99211563731931,8416229.1218
1137,1,2019,9,13,2668,2,387080183.0,130,1,47,56,90,0,0,10,4,1400,1,45.99211563731931,8416229.1218
1138,1,2019,9,13,2668,2,387080183.0,130,1,47,56,90,0,0,10,4,1400,1,45.99211563731931,8416229.1218
1139,1,2022,8,1,799,12,264717480.0,105,0,81,70,65,24,0,8,4,347,6,11.399474375821288,23221902.280115277
1140,1,2022,3,11,1189,6,244928911.0,120,1,90,73,51,39,0,9,6,490,1,16.09724047306176,15215583.77722449
1141,1,2022,7,12,367,0,97610446.0,145,1,56,43,53,24,0,12,4,367,1,12.056504599211562,8096081.679128067
1142,2,2022,7,22,527,4,287278853.0,99,0,79,64,59,28,0,11,14,357,1,11.727989487516425,24495149.25859944
1143,1,2008,1,1,17504,34,887906111.0,88,0,79,66,65,5,0,25,14,5673,3,186.36662286465176,4764297.905665433
1144,4,2022,7,15,3113,0,123473120.0,126,1,81,90,73,28,0,29,4,364,1,11.957950065703022,10325609.265934069
1145,2,2022,8,15,685,5,295152154.0,136,1,77,71,75,33,1,13,4,333,1,10.939553219448094,26980274.97825826
1146,2,2022,2,18,782,9,323455692.0,113,1,70,97,59,55,0,27,12,511,1,16.78712220762155,19268084.66630137
1147,3,2022,6,16,2442,0,240918092.0,132,1,82,49,88,20,0,21,3,393,1,12.91064388961892,18660424.22513995
1148,3,2022,5,20,1112,4,191873381.0,135,1,77,74,74,47,0,34,8,420,1,13.797634691195794,13906251.708666667
1149,2,2017,11,10,4967,0,284216603.0,126,1,67,49,77,11,0,19,11,2072,1,68.06833114323258,4175460.132876448
1150,1,2022,9,9,2520,4,239411309.0,102,0,67,72,74,30,0,36,4,308,3,10.11826544021025,23661299.49987013
1151,1,2022,8,22,767,12,265548837.0,125,1,68,80,92,10,0,9,12,326,4,10.709592641261498,24795419.013128836
1152,1,2013,1,1,19806,7,703301727.0,149,1,37,28,66,14,0,9,5,3846,3,126.34691195795006,5566433.845522622
1153,2,2022,6,15,5153,6,244585109.0,137,1,74,71,89,24,61,15,5,394,1,12.943495400788436,18896372.380609136
1154,1,2022,8,26,615,0,189476119.0,120,0,77,78,91,14,0,33,12,322,2,10.578186596583445,17911966.032173913
1155,1,2022,1,20,2537,0,277132266.0,100,1,90,75,50,11,0,9,26,540,1,17.73981603153745,15622048.476
1156,1,2022,6,3,1647,30,278920007.0,164,0,70,58,57,25,0,15,7,406,8,13.3377135348226,20912130.57408867
1157,1,2022,6,10,2019,8,222410722.0,93,0,65,79,66,31,0,22,7,399,1,13.107752956636006,16967875.63328321
1158,1,2022,9,13,1473,12,185392587.0,180,0,65,52,80,5,0,6,25,304,8,9.986859395532194,18563652.46144737
1159,1,2022,7,15,1613,0,202452860.0,79,1,34,22,31,43,63,10,7,364,3,11.957950065703022,16930398.51208791
1160,1,2022,7,15,1613,0,202452860.0,79,1,34,22,31,43,63,10,7,364,3,11.957950065703022,16930398.51208791
1161,1,2002,8,5,30992,6,1608164312.0,146,1,56,21,44,73,0,11,2,7648,3,251.2483574244415,6400695.823389121
1162,1,2000,7,10,10826,4,624101957.0,103,1,37,17,27,75,5,10,3,8404,3,276.08409986859397,2260550.163146121
1163,1,2022,9,2,920,0,148461629.0,140,0,70,26,76,8,0,54,23,315,2,10.348226018396844,14346577.735746032
1164,2,2022,9,13,308,0,47093942.0,92,1,81,48,70,13,0,15,7,304,2,9.986859395532194,4715590.77131579
1165,1,2016,6,23,2468,0,380319238.0,102,0,64,4,60,11,0,19,4,2577,1,84.65834428383705,4492401.088366318
1166,2,2022,7,22,1097,2,209106362.0,118,0,82,75,85,33,1,11,4,357,1,11.727989487516425,17829685.320112046
1167,1,2022,9,13,330,0,53987404.0,93,1,78,75,62,6,0,15,6,304,8,9.986859395532194,5405844.005789474
1168,1,2022,6,23,1584,0,115331792.0,150,0,70,26,56,14,83,11,5,386,1,12.680683311432324,9095077.068601036
1169,1,2022,10,7,1585,5,225093344.0,130,1,52,24,60,0,0,8,3,280,4,9.198423127463863,24470862.112
1170,2,2022,10,14,766,0,84697729.0,83,0,65,24,53,6,0,51,4,273,1,8.968462549277266,9443951.907545788
1171,4,2022,8,18,836,0,159240673.0,102,1,84,43,75,5,0,6,8,330,1,10.840998685939551,14688745.715515152
1172,1,2022,10,17,430,6,170709584.0,136,0,73,65,91,4,0,48,18,270,2,8.869908015768726,19245924.951703705
1173,1,1982,5,16,2020,0,154356956.0,145,1,66,24,58,17,0,19,5,15034,1,493.8896189224704,312533.30721298396
1174,1,2018,11,21,6858,0,723043854.0,130,1,57,24,37,11,18,16,3,1696,1,55.7161629434954,12977272.945613207
1175,1,2022,7,14,3682,6,247689123.0,156,1,72,92,77,9,0,8,11,365,3,11.990801576872537,20656594.257863015
1176,1,2022,9,29,1639,0,176474912.0,123,1,57,50,85,5,0,16,4,288,9,9.461235216819974,18652417.782222223
1177,1,2022,9,29,1639,0,176474912.0,123,1,57,50,85,5,0,16,4,288,9,9.461235216819974,18652417.782222223
1178,1,2022,9,16,452,10,235549288.0,132,1,92,53,62,7,0,63,10,301,3,9.888304862023652,23820997.76318937
1179,2,2020,12,18,668,1,140430339.0,125,0,49,13,74,0,0,9,4,938,1,30.814717477003946,4557248.954328358
1180,1,2022,10,14,991,0,85559365.0,162,0,74,22,67,0,0,11,46,273,2,8.968462549277266,9540025.8996337
1181,3,2022,9,22,869,7,146223492.0,138,1,80,82,81,14,0,13,36,295,1,9.69119579500657,15088281.682983052
1182,3,2022,7,1,648,4,187701588.0,161,0,59,62,60,12,0,5,44,378,1,12.417871222076217,15115440.04952381
1183,2,2022,11,4,1545,0,154863153.0,131,0,91,23,55,1,0,7,32,252,8,8.278580814717477,18706485.624285713
1184,3,2022,11,4,1930,0,191333656.0,122,0,75,45,63,6,0,35,12,252,1,8.278580814717477,23111890.827936508
1185,1,2022,10,21,1948,0,253650850.0,80,0,80,16,28,17,0,12,39,266,34,8.73850197109067,29026811.55639098
1186,1,2022,10,21,1608,0,223064273.0,109,1,75,11,50,20,0,30,17,266,34,8.73850197109067,25526603.27112782
1187,2,2022,11,4,1338,0,170413877.0,158,1,84,33,36,2,0,39,59,252,8,8.278580814717477,20584914.34873016
1188,1,2022,10,21,1936,0,218320587.0,126,1,66,12,35,55,0,9,14,266,34,8.73850197109067,24983754.392030075
1189,2,2022,11,4,1794,0,141720999.0,104,1,73,25,61,1,0,32,7,252,8,8.278580814717477,17118996.863333333
1190,1,2022,10,21,1597,0,187339835.0,110,1,48,15,31,80,22,12,4,266,34,8.73850197109067,21438438.260902256
1191,2,2022,11,4,1652,2,198365537.0,130,1,77,20,70,1,0,16,5,252,8,8.278580814717477,23961297.405873016
1192,1,2022,10,21,1747,0,186104310.0,177,1,34,39,16,97,0,12,5,266,34,8.73850197109067,21297049.610526316
1193,1,2022,10,21,1715,0,177503916.0,158,1,48,55,84,43,0,15,12,266,34,8.73850197109067,20312854.146766916
1194,2,2022,11,4,486,0,71095708.0,114,0,62,25,44,51,33,14,3,252,1,8.278580814717477,8587910.125079365
1195,2,2022,11,4,1007,0,112436403.0,144,1,93,62,61,0,0,12,20,252,8,8.278580814717477,13581603.60047619
1196,1,2022,10,28,481,9,203436468.0,125,1,54,22,76,0,0,14,3,259,1,8.508541392904073,23909676.00741313
1197,1,2022,10,28,481,9,203436468.0,125,1,54,22,76,0,0,14,3,259,1,8.508541392904073,23909676.00741313
1198,1,2022,10,28,481,9,203436468.0,125,1,54,22,76,0,0,14,3,259,1,8.508541392904073,23909676.00741313
1199,1,2022,11,4,1045,0,93367537.0,142,0,85,40,43,4,0,39,32,252,4,8.278580814717477,11278205.65984127
1200,1,2022,11,4,1045,0,93367537.0,142,0,85,40,43,4,0,39,32,252,4,8.278580814717477,11278205.65984127
1201,1,2022,11,4,1045,0,93367537.0,142,0,85,40,43,4,0,39,32,252,4,8.278580814717477,11278205.65984127
1202,1,2022,11,4,1045,0,93367537.0,142,0,85,40,43,4,0,39,32,252,4,8.278580814717477,11278205.65984127
1203,2,2022,11,4,1060,0,106249219.0,120,1,64,11,53,1,0,25,27,252,8,8.278580814717477,12834231.056984128
1204,1,2022,10,21,1274,0,181382590.0,96,1,57,55,74,22,0,8,4,266,34,8.73850197109067,20756714.434586465
1205,1,2022,11,3,953,0,91473363.0,144,1,60,24,39,57,0,8,3,253,1,8.31143232588699,11005727.943557313
1206,1,2022,10,21,1180,0,121871870.0,166,1,42,7,24,83,1,12,6,266,34,8.73850197109067,13946540.311278196
1207,2,2022,11,3,573,0,73513683.0,92,1,80,81,67,4,0,8,6,253,1,8.31143232588699,8844887.393359685
1208,3,2022,10,20,1320,0,133895612.0,97,1,82,67,77,8,0,12,5,267,1,8.771353482260183,15265102.73138577
1209,1,2022,11,4,782,2,96007391.0,90,0,61,32,67,15,0,11,5,252,2,8.278580814717477,11597083.262063492
