track_name,artist(s)_name,artist_count,released_year,released_month,released_day,in_spotify_playlists,in_spotify_charts,streams,bpm,mode_x,danceability_%,valence_%,energy_%,acousticness_%,instrumentalness_%,liveness_%,speechiness_%,days_since_release,streams_per_day,artist_dominance
Seven (feat. Latto) (Explicit Ver.),"Latto, Jung Kook",2,2023,7,14,553,147,141381703.0,125,Major,80,89,83,31,0,8,4,1,141381703.0,1
LALA,Myke Towers,1,2023,3,23,1474,48,133716286.0,92,Major,71,61,74,7,0,10,4,114,1172949.8771929825,1
vampire,Olivia Rodrigo,1,2023,6,30,1397,113,140003974.0,138,Major,51,32,53,17,0,31,6,15,9333598.266666668,7
Cruel Summer,Taylor Swift,1,2019,8,23,7858,100,800840817.0,170,Major,55,58,72,11,0,11,15,1422,563179.1962025317,34
WHERE SHE GOES,Bad Bunny,1,2023,5,18,3133,50,303236322.0,144,Minor,65,23,80,14,63,11,6,58,5228212.448275862,19
Sprinter,"Dave, Central Cee",2,2023,6,1,2186,91,183706234.0,141,Major,92,66,58,19,0,8,24,44,4175141.6818181816,1
Ella Baila Sola,"Eslabon Armado, Peso Pluma",2,2023,3,16,3090,50,725980112.0,148,Minor,67,83,76,48,0,8,3,121,5999835.636363637,1
Columbia,Quevedo,1,2023,7,7,714,43,58149378.0,100,Major,67,26,71,37,0,11,4,8,7268672.25,4
fukumean,Gunna,1,2023,5,15,1096,83,95217315.0,130,Minor,85,22,62,12,0,28,9,61,1560939.5901639345,1
La Bebe - Remix,"Peso Pluma, Yng Lvcas",2,2023,3,17,2953,44,553634067.0,170,Minor,81,56,48,21,0,8,33,120,4613617.225,1
un x100to,"Bad Bunny, Grupo Frontera",2,2023,4,17,2876,40,505671438.0,83,Minor,57,56,72,23,0,27,5,89,5681701.550561798,1
Super Shy,NewJeans,1,2023,7,7,422,55,58255150.0,150,Minor,78,52,82,18,0,15,7,8,7281893.75,6
Flowers,Miley Cyrus,1,2023,1,12,12211,115,1316855716.0,118,Major,71,65,68,6,0,3,7,184,7156824.543478261,2
Flowers,Miley Cyrus,1,2023,1,12,12211,115,1316855716.0,118,Major,71,65,68,6,0,3,7,184,7156824.543478261,2
Daylight,David Kushner,1,2023,4,14,3528,98,387570742.0,130,Minor,51,32,43,83,0,9,3,92,4212725.456521739,2
As It Was,Harry Styles,1,2022,3,31,23575,130,2513188493.0,174,Minor,52,66,73,34,0,31,6,471,5335856.673036094,17
Kill Bill,SZA,1,2022,12,8,8109,77,1163093654.0,89,Major,64,43,73,5,17,16,4,219,5310929.92694064,19
Cupid - Twin Ver.,Fifty Fifty,1,2023,2,24,2942,77,496795686.0,120,Minor,78,76,59,43,0,34,3,141,3523373.659574468,2
Cupid - Twin Ver.,Fifty Fifty,1,2023,2,24,2942,77,496795686.0,120,Minor,78,76,59,43,0,34,3,141,3523373.659574468,2
Cupid - Twin Ver.,Fifty Fifty,1,2023,2,24,2942,77,496795686.0,120,Minor,78,76,59,43,0,34,3,141,3523373.659574468,2
Cupid - Twin Ver.,Fifty Fifty,1,2023,2,24,2942,77,496795686.0,120,Minor,78,76,59,43,0,34,3,141,3523373.659574468,2
"What Was I Made For? [From The Motion Picture ""Barbie""]",Billie Eilish,1,2023,7,13,873,104,30546883.0,78,Major,44,14,9,96,0,10,3,2,15273441.5,5
Classy 101,"Feid, Young Miko",2,2023,3,31,2610,40,335222234.0,100,Major,86,67,66,14,0,12,16,106,3162473.9056603773,1
Like Crazy,Jimin,1,2023,3,24,596,68,363369738.0,120,Major,63,36,73,0,0,36,4,113,3215661.3982300884,3
LADY GAGA,"Gabito Ballesteros, Junior H, Peso Pluma",3,2023,6,22,332,26,86444842.0,140,Minor,65,87,74,22,0,42,4,23,3758471.391304348,1
I Can See You (Taylorï¿½ï¿½ï¿½s Version) (From The ,Taylor Swift,1,2023,7,7,516,38,52135248.0,123,Major,69,82,76,6,0,6,3,8,6516906.0,34
I Wanna Be Yours,Arctic Monkeys,1,2013,1,1,12859,110,1297026226.0,135,Minor,48,44,42,12,2,11,3,3847,337152.6451780608,4
"Peso Pluma: Bzrp Music Sessions, Vol. 55","Bizarrap, Peso Pluma",2,2023,5,31,1313,40,200647221.0,133,Minor,85,81,67,26,0,12,5,45,4458827.133333334,1
Popular (with Playboi Carti & Madonna) - The Idol Vol. 1 (Music from the HBO Original Series),"The Weeknd, Madonna, Playboi Carti",3,2023,6,2,1945,87,115364561.0,99,Major,85,83,68,7,0,36,20,43,2682896.7674418604,1
SABOR FRESA,Fuerza Regida,1,2023,6,22,250,26,78300654.0,130,Minor,79,96,86,9,0,9,9,23,3404376.2608695654,2
Calm Down (with Selena Gomez),"Rï¿½ï¿½ma, Selena G",2,2022,3,25,7112,77,899183384.0,107,Major,80,82,80,43,0,14,4,477,1885080.4696016773,1
MOJABI GHOST,"Tainy, Bad Bunny",2,2023,6,29,859,40,61245289.0,122,Minor,81,74,71,14,0,56,4,16,3827830.5625,1
Last Night,Morgan Wallen,1,2023,1,31,2420,19,429829812.0,204,Major,52,52,68,46,0,15,4,165,2605029.163636364,11
Dance The Night (From Barbie The Album),Dua Lipa,1,2023,5,25,2988,101,127408954.0,110,Minor,67,78,85,2,0,33,5,51,2498214.7843137253,3
Rush,Troye Sivan,1,2023,7,13,864,78,22581161.0,126,Minor,74,35,84,0,0,11,6,2,11290580.5,2
TULUM,"Peso Pluma, Grupo Frontera",2,2023,6,28,266,34,52294266.0,168,Major,56,63,87,39,0,11,5,17,3076133.294117647,1
Creepin',"The Weeknd, 21 Savage, Metro Boomin",3,2022,12,2,6036,88,843957510.0,98,Minor,71,17,61,36,0,8,5,225,3750922.2666666666,1
Anti-Hero,Taylor Swift,1,2022,10,21,9082,56,999748277.0,97,Major,64,51,63,12,0,19,5,267,3744375.569288389,34
TQG,"Karol G, Shakira",2,2023,2,23,4284,49,618990393.0,180,Minor,72,61,63,67,0,9,28,142,4359087.274647887,1
Los del Espacio,"Big One, Duki, Lit Killah, Maria Becerra, FMK, Rusherking, Emilia, Tiago pzk",8,2023,6,1,1150,31,123122413.0,120,Major,81,63,68,11,0,11,4,44,2798236.659090909,1
Frï¿½ï¿½gil (feat. Grupo Front,"Yahritza Y Su Esencia, Grupo Frontera",2,2023,4,7,672,34,188933502.0,150,Major,61,39,73,37,0,11,3,99,1908419.212121212,1
Blank Space,Taylor Swift,1,2014,1,1,11434,53,1355959075.0,96,Major,75,57,68,9,0,13,6,3482,389419.6079839173,34
Style,Taylor Swift,1,2014,1,1,7830,42,786181836.0,95,Major,60,48,79,0,0,12,4,3482,225784.5594485928,34
TQM,Fuerza Regida,1,2023,5,19,584,28,176553476.0,125,Minor,79,96,85,27,0,11,6,57,3097429.403508772,2
El Azul,"Junior H, Peso Pluma",2,2023,2,10,692,25,354495408.0,144,Minor,56,84,65,23,0,10,6,155,2287067.148387097,2
Sunflower - Spider-Man: Into the Spider-Verse,"Post Malone, Swae Lee",2,2018,10,9,24094,78,2808096550.0,90,Major,76,91,50,54,0,7,5,1740,1613848.5919540229,1
I'm Good (Blue),"Bebe Rexha, David Guetta",2,2022,8,26,12482,80,1109433169.0,128,Minor,56,38,97,4,0,35,4,323,3434777.613003096,1
See You Again,"Tyler, The Creator, Kali Uchis",3,2017,7,21,13387,64,1047101291.0,79,Major,56,58,56,37,0,11,10,2185,479222.55881006864,1
Barbie World (with Aqua) [From Barbie The Album],"Nicki Minaj, Aqua, Ice Spice",3,2023,6,23,1117,80,65156199.0,144,Major,77,75,58,52,0,23,25,22,2961645.409090909,1
Angels Like You,Miley Cyrus,1,2020,11,27,3372,19,570515054.0,122,Major,67,49,64,10,0,10,3,960,594286.5145833333,2
Angels Like You,Miley Cyrus,1,2020,11,27,3372,19,570515054.0,122,Major,67,49,64,10,0,10,3,960,594286.5145833333,2
I Ain't Worried,OneRepublic,1,2022,5,13,8431,76,1085685420.0,140,Major,71,82,81,11,0,6,5,428,2536648.1775700934,2
Die For You,The Weeknd,1,2016,11,24,2483,59,1647990401.0,134,Minor,59,51,52,9,0,15,7,2424,679864.0268151815,22
Starboy,"The Weeknd, Daft Punk",2,2016,9,21,29536,79,2565529693.0,186,Major,68,49,59,16,0,13,28,2488,1031161.452170418,1
Die For You - Remix,"Ariana Grande, The Weeknd",2,2023,2,24,3408,47,518745108.0,67,Minor,53,50,53,23,0,44,7,141,3679043.319148936,2
El Cielo,"Feid, Myke Towers, Sky Rompiendo",3,2023,6,2,1298,38,107753850.0,106,Minor,72,17,64,7,0,10,5,43,2505903.488372093,1
Baby Don't Hurt Me,"David Guetta, Anne-Marie, Coi Leray",3,2023,4,6,4277,66,177740666.0,128,Major,60,23,91,0,0,12,3,100,1777406.66,1
AMARGURA,Karol G,1,2023,2,24,1133,39,153372011.0,107,Minor,92,55,70,18,0,15,7,141,1087744.7588652482,4
AMARGURA,Karol G,1,2023,2,24,1133,39,153372011.0,107,Minor,92,55,70,18,0,15,7,141,1087744.7588652482,4
(It Goes Like) Nanana - Edit,Peggy Gou,1,2023,6,15,2259,59,57876440.0,130,Minor,67,96,88,12,19,8,4,30,1929214.6666666667,1
Another Love,Tom Odell,1,2012,10,15,18371,83,1813673666.0,123,Minor,45,13,54,70,0,9,4,3925,462082.4626751592,1
Blinding Lights,The Weeknd,1,2019,11,29,43899,69,3703895074.0,171,Major,50,38,80,0,0,9,7,1324,2797503.832326284,22
Moonlight,Kali Uchis,1,2023,2,24,2649,42,256483385.0,137,Minor,64,88,72,51,0,17,5,141,1819031.0992907805,1
La Bachata,Manuel Turizo,1,2022,5,26,6804,45,1214083358.0,125,Minor,84,85,68,58,0,22,4,415,2925502.0674698795,1
S91,Karol G,1,2023,7,14,525,41,16011326.0,128,Minor,86,42,72,59,0,9,19,1,16011326.0,4
S91,Karol G,1,2023,7,14,525,41,16011326.0,128,Minor,86,42,72,59,0,9,19,1,16011326.0,4
cardigan,Taylor Swift,1,2020,7,24,7923,29,812019557.0,130,Minor,61,53,58,55,0,27,4,1086,747715.982504604,34
Tï¿½ï¿,"dennis, MC Kevin o Chris",2,2023,5,4,731,15,111947664.0,130,Major,86,59,96,50,1,9,5,72,1554828.6666666667,1
Boy's a liar Pt. 2,"PinkPantheress, Ice Spice",2,2023,2,3,5184,41,156338624.0,133,Major,70,86,81,25,0,25,5,162,965053.2345679012,1
Left and Right (Feat. Jung Kook of BTS),"Charlie Puth, BTS, Jung Kook",3,2022,6,24,3107,39,720434240.0,101,Major,88,72,59,62,0,9,3,386,1866409.9481865284,1
BESO,"Rauw Alejandro, ROSALï¿½",2,2023,3,24,4053,50,357925728.0,95,Minor,77,53,64,74,0,17,14,113,3167484.318584071,1
Hey Mor,"Ozuna, Feid",2,2022,10,6,4637,38,674072710.0,98,Minor,90,40,59,0,0,10,29,282,2390328.7588652484,1
Yellow,Chris Molitor,1,1999,1,1,31358,43,1755214421.0,173,Major,43,28,66,0,0,23,3,8961,195872.60584756164,1
Karma,Taylor Swift,1,2022,10,21,3818,23,404562836.0,90,Major,64,10,62,7,0,48,7,267,1515216.6142322095,34
People,Libianca,1,2022,12,2,3506,56,373199958.0,198,Minor,59,71,42,55,0,10,7,225,1658666.48,1
Overdrive,Post Malone,1,2023,7,14,410,36,14780425.0,140,Major,56,48,73,0,0,35,4,1,14780425.0,3
Enchanted (Taylor's Version),Taylor Swift,1,2023,7,7,148,24,39578178.0,82,Major,51,22,53,1,0,15,3,8,4947272.25,34
BABY HELLO,"Rauw Alejandro, Bizarrap",2,2023,6,23,1004,35,54266102.0,130,Minor,77,84,89,17,0,43,5,22,2466641.0,2
Heat Waves,Glass Animals,1,2020,6,28,22543,63,2557975762.0,81,Major,76,53,53,44,0,9,9,1112,2300337.915467626,1
golden hour,JVKE,1,2022,7,15,4511,36,751134527.0,94,Minor,51,14,59,65,18,25,3,365,2057902.81369863,2
Sweater Weather,The Neighbourhood,1,2012,5,14,16413,61,2282771485.0,124,Major,61,41,81,5,2,10,3,4079,559639.9816131404,3
Sweater Weather,The Neighbourhood,1,2012,5,14,16413,61,2282771485.0,124,Major,61,41,81,5,2,10,3,4079,559639.9816131404,3
"Quevedo: Bzrp Music Sessions, Vol. 52","Bizarrap, Quevedo",2,2022,7,6,8506,45,1356565093.0,128,Major,62,55,78,1,3,23,4,374,3627179.393048128,1
Viva La Vida,Coldplay,1,2008,1,1,33898,62,1592909789.0,138,Minor,49,42,62,9,0,11,3,5674,280738.41892844555,3
Here With Me,d4vd,1,2022,7,17,3246,23,635412045.0,132,Major,58,27,48,50,0,12,3,363,1750446.4049586777,2
Unholy (feat. Kim Petras),"Sam Smith, Kim Petras",2,2022,9,22,8576,42,1230675890.0,131,Major,71,24,47,1,0,27,9,296,4157688.8175675673,1
Yandel 150,"Yandel, Feid",2,2022,12,20,3618,38,585695368.0,168,Minor,78,58,73,5,0,10,7,207,2829446.222222222,2
CORAZï¿½ï¿½N VA,Maria Becerra,1,2023,6,22,370,20,43857627.0,98,Major,68,40,79,33,0,30,6,23,1906853.347826087,1
Riptide,Vance Joy,1,1975,1,1,31123,55,2009094673.0,102,Major,48,50,73,43,0,15,4,17727,113335.28927624528,1
Until I Found You (with Em Beihold) - Em Beihold Version,"Em Beihold, Stephen Sanchez",2,2022,4,22,2790,30,600976848.0,101,Major,34,32,57,78,0,20,3,449,1338478.5033407572,1
Novidade na ï¿½ï¿,"Mc Livinho, DJ Matt D",2,2023,6,23,267,9,39709092.0,130,Major,63,36,34,76,0,35,9,22,1804958.7272727275,1
Back To December (Taylor's Version),Taylor Swift,1,2023,7,7,139,17,39228929.0,142,Major,50,20,64,1,0,12,3,8,4903616.125,34
STAY (with Justin Bieber),"Justin Bieber, The Kid Laroi",2,2021,7,9,17050,36,2665343922.0,170,Major,59,48,76,4,0,10,5,736,3621391.198369565,1
El Merengue,"Marshmello, Manuel Turizo",2,2023,3,3,2114,44,223633238.0,124,Minor,78,70,68,3,1,11,4,134,1668904.7611940298,1
Someone You Loved,Lewis Capaldi,1,2018,11,8,17836,53,2887241814.0,110,Major,50,45,41,75,0,11,3,1710,1688445.505263158,3
Me Porto Bonito,"Chencho Corleone, Bad Bunny",2,2022,5,6,8870,43,1440757818.0,92,Minor,91,43,71,9,0,9,8,435,3312086.9379310347,1
Makeba,Jain,1,2015,6,22,6060,53,165484133.0,116,Major,82,40,66,39,51,25,7,2945,56191.55619694397,1
MONTAGEM - FR PUNK,"Ayparia, unxbected",2,2012,6,20,641,50,58054811.0,129,Major,63,84,82,70,8,9,7,4042,14362.892380009896,1
Fast Car,Luke Combs,1,2023,3,24,1446,12,157058870.0,98,Major,71,67,60,19,0,12,3,113,1389901.5044247787,1
What It Is (Solo Version),Doechii,1,2023,3,17,804,25,95131998.0,172,Minor,74,76,76,6,0,10,9,120,792766.65,1
Coco Chanel,"Bad Bunny, Eladio Carrion",2,2023,3,17,1962,38,250305248.0,150,Major,68,14,76,4,0,10,4,120,2085877.066666667,1
Donï¿½ï¿½ï¿½t Bl,Taylor Swift,1,2017,11,8,4875,23,685032533.0,136,Minor,62,19,53,11,0,6,4,2075,330136.1604819277,34
Still With You,Jung Kook,1,2020,6,5,31,39,38411956.0,88,Minor,53,34,47,9,0,83,4,1135,33843.133039647575,2
All My Life (feat. J. Cole),"J. Cole, Lil Durk",2,2023,5,12,2175,23,144565150.0,143,Major,83,69,44,15,0,10,33,64,2258830.46875,1
Say Yes To Heaven,Lana Del Rey,1,2023,3,17,2000,46,127567540.0,100,Minor,49,17,35,71,9,11,3,120,1063062.8333333333,3
Snooze,SZA,1,2022,12,9,2839,25,399686758.0,143,Major,56,39,55,14,0,11,13,218,1833425.495412844,19
Summertime Sadness,Lana Del Rey,1,2011,1,1,20333,52,983637508.0,112,Minor,56,24,66,7,0,12,3,4578,214861.84097859327,3
Take Two,BTS,1,2023,6,9,674,47,118482347.0,93,Major,62,57,59,3,0,38,3,36,3291176.3055555555,8
Lover,Taylor Swift,1,2012,1,1,8448,23,882831184.0,206,Major,43,50,55,50,0,15,10,4213,209549.2959886067,34
Too Many Nights (feat. Don Toliver & with Future),"Future, Metro Boomin, Don Toliver",3,2022,12,2,2110,58,286400165.0,88,Minor,68,17,71,15,0,11,5,225,1272889.6222222222,1
Chemical,Post Malone,1,2023,4,14,2528,39,172825906.0,170,Major,50,37,90,0,0,12,5,92,1878542.456521739,3
Mockingbird,Eminem,1,2004,1,1,12985,61,1241559043.0,84,Minor,62,24,67,21,0,13,28,7135,174009.67666433076,4
New Jeans,NewJeans,1,2023,7,7,77,35,29562220.0,134,Minor,81,53,72,51,0,12,5,8,3695277.5,6
Primera Cita,Carin Leon,1,2022,4,20,266,27,77309611.0,158,Major,54,50,40,61,0,10,6,451,171418.20620842572,1
Cold Heart - PNAU Remix,"Dua Lipa, Elton John, Pnau",3,2017,11,10,21097,52,1605224506.0,116,Major,80,92,80,4,0,10,3,2073,774348.5315967198,1
Dandelions,Ruth B.,1,2017,4,28,3423,21,1116995633.0,117,Major,61,45,69,2,0,9,3,2269,492285.4266196562,1
Bones,Imagine Dragons,1,2021,3,11,4198,44,838079900.0,114,Minor,77,65,72,2,0,7,5,856,979065.3037383178,3
Set Fire to the Rain,Adele,1,2011,1,1,14739,43,1163620694.0,108,Minor,61,47,68,0,0,13,3,4578,254176.6478811708,4
Set Fire to the Rain,Adele,1,2011,1,1,14739,43,1163620694.0,108,Minor,61,47,68,0,0,13,3,4578,254176.6478811708,4
Set Fire to the Rain,Adele,1,2011,1,1,14739,43,1163620694.0,108,Minor,61,47,68,0,0,13,3,4578,254176.6478811708,4
Money Trees,"Kendrick Lamar, Jay Rock",2,2012,1,1,26792,32,1093605526.0,144,Minor,74,37,53,7,0,21,10,4213,259578.8098741989,1
Tak Segampang Itu,Anggi Marito,1,2022,12,2,213,6,179659294.0,130,Major,51,18,44,76,0,11,3,225,798485.7511111111,1
LAGUNAS,"Jasiel Nuï¿½ï¿½ez, Peso P",2,2023,6,22,58,18,39058561.0,116,Major,77,79,62,33,1,15,3,23,1698198.3043478262,2
Mine (Taylor's Version),Taylor Swift,1,2023,7,7,99,15,36912123.0,121,Major,65,49,78,0,0,17,4,8,4614015.375,34
Everybody Wants To Rule The World,Tears For Fears,1,1985,2,17,41751,25,1205951614.0,112,Major,64,54,81,36,0,11,6,14027,85973.59478149284,1
No Role Modelz,J. Cole,1,2014,12,9,21164,36,1791000570.0,100,Minor,70,47,52,30,0,6,33,3140,570382.347133758,1
Tattoo,Loreen,1,2023,2,25,2988,59,201660859.0,150,Minor,55,30,78,24,0,12,8,140,1440434.7071428571,1
Rara Vez,"Taiu, Milo j",2,2023,2,8,893,38,248088961.0,120,Minor,84,96,71,18,0,34,17,157,1580184.4649681528,1
VAGABUNDO,"Sebastian Yatra, Manuel Turizo, Beï¿½ï",3,2023,5,12,1094,34,90839753.0,127,Minor,82,89,85,4,0,23,6,64,1419371.140625,1
august,Taylor Swift,1,2020,7,24,7324,22,607123776.0,90,Major,51,42,61,53,0,9,3,1086,559045.8342541436,34
LUNA,"Junior H, Peso Pluma",2,2023,6,22,201,11,55842345.0,128,Minor,75,79,63,33,0,15,4,23,2427928.0434782607,2
Miracle (with Ellie Goulding),"Calvin Harris, Ellie Goulding",2,2023,3,10,5120,48,211050784.0,143,Major,64,31,87,4,4,8,4,127,1661817.1968503937,1
Nonsense,Sabrina Carpenter,1,2022,7,15,2346,27,342897938.0,139,Major,74,68,68,3,0,26,4,365,939446.405479452,1
Que Vuelvas,"Carin Leon, Grupo Frontera",2,2022,12,9,763,26,2762.0,162,Major,49,78,64,19,0,11,4,218,12.6697247706422,1
Por las Noches,Peso Pluma,1,2021,6,11,457,24,330346424.0,92,Major,81,39,60,31,0,7,3,764,432390.6073298429,2
Feliz Cumpleaï¿½ï¿½os Fe,Feid,1,2022,8,19,3430,38,601863821.0,95,Major,87,57,55,10,0,29,7,330,1823829.7606060605,8
Can't Hold Us (feat. Ray Dalton),"Ray Dalton, Ryan Lewis, Macklemore",3,2011,8,16,6074,52,1953533826.0,146,Major,63,88,93,3,0,10,8,4351,448985.02091473225,1
Watermelon Sugar,Harry Styles,1,2019,11,17,21915,34,2322580122.0,95,Major,55,56,82,12,0,34,5,1336,1738458.1751497006,17
lovely - Bonus Track,"Billie Eilish, Khalid",2,2017,8,11,15032,30,2355719893.0,115,Minor,35,12,30,93,0,10,3,2164,1088595.1446395563,1
"Rauw Alejandro: Bzrp Music Sessions, Vol. 56","Rauw Alejandro, Bizarrap",2,2023,6,21,871,32,66902503.0,128,Major,78,59,65,10,0,26,5,24,2787604.2916666665,2
Queencard,(G)I-DLE,1,2023,5,15,451,33,96273746.0,130,Minor,82,69,83,3,0,27,5,61,1578258.1311475409,2
OMG,NewJeans,1,2023,1,2,1783,27,430977451.0,127,Minor,80,74,77,36,0,11,4,194,2221533.25257732,6
Radio,Lana Del Rey,1,2011,1,1,9389,46,284819874.0,150,Major,42,20,86,21,0,9,9,4578,62214.91349934469,3
"Shakira: Bzrp Music Sessions, Vol. 53","Shakira, Bizarrap",2,2023,1,11,5724,44,721975598.0,122,Minor,78,50,63,27,0,9,5,185,3902570.8,1
505,Arctic Monkeys,1,2007,4,20,13985,25,1217120710.0,140,Major,52,20,85,0,0,7,5,5930,205248.0118043845,4
"Calling (Spider-Man: Across the Spider-Verse) (Metro Boomin & Swae Lee, NAV, feat. A Boogie Wit da Hoodie)","Swae Lee, A Boogie Wit da Hoodie, Metro Boomin, NAV",4,2023,6,2,1051,16,109276132.0,140,Major,63,22,54,46,0,12,8,43,2541305.395348837,1
Trance (with Travis Scott & Young Thug),"Travis Scott, Young Thug, Metro Boomin",3,2022,12,2,1682,46,276259178.0,119,Minor,75,48,53,18,0,18,34,225,1227818.568888889,1
"Tere Vaaste (From ""Zara Hatke Zara Bachke"")","Sachin-Jigar, Shadab Faridi, Altamash Faridi, Amitabh Bhattacharya, Varun Jain",5,2023,5,22,182,8,54225632.0,110,Minor,76,96,72,32,0,9,4,54,1004178.3703703705,1
Perfect,Ed Sheeran,1,2017,1,1,16596,13,2559529074.0,95,Major,60,17,45,16,0,11,2,2386,1072728.027661358,9
Perfect,Ed Sheeran,1,2017,1,1,16596,13,2559529074.0,95,Major,60,17,45,16,0,11,2,2386,1072728.027661358,9
Romantic Homicide,d4vd,1,2022,7,20,2335,23,681583126.0,132,Major,56,20,55,45,1,32,3,360,1893286.461111111,2
Believer,Imagine Dragons,1,2017,1,31,18986,23,2594040133.0,125,Minor,77,74,78,4,0,23,11,2356,1101035.7101018676,3
Novo Balanï¿½,"Veigh, Bvga Beatz, Supernova Ent, Prod Malax",4,2023,5,19,283,7,81102253.0,124,Minor,84,65,50,67,0,13,6,57,1422846.5438596492,1
"Gol Bolinha, Gol Quadrado 2","Mc Pedrinho, DJ 900",2,2023,6,1,293,8,11956641.0,133,Minor,93,68,65,42,0,12,25,44,271741.8409090909,1
Without Me,Eminem,1,2002,1,1,21081,43,1687664027.0,112,Major,92,67,66,0,0,36,9,7865,214579.0244119517,4
QUEMA,"Sog, Ryan Castro, Peso Pluma",3,2023,7,13,437,31,11599388.0,97,Major,79,92,89,5,0,6,5,2,5799694.0,1
Stargirl Interlude,"The Weeknd, Lana Del Rey",2,2016,11,24,1275,32,611700552.0,90,Minor,59,52,48,38,5,10,11,2424,252351.7128712872,1
Ojitos Lindos,"Bomba Estï¿½ï¿½reo, Bad B",2,2022,5,6,6135,38,1133865788.0,80,Minor,65,27,69,8,0,53,4,435,2606588.0183908045,1
Somewhere Only We Know,Keane,1,2004,1,1,20015,16,1089402494.0,172,Major,45,33,59,6,0,8,3,7135,152684.30189208128,1
Those Eyes,New West,1,2019,5,10,1507,14,411747614.0,120,Major,60,24,35,73,0,31,3,1527,269644.8028814669,1
El Gordo Trae El Mando,Chino Pacas,1,2023,1,27,539,21,255932395.0,140,Minor,74,96,80,18,0,5,5,169,1514392.8698224851,1
Mi Bello Angel,Natanael Cano,1,2023,6,30,86,8,31873544.0,128,Minor,81,90,77,1,0,9,5,15,2124902.933333333,1
Bye,Peso Pluma,1,2023,5,26,324,14,95053634.0,122,Major,78,70,81,57,0,10,5,50,1901072.68,2
Danza Kuduro,"Don Omar, Lucenzo",2,2010,1,1,17138,37,1279434863.0,130,Major,47,86,92,8,0,5,24,4943,258837.72263807405,1
Nosso Quadro,"Ana Castela, AgroPlay",2,2023,2,2,894,9,233801632.0,160,Major,69,61,71,33,0,31,20,163,1434365.8404907975,1
Locked Out Of Heaven,Bruno Mars,1,2012,12,5,1622,9,1481349984.0,144,Major,73,87,70,6,0,28,5,3874,382382.5462054724,4
Un Finde | CROSSOVER #2,"Big One, FMK, Ke personajes",3,2023,4,4,561,14,142095275.0,192,Major,50,85,52,11,0,28,6,102,1393090.931372549,1
Jimmy Cooks (feat. 21 Savage),"Drake, 21 Savage",2,2022,6,17,5871,27,618885532.0,163,Major,54,40,67,0,0,9,17,393,1574772.3460559796,8
Counting Stars,OneRepublic,1,2013,1,1,29215,43,2011464183.0,122,Minor,66,48,71,6,0,12,4,3847,522865.6571354302,2
Ghost,Justin Bieber,1,2021,3,19,5866,24,1167330737.0,154,Major,61,41,74,21,0,40,6,848,1376569.265330189,3
Under The Influence,Chris Brown,1,2019,10,4,3859,26,929964809.0,117,Minor,73,31,69,6,0,11,4,1380,673887.5427536232,1
Under The Influence,Chris Brown,1,2019,10,4,3859,26,929964809.0,117,Minor,73,31,69,6,0,11,4,1380,673887.5427536232,1
Under The Influence,Chris Brown,1,2019,10,4,3859,26,929964809.0,117,Minor,73,31,69,6,0,11,4,1380,673887.5427536232,1
Under The Influence,Chris Brown,1,2019,10,4,3859,26,929964809.0,117,Minor,73,31,69,6,0,11,4,1380,673887.5427536232,1
Under The Influence,Chris Brown,1,2019,10,4,3859,26,929964809.0,117,Minor,73,31,69,6,0,11,4,1380,673887.5427536232,1
Under The Influence,Chris Brown,1,2019,10,4,3859,26,929964809.0,117,Minor,73,31,69,6,0,11,4,1380,673887.5427536232,1
Under The Influence,Chris Brown,1,2019,10,4,3859,26,929964809.0,117,Minor,73,31,69,6,0,11,4,1380,673887.5427536232,1
Under The Influence,Chris Brown,1,2019,10,4,3859,26,929964809.0,117,Minor,73,31,69,6,0,11,4,1380,673887.5427536232,1
Under The Influence,Chris Brown,1,2019,10,4,3859,26,929964809.0,117,Minor,73,31,69,6,0,11,4,1380,673887.5427536232,1
Under The Influence,Chris Brown,1,2019,10,4,3859,26,929964809.0,117,Minor,73,31,69,6,0,11,4,1380,673887.5427536232,1
Under The Influence,Chris Brown,1,2019,10,4,3859,26,929964809.0,117,Minor,73,31,69,6,0,11,4,1380,673887.5427536232,1
Under The Influence,Chris Brown,1,2019,10,4,3859,26,929964809.0,117,Minor,73,31,69,6,0,11,4,1380,673887.5427536232,1
Under The Influence,Chris Brown,1,2019,10,4,3859,26,929964809.0,117,Minor,73,31,69,6,0,11,4,1380,673887.5427536232,1
Under The Influence,Chris Brown,1,2019,10,4,3859,26,929964809.0,117,Minor,73,31,69,6,0,11,4,1380,673887.5427536232,1
Under The Influence,Chris Brown,1,2019,10,4,3859,26,929964809.0,117,Minor,73,31,69,6,0,11,4,1380,673887.5427536232,1
Under The Influence,Chris Brown,1,2019,10,4,3859,26,929964809.0,117,Minor,73,31,69,6,0,11,4,1380,673887.5427536232,1
Under The Influence,Chris Brown,1,2019,10,4,3859,26,929964809.0,117,Minor,73,31,69,6,0,11,4,1380,673887.5427536232,1
Under The Influence,Chris Brown,1,2019,10,4,3859,26,929964809.0,117,Minor,73,31,69,6,0,11,4,1380,673887.5427536232,1
Under The Influence,Chris Brown,1,2019,10,4,3859,26,929964809.0,117,Minor,73,31,69,6,0,11,4,1380,673887.5427536232,1
Under The Influence,Chris Brown,1,2019,10,4,3859,26,929964809.0,117,Minor,73,31,69,6,0,11,4,1380,673887.5427536232,1
PRC,"Natanael Cano, Peso Pluma",2,2023,1,23,961,26,436027885.0,138,Minor,78,89,83,10,0,12,5,173,2520392.3988439306,1
Gasolina,Daddy Yankee,1,2004,7,13,6457,18,657723613.0,96,Major,86,74,80,33,0,8,6,6941,94759.20083561448,2
One Dance,"Drake, WizKid, Kyla",3,2016,4,4,43257,24,2713922350.0,104,Major,77,36,63,1,0,36,5,2658,1021039.258841234,1
Enchanted,Taylor Swift,1,2010,1,1,4564,16,621660989.0,164,Major,45,24,62,8,0,16,3,4943,125765.9293951042,34
Save Your Tears,The Weeknd,1,2020,3,20,12688,13,1591223784.0,118,Major,68,61,82,2,0,50,3,1212,1312890.9108910891,22
Sure Thing,Miguel,1,2010,5,25,13801,19,950906471.0,81,Minor,68,51,60,3,0,19,10,4799,198146.79537403627,1
Sure Thing,Miguel,1,2010,5,25,13801,19,950906471.0,81,Minor,68,51,60,3,0,19,10,4799,198146.79537403627,1
Sure Thing,Miguel,1,2010,5,25,13801,19,950906471.0,81,Minor,68,51,60,3,0,19,10,4799,198146.79537403627,1
Sure Thing,Miguel,1,2010,5,25,13801,19,950906471.0,81,Minor,68,51,60,3,0,19,10,4799,198146.79537403627,1
Sure Thing,Miguel,1,2010,5,25,13801,19,950906471.0,81,Minor,68,51,60,3,0,19,10,4799,198146.79537403627,1
Sure Thing,Miguel,1,2010,5,25,13801,19,950906471.0,81,Minor,68,51,60,3,0,19,10,4799,198146.79537403627,1
Sure Thing,Miguel,1,2010,5,25,13801,19,950906471.0,81,Minor,68,51,60,3,0,19,10,4799,198146.79537403627,1
Sure Thing,Miguel,1,2010,5,25,13801,19,950906471.0,81,Minor,68,51,60,3,0,19,10,4799,198146.79537403627,1
Sure Thing,Miguel,1,2010,5,25,13801,19,950906471.0,81,Minor,68,51,60,3,0,19,10,4799,198146.79537403627,1
Every Breath You Take - Remastered 2003,The Police,1,1983,1,6,22439,19,1593270737.0,117,Major,82,73,45,54,0,7,3,14800,107653.42817567568,1
The Night We Met,Lord Huron,1,2015,2,2,18515,35,1410088830.0,174,Major,45,10,37,97,25,64,4,3085,457079.03727714746,1
We Found Love,"Rihanna, Calvin Harris",2,2011,1,1,36843,21,1235005533.0,128,Major,73,60,77,3,0,11,4,4578,269769.6664482307,1
When I Was Your Man,Bruno Mars,1,2012,12,5,2420,11,1661187319.0,145,Major,60,43,27,94,0,14,4,3874,428804.1608156944,4
Let Me Down Slowly,Alec Benjamin,1,2018,5,25,5897,19,1374581173.0,150,Minor,65,51,55,73,0,14,3,1877,732328.8082045817,1
"Am I Dreaming (Metro Boomin & A$AP Rocky, Roisee)","A$AP Rocky, Metro Boomin, Roisee",3,2023,6,2,727,16,94186466.0,90,Minor,60,13,53,4,0,21,4,43,2190382.930232558,1
Do I Wanna Know?,Arctic Monkeys,1,2013,1,1,33783,26,1788326445.0,85,Major,55,42,53,17,0,22,3,3847,464862.60592669615,4
Demons,Imagine Dragons,1,2012,1,1,26694,13,1840364617.0,180,Major,33,38,71,20,0,28,5,4213,436829.9589366248,3
ýýýýýýýýýýýý,YOASOBI,1,2023,4,12,356,16,143573775.0,166,Major,57,84,94,11,0,37,9,94,1527380.585106383,1
Reminder,The Weeknd,1,2016,11,25,6518,17,684675814.0,160,Major,71,40,50,16,0,16,22,2423,282573.59224102355,22
Shake It Off,Taylor Swift,1,2014,1,1,21335,13,1113838873.0,160,Major,65,95,80,5,0,41,16,3482,319884.79982768523,34
Why'd You Only Call Me When You're High?,Arctic Monkeys,1,2013,1,1,23389,29,1267333350.0,92,Major,70,81,63,4,0,8,4,3847,329434.1954769951,4
SNAP,Rosa Linn,1,2022,3,19,3202,18,726307468.0,170,Major,56,53,64,11,0,45,6,483,1503742.1697722566,2
Shape of You,Ed Sheeran,1,2017,1,6,32181,10,3562543890.0,96,Minor,83,93,65,58,0,9,8,2381,1496238.5090298194,9
Shape of You,Ed Sheeran,1,2017,1,6,32181,10,3562543890.0,96,Minor,83,93,65,58,0,9,8,2381,1496238.5090298194,9
Night Changes,One Direction,1,2014,11,17,7124,18,1131090940.0,120,Major,67,40,52,86,0,12,4,3162,357713.7697659709,1
Fin de Semana,"Oscar Maydon, Junior H",2,2023,1,13,592,14,307370144.0,98,Major,70,37,54,6,0,9,8,183,1679618.2732240437,1
Creep,Radiohead,1,1992,9,21,36724,7,1271293243.0,92,Major,53,12,34,1,0,12,4,11254,112963.6789585925,1
Car's Outside,James Arthur,1,2019,10,18,794,10,265882712.0,150,Major,34,24,56,4,0,11,3,1366,194643.2737920937,2
Car's Outside,James Arthur,1,2019,10,18,794,10,265882712.0,150,Major,34,24,56,4,0,11,3,1366,194643.2737920937,2
Apocalypse,Cigarettes After Sex,1,2017,3,21,13091,17,841749534.0,94,Major,37,17,47,2,46,11,3,2307,364867.59167750325,1
Cheques,Shubh,1,2023,5,19,67,8,47956378.0,90,Minor,74,36,63,26,0,27,5,57,841339.9649122807,1
Pink + White,Frank Ocean,1,2016,8,20,21574,30,806397070.0,160,Major,54,54,55,67,0,42,11,2520,319998.8373015873,2
Circles,Post Malone,1,2019,8,30,19664,16,2132335812.0,120,Major,70,59,75,24,0,9,4,1415,1506951.1038869258,3
Just The Way You Are,Bruno Mars,1,2010,1,1,21106,13,1641426668.0,109,Major,63,46,85,1,0,9,5,4943,332070.94234270684,4
Take Me To Church,Hozier,1,2013,9,13,23804,31,2135158446.0,129,Minor,57,41,66,63,0,12,5,3592,594420.5027839644,1
Bebe Dame,"Fuerza Regida, Grupo Frontera",2,2022,12,16,849,22,367316268.0,157,Major,54,75,60,30,0,7,5,211,1740835.393364929,1
You Belong With Me (Taylorï¿½ï¿½ï¿½s Ve,Taylor Swift,1,2021,4,9,2619,12,350381515.0,130,Major,63,49,73,5,0,9,3,827,423677.76904474,34
Titi Me Preguntï¿,Bad Bunny,1,2022,5,6,9037,42,1264310836.0,107,Minor,65,19,72,10,0,13,25,435,2906461.691954023,19
Better Than Revenge (Taylor's Version),Taylor Swift,1,2023,7,7,86,11,30343206.0,146,Minor,50,67,89,0,0,19,8,8,3792900.75,34
Shut up My Moms Calling,Hotel Ugly,1,2020,2,10,1788,14,405136812.0,139,Minor,48,37,41,32,0,10,10,1251,323850.36930455634,2
Have You Ever Seen The Rain?,Creedence Clearwater Revival,1,1968,7,1,15890,14,1145727611.0,116,Major,74,76,70,7,0,13,3,20102,56995.70246741618,1
Es un Secreto,Plan B,1,2010,7,20,492,36,540654286.0,95,Minor,84,52,77,12,0,7,4,4743,113989.94012228548,1
Es un Secreto,Plan B,1,2010,7,20,492,36,540654286.0,95,Minor,84,52,77,12,0,7,4,4743,113989.94012228548,1
Es un Secreto,Plan B,1,2010,7,20,492,36,540654286.0,95,Minor,84,52,77,12,0,7,4,4743,113989.94012228548,1
Es un Secreto,Plan B,1,2010,7,20,492,36,540654286.0,95,Minor,84,52,77,12,0,7,4,4743,113989.94012228548,1
Es un Secreto,Plan B,1,2010,7,20,492,36,540654286.0,95,Minor,84,52,77,12,0,7,4,4743,113989.94012228548,1
Es un Secreto,Plan B,1,2010,7,20,492,36,540654286.0,95,Minor,84,52,77,12,0,7,4,4743,113989.94012228548,1
Es un Secreto,Plan B,1,2010,7,20,492,36,540654286.0,95,Minor,84,52,77,12,0,7,4,4743,113989.94012228548,1
Es un Secreto,Plan B,1,2010,7,20,492,36,540654286.0,95,Minor,84,52,77,12,0,7,4,4743,113989.94012228548,1
Es un Secreto,Plan B,1,2010,7,20,492,36,540654286.0,95,Minor,84,52,77,12,0,7,4,4743,113989.94012228548,1
Es un Secreto,Plan B,1,2010,7,20,492,36,540654286.0,95,Minor,84,52,77,12,0,7,4,4743,113989.94012228548,1
Es un Secreto,Plan B,1,2010,7,20,492,36,540654286.0,95,Minor,84,52,77,12,0,7,4,4743,113989.94012228548,1
Es un Secreto,Plan B,1,2010,7,20,492,36,540654286.0,95,Minor,84,52,77,12,0,7,4,4743,113989.94012228548,1
Es un Secreto,Plan B,1,2010,7,20,492,36,540654286.0,95,Minor,84,52,77,12,0,7,4,4743,113989.94012228548,1
Es un Secreto,Plan B,1,2010,7,20,492,36,540654286.0,95,Minor,84,52,77,12,0,7,4,4743,113989.94012228548,1
Es un Secreto,Plan B,1,2010,7,20,492,36,540654286.0,95,Minor,84,52,77,12,0,7,4,4743,113989.94012228548,1
Es un Secreto,Plan B,1,2010,7,20,492,36,540654286.0,95,Minor,84,52,77,12,0,7,4,4743,113989.94012228548,1
Es un Secreto,Plan B,1,2010,7,20,492,36,540654286.0,95,Minor,84,52,77,12,0,7,4,4743,113989.94012228548,1
POLARIS - Remix,"Feid, Mora, Saiko, Quevedo",4,2023,6,8,773,33,57312735.0,170,Minor,62,55,80,15,0,37,7,37,1548992.837837838,1
Ditto,NewJeans,1,2022,12,19,1154,22,397582059.0,134,Minor,81,18,64,3,0,10,11,208,1911452.2067307688,6
Take On Me,a-ha,1,1984,10,19,44927,17,1479115056.0,84,Minor,57,86,90,2,0,9,5,14148,104545.87616624258,1
"Annihilate (Spider-Man: Across the Spider-Verse) (Metro Boomin & Swae Lee, Lil Wayne, Offset)","Swae Lee, Lil Wayne, Offset, Metro Boomin",4,2023,6,2,551,4,86773632.0,146,Minor,61,20,48,21,0,12,6,43,2017991.441860465,1
"Angel Pt 1 (feat. Jimin of BTS, JVKE & Muni Long)","Kodak Black, NLE Choppa, Muni Long, JVKE, Jimin",5,2023,5,1,577,14,133753727.0,74,Minor,53,24,67,11,0,10,28,75,1783383.0266666666,1
Acrï¿½ï¿½s,Shakira,1,2023,5,11,955,29,123124076.0,144,Major,75,35,48,84,0,10,12,65,1894216.553846154,1
Acrï¿½ï¿½s,Shakira,1,2023,5,11,955,29,123124076.0,144,Major,75,35,48,84,0,10,12,65,1894216.553846154,1
AMG,"Natanael Cano, Gabito Ballesteros, Peso Pluma",3,2022,11,24,995,19,463564958.0,136,Minor,77,79,73,15,0,27,10,233,1989549.175965665,1
"Phir Aur Kya Chahiye (From ""Zara Hatke Zara Bachke"")","Arijit Singh, Sachin-Jigar, Amitabha Bhattacharya",3,2023,5,15,178,6,64533040.0,100,Major,56,53,55,53,0,12,4,61,1057918.68852459,1
S-Class,Stray Kids,1,2023,6,2,290,19,65496046.0,105,Minor,89,67,78,9,0,7,33,43,1523163.8604651163,2
Hits Different,Taylor Swift,1,2023,5,26,547,0,68616963.0,106,Major,67,24,78,15,0,30,4,50,1372339.26,34
Chanel,"Becky G, Peso Pluma",2,2023,3,30,681,10,161460990.0,132,Major,85,53,68,40,0,9,4,107,1508981.214953271,1
Self Love (Spider-Man: Across the Spider-Verse) (Metro Boomin & Coi Leray),"Metro Boomin, Coi Leray",2,2023,6,2,332,5,70106975.0,120,Major,78,5,30,21,0,13,5,43,1630394.7674418604,1
Area Codes,"Kaliii, Kaliii",2,2023,3,17,1197,13,113509496.0,155,Major,82,51,39,2,0,9,49,120,945912.4666666668,1
Abcdario,"Junior H, Eden Muï¿½ï",2,2023,5,13,262,5,89933133.0,129,Major,70,42,43,78,0,11,3,63,1427510.0476190476,1
Obsessed,"Abhijay Sharma, Riar Saab",2,2022,9,29,161,6,71007139.0,135,Minor,80,85,74,62,0,8,9,289,245699.4429065744,1
Piï¿½ï¿½man Deï¿,"Semicenk, Doï¿½ï¿½u ",2,2023,6,2,185,3,43522589.0,98,Minor,73,45,62,28,0,13,13,43,1012153.2325581396,1
FLOWER,JISOO,1,2023,3,31,839,18,232896922.0,124,Minor,84,64,39,3,0,11,4,106,2197140.773584905,1
"All The Way Live (Spider-Man: Across the Spider-Verse) (Metro Boomin & Future, Lil Uzi Vert)","Future, Lil Uzi Vert, Metro Boomin",3,2023,6,2,259,0,37126685.0,135,Minor,77,28,55,18,0,22,15,43,863411.2790697674,1
Eyes Closed,Ed Sheeran,1,2023,3,23,2915,30,195576623.0,107,Major,78,39,53,30,0,11,6,114,1715584.4122807018,9
Eyes Closed,Ed Sheeran,1,2023,3,23,2915,30,195576623.0,107,Major,78,39,53,30,0,11,6,114,1715584.4122807018,9
Escapism.,"RAYE, 070 Shake",2,2022,10,12,5129,25,532336353.0,96,Major,54,25,74,14,0,9,11,276,1928754.902173913,2
La Jumpa,"Arcangel, Bad Bunny",2,2022,11,30,3794,34,538115192.0,123,Major,71,58,70,30,0,32,19,227,2370551.5066079297,1
Karma (feat. Ice Spice),"Taylor Swift, Ice Spice",2,2023,5,26,588,0,46142772.0,90,Major,62,7,62,6,0,58,6,50,922855.44,1
Superhero (Heroes & Villains) [with Future & Chris Brown],"Future, Chris Brown, Metro Boomin",3,2022,12,2,2959,16,401036314.0,117,Minor,72,45,59,14,0,20,21,225,1782383.6177777778,1
Las Morras,"BLESSD, Peso Pluma",2,2023,4,4,291,8,127026613.0,133,Minor,78,90,84,31,0,7,4,102,1245358.950980392,1
CHORRITO PA LAS ANIMAS,Feid,1,2022,12,2,2321,36,345031710.0,96,Minor,74,61,83,11,0,35,6,225,1533474.2666666666,8
Ch y la Pizza,"Fuerza Regida, Natanael Cano",2,2022,12,1,536,10,288101651.0,149,Major,66,85,60,40,0,14,13,226,1274786.0663716814,1
Snow On The Beach (feat. More Lana Del Rey),"Lana Del Rey, Taylor Swift",2,2023,5,26,359,2,60350538.0,110,Minor,66,32,40,81,0,11,3,50,1207010.76,1
Players,Coi Leray,1,2022,11,30,4096,6,335074782.0,105,Major,95,62,52,3,0,5,16,227,1476100.3612334805,1
Bite Me,ENHYPEN,1,2023,5,22,349,69,76767396.0,105,Major,80,69,78,28,0,11,14,54,1421618.4444444445,3
Stand By Me (feat. Morgan Wallen),"Lil Durk, Morgan Wallen",2,2023,5,26,381,5,46065667.0,134,Major,76,61,58,6,0,16,3,50,921313.34,1
Normal,Feid,1,2022,7,8,2461,36,459276435.0,170,Minor,71,59,56,4,0,27,12,372,1234614.072580645,8
Hummingbird (Metro Boomin & James Blake),"James Blake, Metro Boomin",2,2023,6,2,277,1,39666245.0,81,Major,59,26,60,46,1,25,13,43,922470.8139534884,1
Seu Brilho Sumiu - Ao Vivo,"Israel & Rodolffo, Mari Fernandez",2,2023,3,1,967,5,138517666.0,154,Major,63,75,92,31,0,91,5,136,1018512.25,1
Bad Habit,Steve Lacy,1,2022,6,29,8186,12,822633917.0,169,Major,69,69,51,63,0,38,4,381,2159144.1391076115,3
Bad Habit,Steve Lacy,1,2022,6,29,8186,12,822633917.0,169,Major,69,69,51,63,0,38,4,381,2159144.1391076115,3
CUFF IT,Beyoncï¿,1,2022,7,29,7842,10,595900742.0,115,Major,78,64,69,4,0,7,14,351,1697722.9116809117,3
Lilith (feat. SUGA of BTS) (Diablo IV Anthem),"Halsey, Suga",2,2023,6,5,215,6,51985779.0,84,Minor,43,14,74,1,0,19,8,40,1299644.475,1
69,"Nicky Jam, Feid",2,2023,5,18,1134,22,57945987.0,93,Major,79,58,62,11,0,11,23,58,999068.7413793104,1
Niï¿½ï¿½a Bo,"Sean Paul, Feid",2,2023,4,21,1305,34,115010040.0,91,Major,82,47,62,10,0,10,15,85,1353059.294117647,1
Search & Rescue,Drake,1,2023,4,7,2066,6,175097833.0,142,Minor,82,54,44,6,0,33,7,99,1768664.9797979798,4
Search & Rescue,Drake,1,2023,4,7,2066,6,175097833.0,142,Minor,82,54,44,6,0,33,7,99,1768664.9797979798,4
Search & Rescue,Drake,1,2023,4,7,2066,6,175097833.0,142,Minor,82,54,44,6,0,33,7,99,1768664.9797979798,4
Search & Rescue,Drake,1,2023,4,7,2066,6,175097833.0,142,Minor,82,54,44,6,0,33,7,99,1768664.9797979798,4
AMERICA HAS A PROBLEM (feat. Kendrick Lamar),"Kendrick Lamar, Beyoncï¿",2,2023,5,19,896,0,57089066.0,126,Major,78,20,70,1,0,16,4,57,1001562.5614035088,1
Lavender Haze,Taylor Swift,1,2022,10,21,3763,8,488386797.0,97,Major,73,10,44,26,0,16,8,267,1829164.0337078653,34
"Link Up (Metro Boomin & Don Toliver, Wizkid feat. BEAM & Toian) - Spider-Verse Remix (Spider-Man: Across the Spider-Verse )","WizKid, Toian, Metro Boomin, Don Toliver, Beam",5,2023,6,2,197,0,32761689.0,101,Major,92,59,51,41,51,26,8,43,761899.7441860465,1
Efecto,Bad Bunny,1,2022,5,6,4004,33,1047480053.0,98,Minor,80,23,48,14,0,6,5,435,2408000.1218390805,19
Erro Gostoso - Ao Vivo,Simone Mendes,1,2023,1,27,984,5,153454328.0,154,Major,59,63,89,18,0,80,9,169,908013.775147929,1
Cupido,Tini,1,2023,2,14,1240,24,217672943.0,120,Major,91,63,58,52,0,31,22,151,1441542.6688741725,1
Cupido,Tini,1,2023,2,14,1240,24,217672943.0,120,Major,91,63,58,52,0,31,22,151,1441542.6688741725,1
Just Wanna Rock,Lil Uzi Vert,1,2022,10,17,3995,13,457184829.0,150,Major,49,4,55,7,0,6,3,271,1687028.889298893,1
Unstoppable,Sia,1,2016,1,21,7681,13,939844851.0,174,Major,47,27,78,11,0,10,8,2732,344013.4886530015,2
Until I Found You,Stephen Sanchez,1,2021,9,1,4427,4,726434358.0,202,Major,34,25,51,69,0,18,4,682,1065153.017595308,1
Rich Flex,"Drake, 21 Savage",2,2022,11,4,4657,18,573633020.0,153,Minor,56,42,52,5,0,36,24,253,2267324.1897233203,8
Easy On Me,Adele,1,2021,10,14,10195,20,1406111294.0,142,Major,60,13,37,58,0,13,3,639,2200487.158059468,4
Easy On Me,Adele,1,2021,10,14,10195,20,1406111294.0,142,Major,60,13,37,58,0,13,3,639,2200487.158059468,4
Easy On Me,Adele,1,2021,10,14,10195,20,1406111294.0,142,Major,60,13,37,58,0,13,3,639,2200487.158059468,4
Cartï¿½ï¿½o B,"MC Caverinha, KayBlack",2,2023,5,11,269,4,71573339.0,108,Minor,84,55,47,26,0,20,64,65,1101128.2923076923,1
Danger (Spider) (Offset & JID),"Offset, JID",2,2023,6,2,214,0,24975653.0,143,Major,83,25,69,4,0,23,12,43,580829.1395348837,1
Oi Balde - Ao Vivo,Zï¿½ï¿½ Neto & Crist,1,2023,2,14,845,2,145458418.0,108,Major,67,55,67,60,0,80,5,151,963300.7814569536,1
The Real Slim Shady,Eminem,1,2000,1,1,20763,27,1424589568.0,104,Minor,95,78,66,3,0,4,6,8596,165727.0321079572,4
MERCHO,"Migrantes, LiL CaKe, Nico Valdi",3,2022,12,16,1267,20,231332117.0,93,Minor,84,96,79,43,0,18,11,211,1096360.7440758294,1
The Color Violet,Tory Lanez,1,2021,12,10,2585,32,415932686.0,105,Minor,65,46,53,16,0,9,5,582,714660.972508591,1
Glimpse of Us,Joji,1,2022,6,10,6330,6,988515741.0,170,Major,44,27,32,89,0,14,5,400,2471289.3525,3
Glimpse of Us,Joji,1,2022,6,10,6330,6,988515741.0,170,Major,44,27,32,89,0,14,5,400,2471289.3525,3
Mejor Que Yo,"Mambo Kingz, DJ Luian, Anuel Aa",3,2023,5,4,675,1,50847624.0,178,Minor,62,56,66,18,0,12,5,72,706217.0,2
Curtains,Ed Sheeran,1,2023,5,5,715,0,39893489.0,176,Minor,50,44,76,10,0,32,5,71,561880.1267605633,9
Curtains,Ed Sheeran,1,2023,5,5,715,0,39893489.0,176,Minor,50,44,76,10,0,32,5,71,561880.1267605633,9
UNFORGIVEN (feat. Nile Rodgers),"Nile Rodgers, LE SSERAFIM",2,2023,5,1,327,13,92035115.0,104,Minor,80,38,88,11,0,11,5,75,1227134.8666666667,1
Haegeum,Agust D,1,2023,4,21,244,12,118810253.0,85,Major,70,83,84,31,0,47,30,85,1397767.6823529413,1
Conexï¿½ï¿½es de Mï¿½ï¿½fia (feat. Rich ,"Rich The Kid, Matuï¿",2,2023,4,30,385,4,77233241.0,117,Minor,77,69,58,39,0,26,5,76,1016226.855263158,1
MIENTRAS ME CURO DEL CORA,Karol G,1,2023,2,24,1020,35,206399629.0,80,Major,52,57,48,86,0,15,39,141,1463827.1560283687,4
MIENTRAS ME CURO DEL CORA,Karol G,1,2023,2,24,1020,35,206399629.0,80,Major,52,57,48,86,0,15,39,141,1463827.1560283687,4
Never Felt So Alone,Labrinth,1,2023,4,7,1730,3,117747907.0,98,Major,44,36,41,50,0,38,5,99,1189372.797979798,7
X SI VOLVEMOS,"Karol G, Romeo Santos",2,2023,2,2,2127,33,266624541.0,178,Minor,79,58,78,34,0,11,25,163,1635733.3803680982,1
ceilings,Lizzy McAlpine,1,2022,4,8,3242,9,293186992.0,148,Major,51,27,33,48,0,22,3,463,633233.2440604751,1
Cupid,Fifty Fifty,1,2023,2,24,526,10,139681964.0,120,Major,77,94,66,65,0,38,3,141,990652.2269503546,2
Cupid,Fifty Fifty,1,2023,2,24,526,10,139681964.0,120,Major,77,94,66,65,0,38,3,141,990652.2269503546,2
Cupid,Fifty Fifty,1,2023,2,24,526,10,139681964.0,120,Major,77,94,66,65,0,38,3,141,990652.2269503546,2
Cupid,Fifty Fifty,1,2023,2,24,526,10,139681964.0,120,Major,77,94,66,65,0,38,3,141,990652.2269503546,2
I AM,IVE,1,2023,4,10,366,15,123132751.0,122,Minor,68,38,88,1,0,8,5,96,1282632.8229166667,4
Cupid ï¿½ï¿½ï¿½ Twin Ver. (FIFTY FIFTY) ï¿½ï¿½ï¿½ Spe,sped up 8282,1,1997,1,1,472,2,103762518.0,144,Major,74,75,73,42,0,9,4,9691,10707.101227943453,1
Shorty Party,"Cartel De Santa, La Kelly",2,2023,3,4,432,12,162887075.0,96,Major,93,47,47,33,0,10,36,133,1224714.84962406,1
Super,SEVENTEEN,1,2023,4,24,271,12,91221625.0,137,Major,77,35,88,16,0,17,9,82,1112458.8414634147,1
Slut Me Out,NLE Choppa,1,2022,4,22,816,4,190490915.0,121,Minor,94,71,61,12,0,53,42,449,424255.9354120267,1
Double Fantasy (with Future),"The Weeknd, Future",2,2023,4,21,1169,0,96180277.0,119,Minor,60,10,57,1,0,50,3,85,1131532.6705882354,1
All Of The Girls You Loved Before,Taylor Swift,1,2019,8,23,1282,6,185240616.0,96,Major,72,40,47,71,0,13,4,1422,130267.6624472574,34
PROVENZA,Karol G,1,2022,4,21,6587,34,885093467.0,111,Major,87,53,52,66,1,11,5,450,1966874.371111111,4
PROVENZA,Karol G,1,2022,4,21,6587,34,885093467.0,111,Major,87,53,52,66,1,11,5,450,1966874.371111111,4
Princess Diana (with Nicki Minaj),"Nicki Minaj, Ice Spice",2,2023,4,14,1444,4,104992946.0,148,Major,90,74,68,14,0,10,19,92,1141227.6739130437,1
Di Que Si,"Grupo Marca Registrada, Grupo Frontera",2,2023,2,3,356,10,147290338.0,182,Major,57,80,59,8,0,6,5,162,909199.6172839506,1
Shivers,Ed Sheeran,1,2021,9,9,10147,30,1302184087.0,141,Major,79,82,86,28,0,4,9,674,1932023.8679525224,9
Shivers,Ed Sheeran,1,2021,9,9,10147,30,1302184087.0,141,Major,79,82,86,28,0,4,9,674,1932023.8679525224,9
Igualito a Mi Apï¿,"Fuerza Regida, Peso Pluma",2,2022,12,30,265,6,158950978.0,145,Minor,76,80,81,19,0,6,9,197,806857.7563451777,1
Shoong! (feat. LISA of BLACKPINK),"TAEYANG, Lisa",2,2023,4,25,351,9,76910644.0,110,Minor,76,26,70,1,0,41,6,81,949514.12345679,1
Komang,Raim Laode,1,2022,8,16,158,4,137123880.0,134,Major,70,35,41,41,0,10,3,333,411783.4234234234,1
DESPECHï¿,ROSALï¿½,1,2022,7,28,7613,33,782369383.0,130,Major,92,78,62,18,0,6,10,352,2222640.292613636,2
Made You Look,Meghan Trainor,1,2022,10,21,3956,6,502574952.0,145,Major,84,88,53,35,0,8,7,267,1882303.191011236,1
Watch This - ARIZONATEARS Pluggnb Remix,"sped up nightcore, ARIZONATEARS, Lil Uzi Vert",3,2023,2,5,1638,10,207033255.0,130,Minor,69,36,90,1,10,15,4,160,1293957.84375,1
No Se Va,Grupo Frontera,1,2022,4,28,924,18,404887295.0,173,Major,59,69,53,12,0,23,3,443,913966.8058690744,1
Punto G,Quevedo,1,2022,11,4,1985,35,381161027.0,92,Minor,75,55,76,25,0,10,15,253,1506565.324110672,4
Lovers Rock,TV Girl,1,2014,6,5,6339,13,466231982.0,105,Minor,56,57,87,0,1,10,4,3327,140135.85272016833,1
METAMORPHOSIS,INTERWORLD,1,2021,11,25,1561,24,357580552.0,175,Minor,59,15,64,43,90,12,10,597,598962.3986599665,1
Mami Chula,"Quevedo, Jhayco",2,2023,4,27,875,4,61105704.0,120,Minor,80,33,70,22,0,9,4,79,773489.9240506329,1
En Paris,"El Chachito, Junior H",2,2022,12,24,406,5,198275403.0,139,Minor,70,77,48,37,0,12,5,203,976726.1231527092,1
Set Me Free Pt.2,Jimin,1,2023,3,17,340,13,168448603.0,132,Minor,59,56,82,12,0,12,6,120,1403738.3583333334,3
I Was Never There,"The Weeknd, Gesaffelstein",2,2018,3,29,4188,15,705469769.0,114,Major,32,17,74,14,0,17,3,1934,364772.3728024819,2
Don't ever say love me (feat. RM of BTS),"RM, Colde",2,2023,5,4,105,0,34502215.0,145,Minor,54,19,48,36,0,37,5,72,479197.4305555556,1
Shut Down,BLACKPINK,1,2022,9,16,1524,17,482175240.0,110,Major,82,67,69,0,0,18,4,302,1596606.7549668874,3
Gato de Noche,"Nengo Flow, Bad Bunny",2,2022,12,22,2651,30,304118600.0,94,Major,89,61,66,17,0,36,16,205,1483505.3658536586,1
Call Out My Name,The Weeknd,1,2018,3,29,11087,6,1449799467.0,134,Major,45,17,60,21,0,33,4,1934,749637.7802481903,22
Like Crazy (English Version),Jimin,1,2023,3,24,373,19,173627354.0,120,Major,62,32,76,0,0,39,4,113,1536525.256637168,3
Rosa Pastel,"Jasiel Nuï¿½ï¿½ez, Peso P",2,2023,2,2,200,4,90025258.0,123,Minor,70,86,68,24,0,11,4,163,552302.1963190184,2
Sunroof,"Nicky Youre, Dazy",2,2021,12,3,3741,17,652704649.0,131,Major,77,84,71,35,0,15,4,589,1108157.298811545,1
Lose Yourself - Soundtrack Version,Eminem,1,2002,1,1,32502,21,1829992958.0,171,Major,70,6,73,1,0,36,26,7865,232675.51913541005,4
Superman,"Eminem, Dina Rae",2,2002,5,26,7615,14,655466831.0,130,Minor,80,64,76,2,0,20,6,7720,84905.02992227979,1
Mas Rica Que Ayer,"Mambo Kingz, DJ Luian, Anuel Aa",3,2023,3,2,1208,34,146409671.0,94,Major,82,53,67,34,0,9,8,135,1084516.0814814814,2
People Pt.2 (feat. IU),"IU, Agust D",2,2023,4,7,209,4,95816024.0,89,Minor,73,44,57,39,0,32,6,99,967838.6262626264,1
REMIX EXCLUSIVO,Feid,1,2023,3,17,1235,9,117206995.0,87,Minor,65,71,56,4,0,15,20,120,976724.9583333334,8
"Arcï¿½ï¿½ngel: Bzrp Music Sessions, Vol","Arcangel, Bizarrap",2,2023,3,22,654,3,100409613.0,124,Minor,72,79,78,55,0,15,30,115,873127.0695652174,1
DOGTOOTH,"Tyler, The Creator",2,2023,3,27,1479,0,80758350.0,78,Major,71,80,65,51,0,22,32,110,734166.8181818182,3
10:35,"Tiï¿½ï¿½sto, Tate M",2,2022,11,1,4942,26,325592432.0,120,Major,70,70,79,7,0,18,10,256,1271845.4375,1
SORRY NOT SORRY,"Tyler, The Creator",2,2023,3,31,709,0,58473276.0,96,Minor,48,50,80,40,0,37,20,106,551634.679245283,3
HAPPY,NF,1,2023,3,25,660,0,52722996.0,106,Major,73,22,86,31,0,12,4,112,470741.03571428574,1
La Bebe,Yng Lvcas,1,2021,12,24,489,17,191945597.0,170,Minor,78,75,46,62,0,12,35,568,337932.3890845071,1
I Know - PR1SVX Edit,"Kanii, PR1ISVX",2,2023,3,24,407,0,77377503.0,134,Minor,67,11,76,8,47,30,7,113,684756.6637168141,1
Late Night Talking,Harry Styles,1,2022,5,20,7461,8,743693613.0,115,Major,71,90,73,30,0,11,5,421,1766493.1425178146,17
Leï¿½,Marï¿½ï¿½lia Mendo,1,2022,12,9,993,4,267789608.0,130,Major,74,79,87,45,0,30,3,218,1228392.6972477064,1
Save Your Tears (with Ariana Grande) (Remix),"Ariana Grande, The Weeknd",2,2020,3,20,9161,5,1221813483.0,118,Major,65,63,79,3,0,10,3,1212,1008096.9331683168,2
Something in the Orange,Zach Bryan,1,2022,4,22,3282,12,449701773.0,110,Major,59,22,38,42,0,12,3,449,1001562.9688195992,1
VOID,Melanie Martinez,1,2023,3,29,596,0,67070410.0,100,Major,72,42,66,18,4,19,4,108,621022.3148148148,1
Dijeron Que No La Iba Lograr,"Fuerza Regida, Chino Pacas",2,2023,3,14,320,6,116334601.0,142,Minor,70,76,79,26,0,11,7,123,945809.7642276424,1
Midnight Rain,Taylor Swift,1,2022,10,21,2612,4,433356509.0,140,Major,64,18,37,72,0,12,7,267,1623058.086142322,34
If We Ever Broke Up,Mae Stephens,1,2023,2,10,2040,4,165584767.0,116,Major,90,96,73,62,0,9,4,155,1068288.8193548387,1
You Proof,Morgan Wallen,1,2022,5,13,2128,9,367814306.0,120,Major,73,64,85,25,0,61,3,428,859379.2196261683,11
LA INOCENTE,"Feid, Mora",2,2022,4,1,2598,37,477033549.0,92,Minor,76,46,79,31,0,7,6,470,1014964.9978723404,1
Malas Decisiones,Kenia OS,1,2022,10,26,542,2,156214700.0,110,Minor,81,64,79,5,0,31,3,262,596239.3129770992,1
Murder In My Mind,Kordhell,1,2022,1,21,2459,20,448843705.0,120,Major,71,57,97,1,0,13,11,540,831192.0462962963,1
Gangsta's Paradise,"Coolio, L.V.",2,1995,7,11,10624,17,1357608774.0,80,Major,63,40,61,9,0,56,6,10231,132695.60883589092,1
CAIRO,"Karol G, Ovy On The Drums",2,2022,11,13,2418,26,294352144.0,115,Minor,95,43,69,47,0,9,31,244,1206361.245901639,1
I Love You So,The Walters,1,2014,11,28,7536,7,972164968.0,76,Major,58,46,67,65,0,13,4,3151,308525.8546493177,1
Dark Red,Steve Lacy,1,2017,2,20,10431,7,920045682.0,172,Major,60,77,78,45,0,12,6,2336,393855.1720890411,3
Dark Red,Steve Lacy,1,2017,2,20,10431,7,920045682.0,172,Major,60,77,78,45,0,12,6,2336,393855.1720890411,3
Say You Won't Let Go,James Arthur,1,2016,9,9,15722,16,2420461338.0,99,Major,40,45,56,69,0,9,5,2500,968184.5352,2
Say You Won't Let Go,James Arthur,1,2016,9,9,15722,16,2420461338.0,99,Major,40,45,56,69,0,9,5,2500,968184.5352,2
The Hills,The Weeknd,1,2015,5,27,25744,4,1947371785.0,136,Minor,36,12,57,9,0,14,8,2971,655460.042073376,22
Heart To Heart,Mac DeMarco,1,2019,5,10,1640,0,244658767.0,150,Minor,90,64,14,67,35,11,10,1527,160221.85134250164,1
Peaches (from The Super Mario Bros. Movie),Jack Black,1,2023,4,7,34,0,68216992.0,92,Minor,71,41,31,79,0,10,5,99,689060.5252525252,1
Peaches (from The Super Mario Bros. Movie),Jack Black,1,2023,4,7,34,0,68216992.0,92,Minor,71,41,31,79,0,10,5,99,689060.5252525252,1
Peaches (from The Super Mario Bros. Movie),Jack Black,1,2023,4,7,34,0,68216992.0,92,Minor,71,41,31,79,0,10,5,99,689060.5252525252,1
Marisola - Remix,"Duki, NICKI NICOLE, Cris Mj, Standly, Stars Music Chile",5,2022,12,15,1845,16,223582566.0,95,Major,77,72,87,17,0,7,5,212,1054634.7452830188,1
LOKERA,"Brray, Rauw Alejandro, Lyanno",3,2022,7,25,3301,30,471819764.0,102,Minor,83,58,83,21,0,10,5,355,1329069.7577464788,1
Low,SZA,1,2022,12,9,1911,0,272377463.0,145,Minor,70,34,55,43,0,16,6,218,1249437.9036697247,19
Numb,Linkin Park,1,2003,3,24,20111,5,1361425037.0,110,Major,50,24,86,0,0,64,4,7418,183529.9321919655,2
Tormenta (feat. Bad Bunny),"Gorillaz, Bad Bunny",2,2023,2,24,1529,0,149778242.0,95,Major,64,30,77,46,0,38,6,141,1062257.035460993,1
on the street (with J. Cole),"j-hope, J. Cole",2,2023,3,3,615,2,116599790.0,94,Minor,68,81,82,53,0,9,13,134,870147.6865671641,1
One Thing At A Time,Morgan Wallen,1,2022,12,2,811,4,148469433.0,142,Major,61,92,91,0,0,26,3,225,659864.1466666666,11
Miss You,"Robin Schulz, Oliver Tree",2,2022,8,5,5730,10,497225336.0,145,Minor,59,20,74,1,0,15,5,344,1445422.488372093,1
Ainï¿½ï¿½ï¿½t Tha,Morgan Wallen,1,2023,3,3,356,4,88791109.0,121,Minor,64,67,80,0,0,36,3,134,662620.2164179104,11
Thinkinï¿½ï¿½ï¿½ B,Morgan Wallen,1,2023,3,3,604,6,125917280.0,140,Minor,66,43,76,49,0,12,3,134,939681.1940298508,11
Private Landing (feat. Justin Bieber & Future),"Don Toliver, Future, Justin Bieber",3,2023,2,23,1190,0,105062254.0,137,Minor,84,44,67,8,0,11,6,142,739875.0281690141,1
Everything I Love,Morgan Wallen,1,2023,1,31,579,0,95623148.0,104,Major,56,72,85,0,0,15,3,165,579534.2303030303,11
Heaven,Niall Horan,1,2023,2,17,1553,2,144584800.0,92,Major,57,68,76,7,0,33,3,148,976924.3243243244,1
LET GO,Central Cee,1,2022,12,15,2301,20,298063749.0,146,Minor,74,51,45,86,0,21,38,212,1405961.0801886793,2
Sial,Mahalini,1,2023,1,23,134,4,166570053.0,120,Major,56,20,43,89,0,12,4,173,962832.676300578,1
I Wrote The Book,Morgan Wallen,1,2023,1,31,430,0,83021468.0,144,Major,68,83,81,9,0,8,4,165,503160.4121212121,11
"Apna Bana Le (From ""Bhediya"")","Arijit Singh, Sachin-Jigar",2,2022,11,5,86,0,139836056.0,94,Major,59,44,56,80,0,6,3,252,554904.9841269841,1
SPIT IN MY FACE!,ThxSoMch,1,2022,10,31,629,14,303216294.0,94,Major,73,65,79,5,2,11,6,257,1179829.937743191,2
PLAYA DEL INGLï¿½,"Myke Towers, Quevedo",2,2022,12,15,1701,15,221409663.0,113,Minor,79,66,74,8,0,11,5,212,1044385.2028301888,1
Man Made A Bar (feat. Eric Church),"Morgan Wallen, Eric Church",2,2023,3,3,329,0,58890931.0,148,Major,50,49,76,12,0,12,3,134,439484.5597014925,1
Red Ruby Da Sleeze,Nicki Minaj,1,2023,3,3,1168,0,81419389.0,98,Major,70,29,73,12,0,11,26,134,607607.3805970149,2
Kahani Suno 2.0,Kaifi Khalil,1,2022,5,31,162,6,156777415.0,140,Major,58,26,38,91,0,10,4,410,382383.9390243903,1
Nobody Gets Me,SZA,1,2022,12,9,2536,6,284908316.0,100,Major,36,28,28,81,0,18,3,218,1306918.880733945,19
PERO Tï¿,"Karol G, Quevedo",2,2023,2,23,387,11,93438910.0,140,Major,86,68,79,39,0,11,29,142,658020.4929577465,1
Hype Boy,NewJeans,1,2022,8,1,892,17,363472647.0,100,Minor,59,78,94,27,0,29,23,348,1044461.6293103448,6
Bloody Mary,Lady Gaga,1,2011,1,1,3909,0,372476382.0,100,Minor,59,49,65,2,0,13,3,4578,81362.250327654,2
Monotonï¿½,"Ozuna, Shakira",2,2022,10,19,3645,15,380726517.0,132,Minor,87,82,70,42,0,21,5,269,1415340.2118959108,1
ýýý98 Braves,Morgan Wallen,1,2023,3,3,282,0,56533272.0,142,Major,49,48,67,10,0,26,3,134,421890.0895522388,11
WANDA,Quevedo,1,2023,1,20,888,22,175399345.0,176,Minor,72,96,63,25,0,21,7,176,996587.1875,4
Thought You Should Know,Morgan Wallen,1,2022,5,6,968,4,203221468.0,140,Major,53,51,70,49,0,14,3,435,467175.7885057471,11
In The End,Linkin Park,1,2000,10,24,25065,6,1624165576.0,105,Minor,55,40,90,1,0,32,6,8299,195706.178575732,2
Zona De Perigo,Leo Santana,1,2022,12,8,531,4,134294498.0,135,Major,81,97,77,75,0,35,3,219,613216.8858447488,1
Lovezinho,Treyce,1,2022,7,28,242,0,70069745.0,128,Minor,82,61,59,30,0,12,4,352,199061.77556818185,1
I Like You (A Happier Song) (with Doja Cat),"Post Malone, Doja Cat",2,2022,6,3,5281,14,609293408.0,101,Major,74,43,69,12,0,12,7,407,1497035.4004914004,1
Neverita,Bad Bunny,1,2022,5,6,2590,30,671365962.0,122,Major,88,43,50,7,0,14,5,435,1543370.0275862068,19
Vista Al Mar,Quevedo,1,2022,9,8,1769,34,362361576.0,105,Minor,76,49,56,80,12,10,13,310,1168908.3096774193,4
Sem Alianï¿½ï¿½a no ,"MC Xenon, Os Gemeos da Putaria",2,2022,12,23,454,4,93587665.0,83,Major,53,40,36,73,0,11,33,204,458763.0637254902,1
Enemy (with JID) - from the series Arcane League of Legends,"Imagine Dragons, League of Legends, JID, Arcane",4,2021,9,3,6180,7,1223481149.0,77,Minor,72,59,76,24,0,42,28,680,1799236.9838235294,1
Revenge,XXXTENTACION,1,2017,8,25,3600,11,1022258230.0,140,Minor,75,18,25,78,0,11,26,2150,475468.9441860465,2
Bombonzinho - Ao Vivo,"Israel & Rodolffo, Ana Castela",2,2022,11,3,1254,6,263453310.0,158,Major,65,72,95,31,0,92,5,254,1037217.7559055118,1
LA CANCIï¿½,"J Balvin, Bad Bunny",2,2019,6,28,6398,31,1435127549.0,176,Major,75,43,65,15,0,11,32,1478,970992.9289580514,1
Quï¿½ï¿½ Ago,"Yuridia, Angela Aguilar",2,2022,10,20,660,15,236857112.0,98,Major,73,88,57,56,0,5,2,268,883795.1940298508,1
Love Again,The Kid Laroi,1,2023,1,27,1283,0,147538971.0,107,Minor,66,47,40,72,0,11,3,169,873011.6627218935,2
After Hours,The Weeknd,1,2020,2,19,8084,6,698086140.0,109,Minor,66,16,57,10,1,12,3,1242,562066.1352657005,22
About Damn Time,Lizzo,1,2022,7,15,2332,2,723894473.0,109,Minor,84,72,74,10,0,34,7,365,1983272.528767124,3
Born With A Beer In My Hand,Morgan Wallen,1,2023,3,3,203,0,34450974.0,148,Major,53,61,81,5,0,36,4,134,257096.8208955224,11
ýýýýýýýýýýýýýýýýýýýýý,Fujii Kaze,1,2020,5,20,685,14,403097450.0,158,Minor,60,52,76,17,0,19,5,1151,350214.986967854,1
Besos Moja2,"Wisin & Yandel, ROSALï¿½",2,2022,9,29,2460,13,309483971.0,94,Minor,74,64,73,6,0,10,6,289,1070878.7923875432,1
Maan Meri Jaan,King,1,2022,10,12,288,6,319566866.0,96,Minor,70,40,51,35,0,10,4,276,1157850.963768116,1
Maan Meri Jaan,King,1,2022,10,12,288,6,319566866.0,96,Minor,70,40,51,35,0,10,4,276,1157850.963768116,1
Maan Meri Jaan,King,1,2022,10,12,288,6,319566866.0,96,Minor,70,40,51,35,0,10,4,276,1157850.963768116,1
Maan Meri Jaan,King,1,2022,10,12,288,6,319566866.0,96,Minor,70,40,51,35,0,10,4,276,1157850.963768116,1
Maan Meri Jaan,King,1,2022,10,12,288,6,319566866.0,96,Minor,70,40,51,35,0,10,4,276,1157850.963768116,1
Maan Meri Jaan,King,1,2022,10,12,288,6,319566866.0,96,Minor,70,40,51,35,0,10,4,276,1157850.963768116,1
Maan Meri Jaan,King,1,2022,10,12,288,6,319566866.0,96,Minor,70,40,51,35,0,10,4,276,1157850.963768116,1
Maan Meri Jaan,King,1,2022,10,12,288,6,319566866.0,96,Minor,70,40,51,35,0,10,4,276,1157850.963768116,1
Maan Meri Jaan,King,1,2022,10,12,288,6,319566866.0,96,Minor,70,40,51,35,0,10,4,276,1157850.963768116,1
Maan Meri Jaan,King,1,2022,10,12,288,6,319566866.0,96,Minor,70,40,51,35,0,10,4,276,1157850.963768116,1
Maan Meri Jaan,King,1,2022,10,12,288,6,319566866.0,96,Minor,70,40,51,35,0,10,4,276,1157850.963768116,1
Moscow Mule,Bad Bunny,1,2022,5,6,4572,33,909001996.0,100,Minor,80,29,67,29,0,12,3,435,2089659.76091954,19
My Universe,"Coldplay, BTS",2,2021,9,24,6127,13,1061966512.0,105,Major,58,42,68,1,0,14,4,659,1611481.808801214,1
Devil Donï¿½ï¿½ï¿½,Morgan Wallen,1,2023,3,3,166,0,32526947.0,125,Major,53,32,66,38,0,9,3,134,242738.4104477612,11
LLYLM,ROSALï¿½,1,2023,1,27,1838,0,124988687.0,170,Minor,56,56,63,13,0,19,27,169,739578.0295857989,2
I'm Not Here To Make Friends,"Sam Smith, Calvin Harris, Jessie Reyez",3,2023,1,27,1890,0,103787664.0,115,Major,70,84,90,17,0,41,6,169,614128.1893491125,1
TRUSTFALL,P!nk,1,2023,1,27,2098,16,134255790.0,122,Major,64,25,89,0,0,15,9,169,794412.9585798817,1
ANTIFRAGILE,LE SSERAFIM,1,2022,10,17,761,12,301051721.0,105,Minor,88,82,80,8,0,11,8,271,1110891.959409594,2
Boy's a liar,PinkPantheress,1,2022,11,30,1225,0,156338624.0,133,Major,66,74,84,25,0,21,4,227,688716.4052863437,1
VIBE (feat. Jimin of BTS),"TAEYANG, Jimin",2,2023,1,13,415,2,152850295.0,100,Major,79,60,68,7,0,26,4,183,835247.5136612022,1
Shirt,SZA,1,2022,10,28,3469,0,309653982.0,120,Minor,82,55,45,15,3,9,10,260,1190976.853846154,19
Lift Me Up - From Black Panther: Wakanda Forever - Music From and Inspired By,Rihanna,1,2022,10,28,3311,0,297328960.0,177,Major,25,17,30,90,0,13,3,260,1143572.923076923,1
STAR WALKIN' (League of Legends Worlds Anthem),Lil Nas X,1,2022,9,22,2616,0,332506354.0,142,Minor,64,31,72,15,0,9,5,296,1123332.277027027,3
"Sex, Drugs, Etc.",Beach Weather,1,2016,11,4,3006,16,480507035.0,144,Minor,57,47,84,1,1,52,4,2444,196606.8064648118,1
Boy With Luv (feat. Halsey),"Halsey, BTS",2,2019,4,12,4260,0,1065580332.0,120,Minor,65,80,86,9,0,19,10,1555,685260.6636655949,1
"Hey, Mickey!",Baby Tate,1,2016,9,27,482,0,122763672.0,135,Major,92,73,51,55,0,15,6,2482,49461.59226430298,1
Calm Down,Rï¿½ï,1,2022,2,9,4013,10,445763624.0,107,Major,81,82,78,38,0,12,4,521,855592.3685220729,1
Jhoome Jo Pathaan,"Arijit Singh, Vishal Dadlani, Sukriti Kakar, Vishal-Shekhar, Shekhar Ravjiani, Kumaar",6,2022,12,22,138,4,1365184.0,105,Major,82,62,74,10,0,33,7,205,6659.434146341463,1
Escapism. - Sped Up,"RAYE, 070 Shake",2,2022,11,25,1368,0,184308753.0,108,Minor,44,38,77,9,0,9,20,232,794434.2801724138,2
Space Song,Beach House,1,2015,1,1,17852,4,789753877.0,147,Minor,51,62,79,22,13,14,3,3117,253369.86750080207,1
Dreamers [Music from the FIFA World Cup Qatar 2022 Official Soundtrack],"BTS, Jung Kook, FIFA Sound",3,2022,11,20,889,20,323358833.0,115,Major,71,34,88,16,0,44,4,237,1364383.2616033754,1
Te Felicito,"Shakira, Rauw Alejandro",2,2022,4,21,4796,9,606361689.0,174,Major,70,57,64,23,0,8,32,450,1347470.42,1
Muï¿½ï¿½,"Steve Aoki, Tini, La Joaqui",3,2023,1,12,658,6,120972253.0,90,Minor,68,83,71,3,0,31,8,184,657457.8967391305,1
TV,Billie Eilish,1,2022,7,21,3009,2,338564981.0,141,Minor,41,9,25,84,1,14,4,359,943077.9415041782,5
I'm Not The Only One,Sam Smith,1,2014,1,1,17492,3,1606986953.0,82,Major,68,50,49,56,0,8,4,3482,461512.6229178633,1
I'm Not The Only One,Sam Smith,1,2014,1,1,17492,3,1606986953.0,82,Major,68,50,49,56,0,8,4,3482,461512.6229178633,1
I'm Not The Only One,Sam Smith,1,2014,1,1,17492,3,1606986953.0,82,Major,68,50,49,56,0,8,4,3482,461512.6229178633,1
I'm Not The Only One,Sam Smith,1,2014,1,1,17492,3,1606986953.0,82,Major,68,50,49,56,0,8,4,3482,461512.6229178633,1
I'm Not The Only One,Sam Smith,1,2014,1,1,17492,3,1606986953.0,82,Major,68,50,49,56,0,8,4,3482,461512.6229178633,1
I'm Not The Only One,Sam Smith,1,2014,1,1,17492,3,1606986953.0,82,Major,68,50,49,56,0,8,4,3482,461512.6229178633,1
I'm Not The Only One,Sam Smith,1,2014,1,1,17492,3,1606986953.0,82,Major,68,50,49,56,0,8,4,3482,461512.6229178633,1
Heather,Conan Gray,1,2020,3,20,6170,7,1301799902.0,92,Major,47,25,43,62,0,32,3,1212,1074092.3283828383,1
"Besharam Rang (From ""Pathaan"")","Vishal-Shekhar, Shilpa Rao, Caralisa Monteiro, Kumaar, Vishal Dadlani, Shekhar Ravjiani",6,2022,12,12,130,4,140187018.0,116,Minor,77,65,80,6,0,15,4,215,652032.6418604652,1
One Kiss (with Dua Lipa),"Calvin Harris, Dua Lipa",2,2017,6,2,27705,10,1897517891.0,124,Minor,79,59,86,4,0,8,11,2234,849381.3299015219,1
Sugar Rush Ride,TOMORROW X TOGETHER,1,2023,1,27,359,0,107642809.0,125,Minor,71,83,89,1,0,17,9,169,636939.6982248521,1
Pink Venom,BLACKPINK,1,2022,8,19,1963,16,551305895.0,90,Major,80,71,69,2,0,27,10,330,1670623.9242424243,3
WAIT FOR U (feat. Drake & Tems),"Drake, Future, Tems",3,2022,4,27,5491,14,556585270.0,83,Major,46,34,64,31,0,7,34,444,1253570.4279279278,1
Don't Start Now,Dua Lipa,1,2019,10,31,27119,0,2303033973.0,124,Minor,79,68,79,1,0,10,8,1353,1702168.494456763,3
After Dark,Mr.Kitty,1,2014,8,8,1776,14,646886885.0,140,Major,58,4,60,7,41,8,3,3263,198249.1219736439,1
Eu Gosto Assim - Ao Vivo,"Gustavo Mioto, Mari Fernandez",2,2022,9,16,1473,4,222612678.0,154,Major,64,61,91,15,0,72,4,302,737128.0728476822,1
INDUSTRY BABY (feat. Jack Harlow),"Jack Harlow, Lil Nas X",2,2021,7,23,13315,0,1814349763.0,150,Minor,74,89,70,2,0,5,6,722,2512949.810249308,1
MIDDLE OF THE NIGHT,Elley Duhï¿,1,2020,1,10,4057,8,872137015.0,186,Minor,41,9,61,2,0,12,5,1282,680294.0834633386,1
Atlantis,Seafret,1,2015,4,22,3045,6,571386359.0,166,Minor,40,23,48,5,0,12,3,3006,190081.95575515635,1
PUNTO 40,"Baby Rasta, Rauw Alejandro",2,2022,9,22,3006,12,304079786.0,107,Major,87,20,83,0,4,31,9,296,1027296.5743243244,1
Evoque Prata,"DJ Escobar, MC MENOR SG, MC MENOR HR",3,2022,9,9,852,0,174006928.0,87,Major,87,52,52,31,0,28,24,309,563129.216828479,1
How Do I Say Goodbye,Dean Lewis,1,2022,8,5,2163,15,284785823.0,82,Major,40,39,64,21,0,7,7,344,827865.7645348837,1
Blind,SZA,1,2022,12,9,1484,0,163284000.0,114,Minor,46,60,28,91,0,21,4,218,749009.1743119266,19
Die For You,Joji,1,2022,11,4,1703,0,246390068.0,148,Major,47,15,52,38,13,29,5,253,973873.7865612648,3
Die For You,Joji,1,2022,11,4,1703,0,246390068.0,148,Major,47,15,52,38,13,29,5,253,973873.7865612648,3
Doja,Central Cee,1,2022,7,20,4169,44,482257456.0,140,Major,91,97,57,38,0,40,29,360,1339604.0444444444,2
Gatita,Bellakath,1,2022,10,3,1054,0,168684524.0,101,Major,90,76,81,15,24,33,6,285,591875.5228070176,1
Rumble,"Skrillex, Flowdan, Fred again..",3,2022,1,17,2849,0,78489819.0,140,Minor,81,6,84,5,23,6,6,544,144282.75551470587,1
Niagara Falls (Foot or 2) [with Travis Scott & 21 Savage],"Travis Scott, 21 Savage, Metro Boomin",3,2022,12,2,1602,0,195516622.0,88,Minor,49,24,66,19,0,18,29,225,868962.7644444444,1
Yonaguni,Bad Bunny,1,2021,6,4,9644,28,1260594497.0,180,Major,64,44,65,28,0,14,12,771,1635012.317769131,19
Super Freaky Girl,Nicki Minaj,1,2022,8,12,4827,0,428685680.0,133,Major,95,91,89,6,0,31,24,337,1272064.3323442135,2
Running Up That Hill (A Deal With God),Kate Bush,1,1985,9,16,21811,0,1024858327.0,108,Minor,63,20,55,72,0,6,6,13816,74179.09141574985,1
Dream On,Aerosmith,1,1973,1,5,168,0,838586769.0,80,Minor,39,24,43,39,0,23,3,18453,45444.46805397496,1
Limbo,Freddie Dredd,1,2022,8,11,688,0,199386237.0,75,Minor,80,46,62,3,6,11,46,338,589900.1094674557,1
Where Are You Now,"Lost Frequencies, Calum Scott",2,2021,7,30,10565,44,972509632.0,121,Minor,67,26,64,52,0,17,10,715,1360153.3314685314,1
WORTH NOTHING,"Twisted, Oliver Tree",2,2022,9,28,1612,0,213438580.0,140,Minor,58,17,62,18,0,20,8,290,735995.1034482758,1
Bad Habits,Ed Sheeran,1,2020,9,3,12755,8,1555511105.0,126,Minor,81,59,90,5,0,36,3,1045,1488527.3732057416,9
Bad Habits,Ed Sheeran,1,2020,9,3,12755,8,1555511105.0,126,Minor,81,59,90,5,0,36,3,1045,1488527.3732057416,9
KICK BACK,Kenshi Yonezu,1,2022,10,12,574,4,210038833.0,102,Major,58,29,94,0,0,9,11,276,761010.2644927537,1
Evergreen (You Didnï¿½ï¿½ï¿½t Deserve Me A,Omar Apollo,1,2022,4,8,2499,0,227918678.0,82,Major,70,31,34,60,1,11,4,463,492264.96328293736,1
Good Days,SZA,1,2020,12,24,10426,2,826623384.0,121,Minor,46,53,78,23,0,72,6,933,885984.3344051447,19
Levitating (feat. DaBaby),"Dua Lipa, DaBaby",2,2020,3,27,15894,8,1802514301.0,103,Minor,70,92,83,1,0,7,6,1205,1495862.4904564316,1
Woman,Doja Cat,1,2021,6,25,9424,0,1329090101.0,108,Minor,82,88,76,9,0,12,9,750,1772120.1346666666,6
Shut up My Moms Calling - (Sped Up),Hotel Ugly,1,2022,9,14,713,7,181831132.0,85,Minor,65,36,47,31,0,12,10,304,598128.7236842106,2
Ferrari,"James Hype, Miggy Dela Rosa",2,2022,3,14,7758,28,462791599.0,125,Minor,84,70,69,1,0,5,5,488,948343.4405737704,1
"You're On Your Own, Kid",Taylor Swift,1,2022,10,21,2537,2,348647203.0,120,Major,69,40,39,41,0,13,6,267,1305794.767790262,34
"Kesariya (From ""Brahmastra"")","Pritam, Arijit Singh, Amitabh Bhattacharya",3,2022,7,17,292,6,366599607.0,94,Major,58,44,57,57,0,10,3,363,1009916.2727272728,1
Agudo Mï¿½ï¿½gi,"Styrx, utku INC, Thezth",3,1930,1,1,323,0,90598517.0,130,Minor,65,49,80,22,4,7,5,34163,2651.948511547581,1
Payphone,"Maroon 5, Wiz Khalifa",2,2012,1,1,14143,4,1479264469.0,110,Major,74,51,74,2,0,29,4,4213,351119.0289579872,1
All I Want for Christmas Is You,Mariah Carey,1,1994,10,28,25653,0,1449779435.0,150,Major,34,33,63,16,0,7,4,10487,138245.3928673596,1
Last Christmas,Wham!,1,1984,1,1,22153,0,1159176109.0,107,Minor,74,88,65,28,0,46,3,14440,80275.35380886427,1
Rockin' Around The Christmas Tree,Brenda Lee,1,1958,1,1,14994,0,769213520.0,140,Major,70,85,41,71,0,45,5,23936,32136.260026737968,1
Jingle Bell Rock,Bobby Helms,1,1957,1,1,10326,0,741301563.0,119,Major,74,78,37,84,0,6,3,24301,30504.981811448088,1
It's Beginning To Look A Lot Like Christmas,Michael Bublï¿,1,2011,10,14,12353,0,807561936.0,93,Major,35,38,23,91,0,29,3,4292,188155.1575023299,2
Santa Tell Me,Ariana Grande,1,2013,12,13,9408,0,834129063.0,133,Major,46,53,63,5,0,30,18,3501,238254.5167095116,2
It's the Most Wonderful Time of the Year,Andy Williams,1,1963,10,14,8879,0,663832097.0,202,Major,24,76,60,77,0,12,4,21824,30417.526438782992,1
It's the Most Wonderful Time of the Year,Andy Williams,1,1963,10,14,8879,0,663832097.0,202,Major,24,76,60,77,0,12,4,21824,30417.526438782992,1
It's the Most Wonderful Time of the Year,Andy Williams,1,1963,10,14,8879,0,663832097.0,202,Major,24,76,60,77,0,12,4,21824,30417.526438782992,1
It's the Most Wonderful Time of the Year,Andy Williams,1,1963,10,14,8879,0,663832097.0,202,Major,24,76,60,77,0,12,4,21824,30417.526438782992,1
It's the Most Wonderful Time of the Year,Andy Williams,1,1963,10,14,8879,0,663832097.0,202,Major,24,76,60,77,0,12,4,21824,30417.526438782992,1
It's the Most Wonderful Time of the Year,Andy Williams,1,1963,10,14,8879,0,663832097.0,202,Major,24,76,60,77,0,12,4,21824,30417.526438782992,1
It's the Most Wonderful Time of the Year,Andy Williams,1,1963,10,14,8879,0,663832097.0,202,Major,24,76,60,77,0,12,4,21824,30417.526438782992,1
It's the Most Wonderful Time of the Year,Andy Williams,1,1963,10,14,8879,0,663832097.0,202,Major,24,76,60,77,0,12,4,21824,30417.526438782992,1
It's the Most Wonderful Time of the Year,Andy Williams,1,1963,10,14,8879,0,663832097.0,202,Major,24,76,60,77,0,12,4,21824,30417.526438782992,1
Let It Snow! Let It Snow! Let It Snow!,Dean Martin,1,1959,11,16,6512,0,446390129.0,134,Major,45,72,24,91,0,18,4,23252,19197.924006537072,1
Snowman,Sia,1,2017,1,1,5140,0,690104769.0,105,Major,72,33,51,48,0,9,3,2386,289230.833612741,2
Underneath the Tree,Kelly Clarkson,1,2013,10,25,6596,0,485285717.0,160,Major,51,69,81,0,0,21,5,3550,136700.20197183095,1
Feliz Navidad,Josï¿½ï¿½ Felic,1,1970,11,1,3788,0,520034544.0,148,Major,50,96,82,47,0,34,4,19249,27016.18494467245,1
Holly Jolly Christmas,Michael Bublï¿,1,2011,10,14,7655,0,476244795.0,151,Major,65,70,47,87,0,9,4,4292,110961.04263746506,2
Mistletoe,Justin Bieber,1,2011,1,1,9577,0,629173063.0,162,Minor,67,88,54,51,0,9,4,4578,137434.04608999562,3
Sleigh Ride,The Ronettes,1,1963,11,22,10114,0,404664135.0,92,Major,53,84,77,40,0,32,3,21785,18575.35620840028,1
Seek & Destroy,SZA,1,2022,12,9,1007,0,98709329.0,152,Major,65,35,65,44,18,21,7,218,452795.0871559633,19
Love Language,SZA,1,2022,12,9,1127,0,110849052.0,65,Minor,71,55,26,85,0,13,8,218,508481.8899082569,19
Happy Xmas (War Is Over),"John Lennon, The Harlem Community Choir, The Plastic Ono Band, Yoko Ono",4,1971,12,1,10829,0,460492795.0,147,Major,33,39,61,32,0,77,3,18854,24424.14315264665,1
Used (feat. Don Toliver),"SZA, Don Toliver",2,2022,12,8,1042,0,94005786.0,150,Minor,73,71,69,53,0,32,9,219,429250.1643835616,1
A Holly Jolly Christmas - Single Version,Burl Ives,1,1952,1,1,7930,0,395591396.0,140,Major,67,81,36,64,0,15,3,26128,15140.515768524188,1
The Christmas Song (Merry Christmas To You) - Remastered 1999,Nat King Cole,1,1946,11,1,11500,0,389771964.0,139,Major,36,22,15,84,0,11,4,28015,13912.973906835625,2
Wonderful Christmastime - Edited Version / Remastered 2011,Paul McCartney,1,1979,11,16,1685,0,403939487.0,95,Major,75,74,58,36,0,9,3,15947,25330.12397316109,1
Do They Know It's Christmas? - 1984 Version,Band Aid,1,1984,11,25,14169,0,481697415.0,115,Major,60,23,57,0,2,27,3,14111,34136.306073276166,1
Do They Know It's Christmas? - 1984 Version,Band Aid,1,1984,11,25,14169,0,481697415.0,115,Major,60,23,57,0,2,27,3,14111,34136.306073276166,1
Ghost in the Machine (feat. Phoebe Bridgers),"SZA, Phoebe Bridgers",2,2022,12,9,1634,0,110073250.0,125,Major,62,59,43,84,3,11,5,218,504923.1651376147,1
Special,SZA,1,2022,12,9,906,0,88092256.0,76,Major,60,19,20,78,0,11,5,218,404092.9174311927,19
Merry Christmas Everyone,Shakin' Stevens,1,1984,1,1,1087,0,351636786.0,101,Minor,72,91,87,14,0,13,3,14440,24351.577977839333,1
Let It Snow! Let It Snow! Let It Snow!,"Frank Sinatra, B. Swanson Quartet",2,1950,1,1,10585,0,473248298.0,143,Major,60,86,32,88,0,34,6,26858,17620.38491324745,1
SOS,SZA,1,2022,12,9,827,0,73981293.0,119,Minor,51,51,66,67,0,9,23,218,339363.7293577982,19
Open Arms (feat. Travis Scott),"SZA, Travis Scott",2,2022,12,8,1420,4,155653938.0,78,Major,67,22,59,76,1,15,16,219,710748.5753424658,1
White Christmas,"Bing Crosby, John Scott Trotter & His Orchestra, Ken Darby Singers",3,1942,1,1,11940,0,395591396.0,96,Major,23,19,25,91,0,40,3,29780,13283.794358629952,1
Driving Home for Christmas - 2019 Remaster,Chris Rea,1,1986,1,1,888,0,429504768.0,180,Major,51,87,58,36,0,18,4,13709,31330.13115471588,1
Christmas (Baby Please Come Home),Darlene Love,1,1963,11,22,9122,0,242767149.0,126,Major,34,35,76,39,0,8,5,21785,11143.775487720908,1
Gone Girl,SZA,1,2022,12,9,892,0,65362788.0,150,Major,43,42,44,57,0,15,6,218,299829.3027522936,19
F2F,SZA,1,2022,12,9,989,0,67540165.0,90,Major,53,47,74,9,0,34,4,218,309817.2706422018,19
Notice Me,SZA,1,2022,12,9,819,0,62019074.0,160,Major,72,78,68,28,0,11,12,218,284491.1651376147,19
Merry Christmas,"Ed Sheeran, Elton John",2,2017,11,10,2209,0,135723538.0,114,Major,59,60,94,24,0,10,4,2073,65472.039556198746,1
It's Beginning to Look a Lot Like Christmas (with Mitchell Ayres & His Orchestra),"Perry Como, The Fontane Sisters, Mitchell Ayres & His Orchestra",3,1958,1,1,6290,0,295998468.0,113,Major,73,72,32,77,0,15,5,23936,12366.246156417112,1
My Only Wish (This Year),Britney Spears,1,2000,11,7,6952,0,261116938.0,147,Major,67,69,72,17,0,19,3,8285,31516.83017501509,1
Antidepresan,"Mabel Matiz, Mert Demir",2,2022,11,4,313,2,136689549.0,100,Minor,70,92,59,3,0,10,3,253,540274.8972332015,1
Wild Flower (with youjeen),RM,1,2022,12,2,353,2,135611421.0,155,Major,49,42,77,3,0,12,9,225,602717.4266666666,1
Wild Flower (with youjeen),RM,1,2022,12,2,353,2,135611421.0,155,Major,49,42,77,3,0,12,9,225,602717.4266666666,1
I Hate U,SZA,1,2021,12,3,4094,0,356709897.0,107,Minor,54,41,39,51,0,11,16,589,605619.519524618,19
Raindrops (Insane) [with Travis Scott],"Travis Scott, Metro Boomin",2,2022,12,2,880,0,110649992.0,112,Major,80,15,54,9,0,38,5,225,491777.7422222222,1
SPIT IN MY FACE!,ThxSoMch,1,2022,10,31,573,0,301869854.0,166,Major,70,57,57,9,20,11,7,257,1174590.8715953308,2
Deck The Hall - Remastered 1999,Nat King Cole,1,1959,1,1,3299,0,127027715.0,107,Minor,69,96,36,81,0,8,4,23571,5389.152560349582,2
Smoking on my Ex Pack,SZA,1,2022,12,9,811,0,57144458.0,81,Major,47,33,68,24,0,22,38,218,262130.54128440368,19
Conceited,SZA,1,2022,12,9,899,0,56870689.0,150,Major,79,77,46,5,0,11,7,218,260874.72018348624,19
Snow On The Beach (feat. Lana Del Rey),"Taylor Swift, Lana Del Rey",2,2022,10,21,2415,0,323437194.0,110,Major,66,19,32,69,0,12,4,267,1211375.2584269664,1
Maroon,Taylor Swift,1,2022,10,21,2304,0,317726339.0,108,Major,64,4,40,6,0,10,6,267,1189986.288389513,34
Tubarï¿½ï¿½o Te,"Dj LK da Escï¿½ï¿½cia, Tchakabum, mc jhenny, M",4,2022,9,28,1003,0,116144341.0,130,Minor,89,48,74,30,0,7,36,290,400497.7275862069,1
Bejeweled,Taylor Swift,1,2022,10,21,2699,0,328207708.0,164,Major,70,39,56,6,0,9,7,267,1229242.3520599252,34
Tarot,"Bad Bunny, Jhay Cortez",2,2022,5,6,2482,20,608228647.0,114,Minor,80,42,68,2,0,66,4,435,1398226.7747126436,2
You Make It Feel Like Christmas (feat. Blake Shelton),"Gwen Stefani, Blake Shelton",2,2005,9,20,2577,0,180577478.0,93,Major,63,93,88,1,0,12,4,6507,27751.26448440141,1
Desesperados,"Chencho Corleone, Rauw Alejandro",2,2021,6,25,6821,34,809306935.0,90,Minor,87,51,69,36,0,9,8,750,1079075.913333333,1
Too Late,SZA,1,2022,12,8,714,0,49262961.0,128,Major,45,35,68,78,0,39,8,219,224945.02739726027,19
Party,"Bad Bunny, Rauw Alejandro",2,2022,5,6,3185,4,614555082.0,97,Major,83,47,80,2,0,24,9,435,1412770.303448276,1
Run Rudolph Run - Single Version,Chuck Berry,1,1958,1,1,8612,0,245350949.0,152,Minor,69,94,71,79,0,7,8,23936,10250.290315842249,1
Jingle Bells - Remastered 1999,Frank Sinatra,1,1957,1,1,4326,0,178660459.0,175,Major,51,94,34,73,0,10,5,24301,7351.979712769022,1
Far,SZA,1,2022,12,9,680,0,51641685.0,116,Major,61,48,55,67,0,16,8,218,236888.4633027523,19
On Time (with John Legend),"John Legend, Metro Boomin",2,2022,12,2,398,0,78139948.0,80,Minor,33,51,59,76,0,44,6,225,347288.65777777776,1
GATï¿½ï¿½,"Maldy, Karol G",2,2022,8,25,3328,13,322336177.0,93,Minor,63,34,86,26,0,21,39,324,994864.7438271604,1
ýýýabcdefu,Gayle,1,2021,8,13,7215,0,1007612429.0,122,Major,70,42,54,30,0,37,5,701,1437392.9087018543,1
Sacrifice,The Weeknd,1,2022,1,7,4440,0,326792833.0,122,Major,70,91,79,3,0,7,10,554,589878.7599277978,22
Is There Someone Else?,The Weeknd,1,2022,1,7,2881,6,391251368.0,135,Minor,70,60,58,4,0,16,3,554,706229.9061371841,22
Fingers Crossed,"Lauren Spencer Smith, Lauren Spencer Smith, Lauren Spencer Smith",3,2022,1,5,2235,0,349585590.0,109,Major,60,45,47,62,0,31,5,556,628751.0611510791,1
Out of Time,The Weeknd,1,2022,1,7,3711,0,339659802.0,93,Minor,65,82,74,27,0,32,5,554,613104.3357400722,22
Do It To It,"Cherish, ACRAZE",2,2021,8,20,12403,0,674772936.0,125,Minor,85,64,81,2,5,7,9,694,972295.2968299713,1
We Don't Talk About Bruno,"Adassa, Mauro Castillo, Stephanie Beatriz, Encanto - Cast, Rhenzy Feliz, Diane Guerrero, Carolina Gaitan",7,2021,11,19,2785,0,432719968.0,206,Minor,58,83,45,36,0,11,8,603,717611.8872305141,1
Pepas,Farruko,1,2021,6,24,14114,17,1309887447.0,130,Major,76,44,77,1,0,13,3,751,1744191.0079893474,1
How Do I Make You Love Me?,The Weeknd,1,2022,1,7,1915,0,119238316.0,121,Minor,80,62,51,2,0,9,8,554,215231.61732851985,22
Gasoline,The Weeknd,1,2022,1,7,2297,0,116903579.0,123,Minor,74,35,73,0,0,21,5,554,211017.2906137184,22
Infinity,Jaymes Young,1,2017,6,23,4375,0,888046992.0,122,Minor,67,50,67,15,0,30,4,2213,401286.4853140533,1
Less Than Zero,The Weeknd,1,2022,1,7,2800,0,200660871.0,143,Major,53,50,79,0,0,8,3,554,362203.738267148,22
Take My Breath,The Weeknd,1,2021,8,6,2597,0,130655803.0,121,Minor,70,35,77,1,0,26,4,708,184542.0946327684,22
good 4 u,Olivia Rodrigo,1,2021,5,14,15563,6,1887039593.0,166,Minor,56,68,66,28,0,11,18,792,2382625.748737374,7
"Here We Goï¿½ï¿½ï¿½ Again (feat. Tyler, the Cr","The Weeknd, Tyler, The Creator",3,2022,1,7,1420,0,88103848.0,135,Major,41,27,64,36,0,60,3,554,159032.2166064982,1
Best Friends,The Weeknd,1,2022,1,7,1292,0,101114984.0,87,Minor,49,49,59,44,0,35,21,554,182518.02166064983,22
Kiss Me More (feat. SZA),"SZA, Doja Cat",2,2021,4,9,15867,0,1575467011.0,111,Major,77,74,66,30,0,13,3,827,1905038.707376058,1
I Heard You're Married (feat. Lil Wayne),"The Weeknd, Lil Wayne",2,2022,1,7,1178,0,91656026.0,110,Major,75,85,84,10,0,31,19,554,165444.09025270757,1
Need To Know,Doja Cat,1,2021,6,11,6672,0,1042568408.0,130,Major,66,19,61,30,0,9,7,764,1364618.335078534,6
MONTERO (Call Me By Your Name),Lil Nas X,1,2020,9,18,12329,0,1735441776.0,179,Minor,61,76,51,30,0,38,15,1030,1684894.9281553398,3
love nwantiti (ah ah ah),Ckay,1,2019,7,26,5669,2,726837877.0,93,Minor,74,53,73,61,0,13,4,1450,501267.5013793103,1
Dawn FM,The Weeknd,1,2022,1,7,811,0,53933526.0,78,Minor,27,10,49,62,0,49,5,554,97352.93501805054,22
Surface Pressure,Jessica Darrow,1,2021,11,19,1756,0,267758538.0,180,Major,65,37,58,2,0,4,31,603,444044.0099502488,1
Starry Eyes,The Weeknd,1,2022,1,7,1014,0,74601456.0,86,Minor,28,13,41,50,0,19,3,554,134659.6678700361,22
THATS WHAT I WANT,Lil Nas X,1,2021,9,17,7963,0,920797189.0,88,Minor,74,55,85,1,0,5,22,666,1382578.3618618618,3
One Right Now (with The Weeknd),"The Weeknd, Post Malone",2,2021,11,5,4771,0,539595276.0,97,Major,68,72,78,4,0,7,5,617,874546.6385737439,1
Beggin,Mï¿½ï¿½ne,1,2017,12,8,8559,0,1367810478.0,134,Minor,71,59,80,13,0,36,5,2045,668855.9794621026,4
Mon Amour - Remix,"Aitana, zzoilo",2,2020,9,21,3221,2,578207856.0,116,Major,75,36,76,12,0,10,10,1027,563006.6757546251,1
Lo Siento BB:/ (with Bad Bunny & Julieta Venegas),"Julieta Venegas, Bad Bunny, Tainy",3,2021,10,5,3423,26,775542072.0,170,Minor,64,14,70,9,0,9,8,648,1196824.1851851852,1
MONEY,Lisa,1,2021,9,10,2566,13,863625566.0,140,Minor,83,40,55,16,0,14,23,673,1283247.497771174,1
MONEY,Lisa,1,2021,9,10,2566,13,863625566.0,140,Minor,83,40,55,16,0,14,23,673,1283247.497771174,1
MONEY,Lisa,1,2021,9,10,2566,13,863625566.0,140,Minor,83,40,55,16,0,14,23,673,1283247.497771174,1
MONEY,Lisa,1,2021,9,10,2566,13,863625566.0,140,Minor,83,40,55,16,0,14,23,673,1283247.497771174,1
MONEY,Lisa,1,2021,9,10,2566,13,863625566.0,140,Minor,83,40,55,16,0,14,23,673,1283247.497771174,1
MONEY,Lisa,1,2021,9,10,2566,13,863625566.0,140,Minor,83,40,55,16,0,14,23,673,1283247.497771174,1
MONEY,Lisa,1,2021,9,10,2566,13,863625566.0,140,Minor,83,40,55,16,0,14,23,673,1283247.497771174,1
MONEY,Lisa,1,2021,9,10,2566,13,863625566.0,140,Minor,83,40,55,16,0,14,23,673,1283247.497771174,1
MONEY,Lisa,1,2021,9,10,2566,13,863625566.0,140,Minor,83,40,55,16,0,14,23,673,1283247.497771174,1
MONEY,Lisa,1,2021,9,10,2566,13,863625566.0,140,Minor,83,40,55,16,0,14,23,673,1283247.497771174,1
MONEY,Lisa,1,2021,9,10,2566,13,863625566.0,140,Minor,83,40,55,16,0,14,23,673,1283247.497771174,1
MONEY,Lisa,1,2021,9,10,2566,13,863625566.0,140,Minor,83,40,55,16,0,14,23,673,1283247.497771174,1
MONEY,Lisa,1,2021,9,10,2566,13,863625566.0,140,Minor,83,40,55,16,0,14,23,673,1283247.497771174,1
MONEY,Lisa,1,2021,9,10,2566,13,863625566.0,140,Minor,83,40,55,16,0,14,23,673,1283247.497771174,1
MONEY,Lisa,1,2021,9,10,2566,13,863625566.0,140,Minor,83,40,55,16,0,14,23,673,1283247.497771174,1
MONEY,Lisa,1,2021,9,10,2566,13,863625566.0,140,Minor,83,40,55,16,0,14,23,673,1283247.497771174,1
MONEY,Lisa,1,2021,9,10,2566,13,863625566.0,140,Minor,83,40,55,16,0,14,23,673,1283247.497771174,1
MONEY,Lisa,1,2021,9,10,2566,13,863625566.0,140,Minor,83,40,55,16,0,14,23,673,1283247.497771174,1
MONEY,Lisa,1,2021,9,10,2566,13,863625566.0,140,Minor,83,40,55,16,0,14,23,673,1283247.497771174,1
The Motto,"Tiï¿½ï¿½sto, Ava",2,2021,11,4,9151,6,656013912.0,118,Minor,75,46,76,3,0,9,4,618,1061511.1844660195,1
Happier Than Ever,Billie Eilish,1,2021,7,30,8476,0,1056760045.0,65,Major,31,31,24,76,0,14,4,715,1477986.076923077,5
Moth To A Flame (with The Weeknd),"The Weeknd, Swedish House Mafia",2,2021,10,22,7495,17,611994237.0,120,Minor,56,16,67,0,0,11,4,631,969879.9318541996,1
traitor,"Juan Cruz Toledo, Huilen Toledo",2,2021,5,21,5257,6,1230855859.0,176,Major,29,12,33,68,0,12,5,785,1567969.247133758,1
Toxic,BoyWithUke,1,2021,9,10,1795,0,582981380.0,180,Minor,59,69,61,84,0,46,36,673,866242.7637444279,1
drivers license,Olivia Rodrigo,1,2021,1,8,12685,3,1858144199.0,144,Major,59,21,43,76,0,10,7,918,2024122.2211328973,7
Malvadï¿½ï¿,"Xamï¿½ï¿½, Gustah, Neo B",3,2021,11,30,648,1,240684449.0,133,Minor,82,52,61,38,0,14,27,592,406561.5692567568,1
All Too Well (10 Minute Version) (Taylor's Version) (From The Vault),Taylor Swift,1,2021,11,12,4635,5,583687007.0,93,Major,63,21,52,28,0,9,3,610,956863.9459016392,34
Donï¿½ï¿½ï¿½t Break My,The Weeknd,1,2022,1,7,1184,0,63803529.0,122,Major,77,25,62,34,0,23,3,554,115168.82490974729,22
Oh My God,Adele,1,2021,11,19,4431,0,466214729.0,88,Major,53,55,73,9,0,3,5,603,773158.7545605307,4
Oh My God,Adele,1,2021,11,19,4431,0,466214729.0,88,Major,53,55,73,9,0,3,5,603,773158.7545605307,4
Oh My God,Adele,1,2021,11,19,4431,0,466214729.0,88,Major,53,55,73,9,0,3,5,603,773158.7545605307,4
Entre Nosotros (Remix) [con Nicki Nicole],"Lit Killah, Maria Becerra, Tiago pzk, NICKI NICOLE",4,2022,1,5,759,3,236940480.0,170,Minor,70,61,44,40,0,37,4,556,426151.9424460432,1
A Tale By Quincy,The Weeknd,1,2022,1,7,733,0,41924466.0,94,Minor,46,55,50,71,0,10,11,554,75675.93140794223,22
I AM WOMAN,Emmy Meli,1,2021,11,18,2795,0,225259194.0,170,Major,65,46,47,12,0,13,16,604,372945.6854304636,1
Medallo,"Justin Quiles, Lenny Tavï¿½ï¿½rez, BL",3,2021,10,27,2780,2,393230256.0,90,Minor,79,79,70,57,0,66,8,626,628163.3482428115,1
It'll Be Okay,Shawn Mendes,1,2021,12,1,1950,0,287201015.0,78,Major,40,7,29,62,0,9,3,591,485957.7241962775,3
Softcore,The Neighbourhood,1,2018,3,9,3947,12,599770206.0,94,Major,57,36,58,5,0,15,3,1954,306944.83418628457,3
Softcore,The Neighbourhood,1,2018,3,9,3947,12,599770206.0,94,Major,57,36,58,5,0,15,3,1954,306944.83418628457,3
Super Gremlin,Kodak Black,1,2021,10,30,2551,0,342779426.0,73,Major,83,11,41,0,0,36,14,623,550207.746388443,1
Volvï¿,"Aventura, Bad Bunny",2,2021,8,3,5375,10,673801126.0,176,Major,73,79,86,42,0,7,18,711,947680.9085794656,1
Todo De Ti,Rauw Alejandro,1,2020,11,2,11975,8,1168642797.0,128,Minor,81,57,63,40,1,10,4,985,1186439.387817259,2
Love Nwantiti - Remix,"Ckay, AX'EL, Dj Yo!",3,2019,8,30,2696,0,540539717.0,120,Major,58,44,60,44,9,5,6,1415,382006.8671378092,1
Smokin Out The Window,"Bruno Mars, Anderson .Paak, Silk Sonic",3,2021,11,5,4963,0,383550148.0,82,Major,63,85,62,6,0,35,4,617,621637.1928687196,2
Meet Me At Our Spot,"THE ANXIETY, Willow, Tyler Cole",3,2020,3,13,6734,0,530511203.0,95,Major,77,40,47,2,0,9,3,1219,435201.9712879409,1
Every Angel is Terrifying,The Weeknd,1,2022,1,7,715,0,37307967.0,118,Major,44,52,94,11,0,4,29,554,67342.90072202166,22
Tacones Rojos,Sebastian Yatra,1,2021,10,22,3047,9,510876816.0,123,Minor,75,93,86,8,0,14,3,631,809630.4532488114,2
Peaches (feat. Daniel Caesar & Giveon),"Justin Bieber, Daniel Caesar, Giveon",3,2021,3,19,14140,0,1445941661.0,90,Major,63,49,68,38,0,42,18,848,1705119.8832547169,1
Dakiti,"Bad Bunny, Jhay Cortez",2,2020,10,30,11215,21,1763363713.0,110,Minor,73,14,57,40,0,11,5,988,1784781.0860323887,2
"Tiago PZK: Bzrp Music Sessions, Vol. 48","Bizarrap, Tiago pzk",2,2021,12,29,1678,12,374191487.0,96,Minor,66,76,82,47,0,10,32,563,664638.5204262878,1
Lï¿½ï¿½ï¿,Stromae,1,2022,1,9,2035,0,108809090.0,88,Minor,56,58,55,35,0,23,11,552,197117.91666666663,1
Nostï¿½ï¿½l,"Chris Brown, Rvssian, Rauw Alejandro",3,2021,9,8,2780,2,436695353.0,98,Minor,73,60,85,17,0,24,5,675,646956.0785185185,1
Better Days (NEIKED x Mae Muller x Polo G),"NEIKED, Mae Muller, Polo G",3,2021,9,24,4091,0,421040617.0,110,Minor,72,67,68,0,0,14,4,659,638908.3717754174,1
Life Goes On,Oliver Tree,1,2020,7,17,2868,0,501541661.0,80,Major,70,57,49,19,0,12,8,1093,458867.0274473925,1
Sad Girlz Luv Money Remix (feat. Kali Uchis),"Kali Uchis, Amaarae, Moliy",3,2021,9,16,3643,0,354065229.0,110,Minor,86,31,53,43,0,11,6,667,530832.4272863568,1
Butter,BTS,1,2021,5,21,4779,6,1143647827.0,110,Major,79,70,36,0,0,6,11,785,1456876.2127388534,8
pushin P (feat. Young Thug),"Young Thug, Future, Gunna",3,2022,1,7,3517,0,311395144.0,78,Minor,77,49,42,1,1,13,19,554,562085.0974729242,1
You Right,"Doja Cat, The Weeknd",2,2021,6,24,5073,0,672656250.0,129,Major,83,44,62,2,0,8,6,751,895680.7589880159,1
deja vu,Olivia Rodrigo,1,2021,4,1,7545,4,1256880657.0,181,Major,44,22,60,61,0,42,9,835,1505246.2958083833,7
Dynamite,BTS,1,2020,8,21,8528,5,1692897992.0,114,Minor,75,74,77,1,0,9,10,1058,1600092.6200378072,8
TO THE MOON,Jnr Choi,1,2021,11,5,2979,0,245095641.0,144,Major,74,39,65,5,1,11,35,617,397237.6677471637,1
Lost in the Fire,"The Weeknd, Gesaffelstein",2,2019,1,11,7731,2,686734357.0,101,Major,66,18,68,9,0,12,4,1646,417214.0686512758,2
Salimo de Noche,"Trueno, Tiago pzk",2,2021,10,21,1057,0,261414174.0,84,Major,67,78,63,29,0,12,5,632,413630.0221518987,1
Volando - Remix,"Sech, Bad Bunny, Mora",3,2021,7,8,3272,19,610045621.0,154,Major,66,63,69,21,0,11,7,737,827741.68385346,1
Leave The Door Open,"Bruno Mars, Anderson .Paak, Silk Sonic",3,2021,3,5,14417,0,1115880852.0,148,Major,59,72,62,18,0,9,3,862,1294525.350348028,2
Knife Talk (with 21 Savage ft. Project Pat),"Drake, Project Pat, 21 Savage",3,2021,9,3,5199,0,594482982.0,146,Minor,85,22,37,13,0,7,30,680,874239.6794117647,1
Don't Be Shy,"Tiï¿½ï¿½sto, Kar",2,2021,8,1,6026,0,566954746.0,120,Minor,77,51,79,20,0,26,6,713,795167.9467040673,1
LA FAMA (with The Weeknd),"The Weeknd, ROSALï¿½",2,2021,11,11,4640,3,374706940.0,136,Minor,77,82,30,95,0,13,5,611,613268.3142389526,1
The Family Madrigal,"Olga Merediz, Stephanie Beatriz, Encanto - Cast",3,2021,11,19,1150,0,184937148.0,141,Major,59,56,63,12,0,6,36,603,306695.10447761195,1
Phantom Regret by Jim,The Weeknd,1,2022,1,7,768,0,31959571.0,108,Minor,46,23,48,75,30,14,4,554,57688.75631768953,22
Dos Oruguitas,Sebastian Yatra,1,2021,11,19,925,0,167076418.0,94,Major,42,47,36,76,0,9,5,603,277075.32006633497,2
Freaks,Surf Curse,1,2015,5,10,3006,3,824420218.0,180,Major,35,41,94,0,63,5,5,2988,275910.3808567604,1
Acapulco,Jason Derulo,1,2021,9,1,3098,0,363467642.0,122,Major,77,51,79,5,0,16,5,682,532943.7565982405,1
Daddy Issues,The Neighbourhood,1,2015,10,30,9771,4,1127468248.0,85,Major,59,33,52,7,15,12,3,2815,400521.580106572,3
Daddy Issues,The Neighbourhood,1,2015,10,30,9771,4,1127468248.0,85,Major,59,33,52,7,15,12,3,2815,400521.580106572,3
thought i was playing,"21 Savage, Gunna",2,2022,1,7,807,0,60680939.0,148,Major,68,29,73,0,0,7,7,554,109532.380866426,1
ELEVEN,IVE,1,2021,12,1,521,1,247737946.0,120,Major,83,59,73,6,0,5,11,591,419184.3417935702,4
Mood (feat. Iann Dior),"24kgoldn, Iann Dior",2,2020,7,24,12854,0,1699402402.0,91,Minor,70,76,72,22,0,27,4,1086,1564827.2578268878,1
What Else Can I Do?,"Stephanie Beatriz, Diane Guerrero",2,2021,11,19,802,0,154797871.0,120,Major,72,54,71,26,0,10,4,603,256712.88723051408,1
DANCE CRIP,Trueno,1,2021,11,17,731,0,198883004.0,106,Major,86,86,79,11,0,8,9,605,328732.2380165289,1
Miserable Man,David Kushner,1,2022,1,7,788,0,124407432.0,110,Major,63,31,35,93,0,29,3,554,224562.1516245488,2
happier,Olivia Rodrigo,1,2021,5,21,3069,4,850608354.0,169,Major,39,36,45,81,0,8,13,785,1083577.5210191084,7
Praise God,Kanye West,1,2021,8,29,4651,0,376333030.0,118,Major,80,21,55,1,0,26,17,685,549391.2846715328,3
Get Into It (Yuh),Doja Cat,1,2021,6,25,4999,0,516784627.0,92,Minor,91,79,66,32,0,9,16,750,689046.1693333334,6
Before You Go,Lewis Capaldi,1,2019,11,1,8327,24,1608045237.0,112,Major,45,19,60,63,0,9,6,1352,1189382.571745562,3
Sky,Playboi Carti,1,2020,12,25,3297,3,506778838.0,140,Major,79,56,91,26,0,13,21,932,543754.1180257511,1
Rolling in the Deep,Adele,1,2010,11,29,35684,6,1472799873.0,105,Major,73,52,76,13,0,5,3,4611,319410.07872478856,4
Rolling in the Deep,Adele,1,2010,11,29,35684,6,1472799873.0,105,Major,73,52,76,13,0,5,3,4611,319410.07872478856,4
Rolling in the Deep,Adele,1,2010,11,29,35684,6,1472799873.0,105,Major,73,52,76,13,0,5,3,4611,319410.07872478856,4
Sobrio,Maluma,1,2021,7,8,3506,10,513643924.0,178,Major,76,63,77,14,0,15,22,737,696938.8385345998,1
Peru,"Ed Sheeran, Fireboy DML",2,2021,12,23,2999,0,261286503.0,108,Minor,96,71,42,57,0,8,9,569,459202.992970123,1
favorite crime,Olivia Rodrigo,1,2021,5,21,3681,0,783706581.0,173,Major,40,19,29,86,0,34,4,785,998352.3324840764,7
Thunder,"Prezioso, Gabry Ponte, LUM!X",3,2021,5,7,4846,10,422691058.0,101,Major,67,40,90,3,0,34,6,799,529025.1038798498,1
The Business,Tiï¿½ï¿,1,2020,1,1,14311,0,1062345656.0,120,Minor,80,24,62,41,2,11,23,1291,822885.8683191325,1
positions,Ariana Grande,1,2020,10,23,8207,0,1252563873.0,144,Major,73,66,80,44,0,9,12,995,1258858.1638190956,2
I WANNA BE YOUR SLAVE,Mï¿½ï¿½ne,1,2021,3,19,4873,0,851070493.0,133,Major,75,96,61,0,0,18,4,848,1003620.8643867924,4
Vai Lï¿½ï¿½ Em Casa ,"Marï¿½ï¿½lia Mendonï¿½ï¿½a, George Henrique &",2,2021,10,22,772,0,263894529.0,158,Minor,46,62,83,53,0,97,28,631,418216.36925515055,1
The Feels,TWICE,1,2021,10,1,1150,0,345903614.0,120,Major,81,92,90,9,0,8,7,652,530527.0153374233,2
HEARTBREAK ANNIVERSARY,Giveon,1,2020,2,21,5398,4,951637566.0,129,Major,61,59,46,56,0,13,5,1240,767449.65,1
No Lie,"Sean Paul, Dua Lipa",2,2016,11,18,7370,0,956865266.0,102,Major,74,45,89,5,0,26,13,2430,393771.71440329216,1
OUT OUT (feat. Charli XCX & Saweetie),"Charli XCX, Jax Jones, Joel Corry, Saweetie",4,2021,8,13,6890,0,427486004.0,124,Minor,79,79,84,2,0,5,5,701,609823.1155492153,1
Pope Is a Rockstar,SALES,1,2016,4,20,1966,0,156658366.0,90,Minor,73,31,45,85,24,11,3,2642,59295.36941710825,1
2055,Sleepy hallow,1,2021,4,14,2226,0,624515457.0,161,Minor,78,65,52,46,0,12,31,822,759751.1642335766,1
Bored,Billie Eilish,1,2017,3,30,4204,0,777765388.0,120,Major,60,11,33,90,0,8,5,2298,338453.17145343777,5
Happier Than Ever - Edit,Billie Eilish,1,2021,7,28,1959,0,412795151.0,81,Major,45,12,57,7,0,23,3,717,575725.4546722454,5
Astronaut In The Ocean,Masked Wolf,1,2019,1,1,7191,0,1138474110.0,150,Minor,78,47,70,18,0,15,9,1656,687484.3659420289,1
Ley Seca,"Anuel Aa, Jhay Cortez",2,2021,9,2,2012,0,355219175.0,105,Major,76,58,84,10,0,13,10,681,521614.06020558,1
Every Summertime,NIKI,1,2021,8,10,1211,2,290228626.0,79,Major,63,76,67,38,0,6,4,704,412256.5710227273,1
Every Summertime,NIKI,1,2021,8,10,1211,2,290228626.0,79,Major,63,76,67,38,0,6,4,704,412256.5710227273,1
Talking To The Moon,Bruno Mars,1,2010,10,4,7109,2,1062956628.0,146,Minor,52,7,61,51,0,11,3,4667,227760.1517034497,4
you broke me first,Tate McRae,1,2020,4,17,6638,0,1180094974.0,124,Major,64,8,37,79,0,9,5,1184,996701.8361486486,2
The Nights,Avicii,1,2014,1,1,17354,8,1456081449.0,126,Major,53,66,85,2,0,24,4,3482,418173.8796668581,2
Take My Breath,The Weeknd,1,2021,8,6,6392,0,432702334.0,121,Major,75,53,74,2,0,11,5,708,611161.488700565,22
Way 2 Sexy (with Future & Young Thug),"Drake, Future, Young Thug",3,2021,9,3,5481,0,489945871.0,136,Minor,80,33,60,0,0,32,14,680,720508.6338235295,1
Cï¿½ï¿½,Rauw Alejandro,1,2021,6,25,2636,3,465959382.0,102,Minor,77,26,63,58,0,11,5,750,621279.176,2
Enemy - from the series Arcane League of Legends,"Imagine Dragons, League of Legends, Arcane",3,2021,10,27,824,0,1223481149.0,77,Major,73,54,74,23,0,41,23,626,1954442.7300319488,1
Dance Monkey,Tones and I,1,2019,5,10,24529,0,2864791672.0,98,Minor,82,54,59,69,0,18,10,1527,1876091.468238376,1
Lucid Dreams,Juice WRLD,1,2017,6,15,14749,0,2288695111.0,84,Minor,44,22,48,38,0,33,24,2221,1030479.5637100404,2
Quï¿½ï¿½ Mï¿½ï¿,"J Balvin, Maria Becerra",2,2021,1,28,8087,0,720825549.0,102,Major,89,77,82,3,0,17,11,898,802701.0567928731,1
All of Me,John Legend,1,2013,8,1,27221,0,2086124197.0,120,Major,42,33,26,92,0,13,3,3635,573899.3664374141,1
Smells Like Teen Spirit - Remastered 2021,Nirvana,1,1991,9,10,49991,9,1690192927.0,117,Major,52,73,91,0,0,11,7,11631,145317.93715071792,2
Smells Like Teen Spirit - Remastered 2021,Nirvana,1,1991,9,10,49991,9,1690192927.0,117,Major,52,73,91,0,0,11,7,11631,145317.93715071792,2
Smells Like Teen Spirit - Remastered 2021,Nirvana,1,1991,9,10,49991,9,1690192927.0,117,Major,52,73,91,0,0,11,7,11631,145317.93715071792,2
Smells Like Teen Spirit - Remastered 2021,Nirvana,1,1991,9,10,49991,9,1690192927.0,117,Major,52,73,91,0,0,11,7,11631,145317.93715071792,2
Smells Like Teen Spirit - Remastered 2021,Nirvana,1,1991,9,10,49991,9,1690192927.0,117,Major,52,73,91,0,0,11,7,11631,145317.93715071792,2
Smells Like Teen Spirit - Remastered 2021,Nirvana,1,1991,9,10,49991,9,1690192927.0,117,Major,52,73,91,0,0,11,7,11631,145317.93715071792,2
Arcade,Duncan Laurence,1,2019,3,7,6646,0,991336132.0,72,Minor,45,27,33,82,0,14,4,1591,623089.9635449403,1
Fair Trade (with Travis Scott),"Drake, Travis Scott",2,2021,9,3,5403,6,593917618.0,168,Major,67,29,47,5,0,22,26,680,873408.2617647059,1
Bar,"Tini, L-Gante",2,2021,11,11,755,4,200972675.0,94,Major,52,68,69,13,0,33,8,611,328924.1816693944,1
The Rumbling (TV Size),SiM,1,2022,1,10,254,0,71014967.0,145,Major,41,65,88,0,0,26,5,551,128883.78765880218,1
The Rumbling (TV Size),SiM,1,2022,1,10,254,0,71014967.0,145,Major,41,65,88,0,0,26,5,551,128883.78765880218,1
family ties (with Kendrick Lamar),"Kendrick Lamar, Baby Keem",2,2021,8,27,6308,5,560222750.0,134,Major,71,14,61,1,0,23,33,687,815462.518195051,1
Mr. Brightside,The Killers,1,2003,9,23,51979,15,1806617704.0,148,Major,35,24,93,0,0,10,8,7235,249705.2804422944,1
Mr. Brightside,The Killers,1,2003,9,23,51979,15,1806617704.0,148,Major,35,24,93,0,0,10,8,7235,249705.2804422944,1
Mr. Brightside,The Killers,1,2003,9,23,51979,15,1806617704.0,148,Major,35,24,93,0,0,10,8,7235,249705.2804422944,1
Mr. Brightside,The Killers,1,2003,9,23,51979,15,1806617704.0,148,Major,35,24,93,0,0,10,8,7235,249705.2804422944,1
Mr. Brightside,The Killers,1,2003,9,23,51979,15,1806617704.0,148,Major,35,24,93,0,0,10,8,7235,249705.2804422944,1
Mr. Brightside,The Killers,1,2003,9,23,51979,15,1806617704.0,148,Major,35,24,93,0,0,10,8,7235,249705.2804422944,1
Blessed-Cursed,ENHYPEN,1,2022,1,10,246,0,77337771.0,127,Minor,60,40,89,9,0,60,6,551,140358.93103448275,3
AM Remix,"J Balvin, Nio Garcia, Bad Bunny",3,2021,6,24,6556,0,528544703.0,172,Minor,74,79,66,11,0,8,16,751,703787.8868175766,1
Streets,Doja Cat,1,2019,11,7,5728,0,865640097.0,90,Major,75,19,46,21,4,34,8,1346,643120.4286775632,6
Shallow,"Lady Gaga, Bradley Cooper",2,2018,9,27,16636,12,2159346687.0,96,Major,57,30,40,38,0,26,3,1752,1232503.816780822,1
Polaroid Love,ENHYPEN,1,2022,1,10,461,0,211372494.0,138,Minor,74,65,67,46,0,36,4,551,383616.14156079857,3
Leave Before You Love Me (with Jonas Brothers),"Marshmello, Jonas Brothers",2,2021,4,28,4893,4,651732901.0,120,Major,72,67,72,0,0,13,4,808,806600.125,1
Permission to Dance,BTS,1,2021,7,9,1801,2,608334048.0,125,Major,70,65,74,1,0,34,4,736,826540.8260869565,8
Friday (feat. Mufasa & Hypeman) - Dopamine Re-Edit,"Riton, Nightcrawlers, Mufasa & Hypeman, Dopamine",4,2021,1,15,12043,0,863756573.0,123,Major,82,80,86,1,0,30,13,911,948141.1339187706,1
RAPSTAR,Polo G,1,2021,4,9,4731,0,797402345.0,81,Major,79,44,54,41,0,13,24,827,964210.816203144,1
'Till I Collapse,"Eminem, Nate Dogg",2,2002,5,26,22923,0,1695712020.0,171,Major,55,10,85,7,0,8,20,7720,219651.81606217616,1
Memories,Maroon 5,1,2019,9,20,9974,2,1759567999.0,91,Major,77,60,32,84,0,8,5,1394,1262243.9017216642,1
Se Le Ve,"Arcangel, De La Ghetto, Justin Quiles, Lenny Tavï¿½ï¿½rez, Sech, Dalex, Dimelo Flow, Rich Music",8,2021,8,12,1560,0,223319934.0,84,Minor,56,61,76,10,0,14,11,702,318119.5641025641,1
25k jacket (feat. Lil Baby),"Gunna, Lil Baby",2,2022,1,7,620,0,54937991.0,115,Minor,90,74,54,16,0,13,28,554,99166.0487364621,1
When Iï¿½ï¿½ï¿½m Gone (with Katy ,"Katy Perry, Alesso",2,2021,12,29,3270,0,226897599.0,125,Major,69,70,89,4,0,49,3,563,403015.2735346359,1
Esqueï¿½ï¿½a-Me Se For C,"Marï¿½ï¿½lia Mendonï¿½ï¿½a, Maiara &",2,2021,10,14,580,0,258316038.0,122,Minor,80,62,69,28,0,13,7,639,404250.4507042253,1
Miï¿½ï¿½n,"Tini, Maria Becerra",2,2021,4,29,3406,16,596152090.0,92,Major,85,92,54,16,0,29,7,807,738726.2577447336,1
Sï¿½ï¿½,"Anuel Aa, Myke Towers, Jhay Cortez",3,2021,11,18,903,0,177129919.0,90,Minor,63,75,75,17,0,11,8,604,293261.4552980132,1
MAMIII,"Karol G, Becky G",2,2022,2,10,6809,28,716591492.0,94,Minor,84,90,70,9,0,14,8,520,1378060.5615384616,1
Still D.R.E.,"Dr. Dre, Snoop Dogg",2,1999,1,1,33966,0,1210599487.0,93,Major,81,53,78,18,0,6,24,8961,135096.47215712533,2
Stay Alive (Prod. SUGA of BTS),Jung Kook,1,2022,2,11,590,5,246376690.0,130,Minor,51,50,76,30,0,10,7,519,474714.2389210019,2
Boyfriend,Dove Cameron,1,2022,2,11,3766,0,496311364.0,180,Minor,35,23,61,23,0,19,6,519,956283.9383429672,1
The Joker And The Queen (feat. Taylor Swift),"Ed Sheeran, Taylor Swift",2,2022,2,11,1430,0,146789379.0,134,Major,53,31,31,92,0,28,3,519,282831.17341040465,1
The Next Episode,"Dr. Dre, Snoop Dogg",2,1999,1,1,31762,0,843309044.0,95,Minor,92,31,89,3,0,8,25,8961,94108.8097310568,2
Light Switch,Charlie Puth,1,2022,1,19,4049,0,500340342.0,184,Major,69,91,63,11,0,9,31,542,923137.1623616236,2
City of Gods,"Kanye West, Alicia Keys, Fivio Foreign",3,2022,2,11,2096,0,107255472.0,147,Minor,47,50,80,10,0,32,38,519,206657.9421965318,1
Brividi,"Mahmood, Blanco",2,2022,2,2,1175,0,135079152.0,123,Major,52,44,60,40,0,26,3,528,255831.7272727273,1
Lost,Frank Ocean,1,2012,1,1,29499,11,822239726.0,123,Minor,91,49,61,3,0,17,22,4213,195167.274151436,2
In Da Club,50 Cent,1,2002,1,1,30427,7,1202722675.0,90,Minor,90,79,71,26,0,7,37,7865,152920.87412587414,1
she's all i wanna be,Tate McRae,1,2022,2,4,2711,0,343197054.0,160,Minor,61,65,64,1,0,12,4,526,652465.8821292776,2
Ginseng Strip 2002,Yung Lean,1,2013,8,16,4310,0,240769997.0,115,Major,60,37,71,8,0,48,4,3620,66511.04889502762,1
All For Us - from the HBO Original Series Euphoria,"Labrinth, Zendaya",2,2019,8,4,5342,0,426204830.0,141,Major,37,17,67,2,0,34,9,1441,295770.1804302568,1
Notion,The Rare Occasions,1,2016,8,5,2393,0,421135627.0,160,Major,31,30,88,7,0,8,8,2535,166128.45246548322,1
Formula,Labrinth,1,2019,10,4,3444,7,554875730.0,145,Major,57,23,66,4,6,15,4,1380,402083.8623188406,7
Mount Everest,Labrinth,1,2019,6,21,5443,0,467727006.0,89,Minor,46,43,43,23,8,8,22,1485,314967.6808080808,7
Excuses,"Intense, AP Dhillon, Gurinder Gill",3,2020,7,24,272,4,327498031.0,95,Minor,84,49,72,8,0,15,8,1086,301563.56445672194,1
Cigarettes,Juice WRLD,1,2021,12,10,975,0,185408548.0,160,Major,60,47,62,3,0,38,4,582,318571.3883161512,2
"Cayï¿½ï¿½ La Noche (feat. Cruz Cafunï¿½ï¿½, Abhir Hathi, Bejo, EL IMA)","Quevedo, La Pantera, Juseph, Cruz Cafunï¿½ï¿½, Bï¿½ï¿½jo, Abhir Hathi",7,2022,1,14,1034,1,245400167.0,174,Minor,67,74,75,44,0,7,30,547,448629.1901279708,1
California Love - Original Version (Explicit),"Dr. Dre, 2Pac, Roger",3,1995,12,28,18773,0,579395142.0,92,Major,77,76,84,3,0,38,4,10061,57588.22602127025,1
Forgot About Dre,"Eminem, Dr. Dre",2,1999,1,1,19067,0,675039469.0,134,Major,93,61,74,9,0,17,8,8961,75330.81899341592,2
Down Under (feat. Colin Hay),"Luude, Colin Hay",2,2021,11,19,3541,2,252871192.0,172,Minor,31,4,86,1,0,28,17,603,419355.2106135987,1
Mujeriego,Ryan Castro,1,2021,12,17,1492,0,231996128.0,80,Major,76,92,62,6,0,8,13,575,403471.5269565217,2
HUMBLE.,Kendrick Lamar,1,2017,3,30,33206,1,1929770265.0,150,Minor,91,42,60,0,0,9,12,2298,839760.776762402,12
Stan,"Eminem, Dido",2,1999,11,21,17115,0,918915401.0,80,Minor,78,53,74,4,0,45,21,8637,106392.89116591409,1
Contection,"GODZZ__-, Zakaria",2,2020,1,16,6955,0,1180896317.0,166,Minor,81,83,75,14,0,29,34,1276,925467.3330721004,1
Swim,Chase Atlantic,1,2017,10,4,2742,0,498960285.0,120,Major,67,8,54,27,0,8,4,2110,236474.06872037915,1
A Tu Merced,Bad Bunny,1,2020,2,29,4214,11,685071800.0,92,Major,86,89,79,17,0,11,6,1232,556064.7727272727,19
Numb Little Bug,Em Beihold,1,2022,1,28,2026,0,258714692.0,85,Minor,74,61,52,30,0,26,9,533,485393.41838649154,1
212,"Mainstreet, Chefin",2,2022,1,15,352,0,143139338.0,154,Minor,79,86,52,66,0,9,7,546,262159.9597069597,1
Problemï¿½,"Alvaro Diaz, Rauw Alejandro",2,2021,10,22,1517,0,209768491.0,92,Minor,73,37,74,28,0,14,6,631,332438.1790808241,1
Bussin,"Nicki Minaj, Lil Baby",2,2022,2,11,847,0,64714573.0,140,Major,89,75,70,6,0,13,5,519,124690.89210019268,2
Worst Day,Future,1,2022,2,11,910,0,50746620.0,89,Major,65,60,60,11,0,10,40,519,97777.68786127168,2
Worst Day,Future,1,2022,2,11,910,0,50746620.0,89,Major,65,60,60,11,0,10,40,519,97777.68786127168,2
Worst Day,Future,1,2022,2,11,910,0,50746620.0,89,Major,65,60,60,11,0,10,40,519,97777.68786127168,2
Worst Day,Future,1,2022,2,11,910,0,50746620.0,89,Major,65,60,60,11,0,10,40,519,97777.68786127168,2
Worst Day,Future,1,2022,2,11,910,0,50746620.0,89,Major,65,60,60,11,0,10,40,519,97777.68786127168,2
Malvada,Zï¿½ï¿½ Fe,1,2022,1,28,601,0,154119539.0,135,Minor,89,89,86,16,0,8,5,533,289154.8574108818,1
Hrs and Hrs,Muni Long,1,2021,11,19,1800,0,181328253.0,140,Minor,51,66,53,60,0,11,18,603,300710.2039800995,1
Alien Blues,Vundabar,1,2015,7,24,1930,0,370068639.0,82,Major,47,44,76,8,91,9,3,2913,127040.3841400618,1
Thinking Out Loud,Ed Sheeran,1,2014,1,1,33032,0,2280566092.0,79,Major,78,58,45,47,0,18,3,3482,654958.6708788053,9
Thinking Out Loud,Ed Sheeran,1,2014,1,1,33032,0,2280566092.0,79,Major,78,58,45,47,0,18,3,3482,654958.6708788053,9
Still Don't Know My Name,Labrinth,1,2019,10,4,6332,0,563902868.0,88,Major,31,31,63,47,27,21,12,1380,408625.26666666666,7
Christmas Tree,V,1,2021,12,24,509,9,317622165.0,139,Major,44,18,38,70,0,12,4,568,559193.9524647887,1
Christmas Tree,V,1,2021,12,24,509,9,317622165.0,139,Major,44,18,38,70,0,12,4,568,559193.9524647887,1
Christmas Tree,V,1,2021,12,24,509,9,317622165.0,139,Major,44,18,38,70,0,12,4,568,559193.9524647887,1
Christmas Tree,V,1,2021,12,24,509,9,317622165.0,139,Major,44,18,38,70,0,12,4,568,559193.9524647887,1
Christmas Tree,V,1,2021,12,24,509,9,317622165.0,139,Major,44,18,38,70,0,12,4,568,559193.9524647887,1
Christmas Tree,V,1,2021,12,24,509,9,317622165.0,139,Major,44,18,38,70,0,12,4,568,559193.9524647887,1
Christmas Tree,V,1,2021,12,24,509,9,317622165.0,139,Major,44,18,38,70,0,12,4,568,559193.9524647887,1
Christmas Tree,V,1,2021,12,24,509,9,317622165.0,139,Major,44,18,38,70,0,12,4,568,559193.9524647887,1
Christmas Tree,V,1,2021,12,24,509,9,317622165.0,139,Major,44,18,38,70,0,12,4,568,559193.9524647887,1
Christmas Tree,V,1,2021,12,24,509,9,317622165.0,139,Major,44,18,38,70,0,12,4,568,559193.9524647887,1
Christmas Tree,V,1,2021,12,24,509,9,317622165.0,139,Major,44,18,38,70,0,12,4,568,559193.9524647887,1
Christmas Tree,V,1,2021,12,24,509,9,317622165.0,139,Major,44,18,38,70,0,12,4,568,559193.9524647887,1
Christmas Tree,V,1,2021,12,24,509,9,317622165.0,139,Major,44,18,38,70,0,12,4,568,559193.9524647887,1
Christmas Tree,V,1,2021,12,24,509,9,317622165.0,139,Major,44,18,38,70,0,12,4,568,559193.9524647887,1
Mal Feito - Ao Vivo,"Marï¿½ï¿½lia Mendonï¿½ï¿½a, Hugo & G",2,2022,1,14,971,2,291709698.0,124,Minor,73,68,83,55,0,90,7,547,533290.1243144424,1
When I R.I.P.,Labrinth,1,2019,10,4,2578,0,203680270.0,80,Minor,39,45,55,73,0,9,21,1380,147594.39855072464,7
Do We Have A Problem?,"Nicki Minaj, Lil Baby",2,2022,2,4,1064,0,81350745.0,120,Minor,84,54,51,47,0,12,40,526,154659.21102661596,2
Forever,Labrinth,1,2019,10,4,3618,0,282883169.0,80,Minor,56,19,46,92,72,11,3,1380,204987.8036231884,7
Gospel (with Eminem),"Eminem, Dr. Dre",2,2022,2,4,1040,0,64787943.0,117,Major,92,62,86,11,0,24,24,526,123170.99429657796,2
Seï¿½ï¿½o,"Shawn Mendes, Camila Cabello",2,2019,6,19,15010,2,2484812918.0,117,Minor,76,77,52,4,0,8,3,1487,1671024.15467384,1
NEW MAGIC WAND,"Tyler, The Creator",2,2019,5,16,4708,0,461437791.0,140,Minor,62,46,73,10,0,67,11,1521,303377.9033530572,3
Adore You,Harry Styles,1,2019,12,6,13454,1,1439191367.0,99,Major,68,57,77,2,0,10,5,1317,1092780.0812452545,17
La Santa,"Daddy Yankee, Bad Bunny",2,2020,2,29,4890,20,759208783.0,93,Major,74,59,87,3,0,8,5,1232,616240.8952922078,2
Something In The Way - Remastered 2021,Nirvana,1,1991,9,24,9514,0,368646862.0,106,Major,44,8,20,74,42,11,3,11617,31733.396057501937,2
Something In The Way - Remastered 2021,Nirvana,1,1991,9,24,9514,0,368646862.0,106,Major,44,8,20,74,42,11,3,11617,31733.396057501937,2
Something In The Way - Remastered 2021,Nirvana,1,1991,9,24,9514,0,368646862.0,106,Major,44,8,20,74,42,11,3,11617,31733.396057501937,2
Something In The Way - Remastered 2021,Nirvana,1,1991,9,24,9514,0,368646862.0,106,Major,44,8,20,74,42,11,3,11617,31733.396057501937,2
Something In The Way - Remastered 2021,Nirvana,1,1991,9,24,9514,0,368646862.0,106,Major,44,8,20,74,42,11,3,11617,31733.396057501937,2
Something In The Way - Remastered 2021,Nirvana,1,1991,9,24,9514,0,368646862.0,106,Major,44,8,20,74,42,11,3,11617,31733.396057501937,2
Sweetest Pie,"Dua Lipa, Megan Thee Stallion",2,2022,3,11,3501,0,299634472.0,124,Major,81,68,63,17,0,10,22,491,610253.5071283096,1
Bam Bam (feat. Ed Sheeran),"Camila Cabello, Ed Sheeran",2,2022,3,4,6111,4,756907987.0,95,Major,76,96,70,18,0,33,4,498,1519895.5562248996,1
Una Noche en Medellï¿½,Cris Mj,1,2022,1,21,5415,32,682475162.0,96,Minor,87,82,53,10,0,5,8,540,1263842.8925925926,1
Envolver,Anitta,1,2021,11,11,4673,2,546191065.0,92,Minor,81,40,73,15,0,9,8,611,893929.7299509002,1
Starlight,Dave,1,2022,3,3,1856,3,229473310.0,124,Major,95,36,37,35,0,10,28,499,459866.3527054108,1
Starlight,Dave,1,2022,3,3,1856,3,229473310.0,124,Major,95,36,37,35,0,10,28,499,459866.3527054108,1
Starlight,Dave,1,2022,3,3,1856,3,229473310.0,124,Major,95,36,37,35,0,10,28,499,459866.3527054108,1
Starlight,Dave,1,2022,3,3,1856,3,229473310.0,124,Major,95,36,37,35,0,10,28,499,459866.3527054108,1
Starlight,Dave,1,2022,3,3,1856,3,229473310.0,124,Major,95,36,37,35,0,10,28,499,459866.3527054108,1
Starlight,Dave,1,2022,3,3,1856,3,229473310.0,124,Major,95,36,37,35,0,10,28,499,459866.3527054108,1
Starlight,Dave,1,2022,3,3,1856,3,229473310.0,124,Major,95,36,37,35,0,10,28,499,459866.3527054108,1
Starlight,Dave,1,2022,3,3,1856,3,229473310.0,124,Major,95,36,37,35,0,10,28,499,459866.3527054108,1
Starlight,Dave,1,2022,3,3,1856,3,229473310.0,124,Major,95,36,37,35,0,10,28,499,459866.3527054108,1
Starlight,Dave,1,2022,3,3,1856,3,229473310.0,124,Major,95,36,37,35,0,10,28,499,459866.3527054108,1
Starlight,Dave,1,2022,3,3,1856,3,229473310.0,124,Major,95,36,37,35,0,10,28,499,459866.3527054108,1
Starlight,Dave,1,2022,3,3,1856,3,229473310.0,124,Major,95,36,37,35,0,10,28,499,459866.3527054108,1
Starlight,Dave,1,2022,3,3,1856,3,229473310.0,124,Major,95,36,37,35,0,10,28,499,459866.3527054108,1
Starlight,Dave,1,2022,3,3,1856,3,229473310.0,124,Major,95,36,37,35,0,10,28,499,459866.3527054108,1
Starlight,Dave,1,2022,3,3,1856,3,229473310.0,124,Major,95,36,37,35,0,10,28,499,459866.3527054108,1
Starlight,Dave,1,2022,3,3,1856,3,229473310.0,124,Major,95,36,37,35,0,10,28,499,459866.3527054108,1
Starlight,Dave,1,2022,3,3,1856,3,229473310.0,124,Major,95,36,37,35,0,10,28,499,459866.3527054108,1
Starlight,Dave,1,2022,3,3,1856,3,229473310.0,124,Major,95,36,37,35,0,10,28,499,459866.3527054108,1
Starlight,Dave,1,2022,3,3,1856,3,229473310.0,124,Major,95,36,37,35,0,10,28,499,459866.3527054108,1
Starlight,Dave,1,2022,3,3,1856,3,229473310.0,124,Major,95,36,37,35,0,10,28,499,459866.3527054108,1
Starlight,Dave,1,2022,3,3,1856,3,229473310.0,124,Major,95,36,37,35,0,10,28,499,459866.3527054108,1
Starlight,Dave,1,2022,3,3,1856,3,229473310.0,124,Major,95,36,37,35,0,10,28,499,459866.3527054108,1
Hati-Hati di Jalan,Tulus,1,2022,3,3,200,2,202677468.0,72,Major,64,76,44,70,9,12,4,499,406167.2705410821,1
Hati-Hati di Jalan,Tulus,1,2022,3,3,200,2,202677468.0,72,Major,64,76,44,70,9,12,4,499,406167.2705410821,1
Hati-Hati di Jalan,Tulus,1,2022,3,3,200,2,202677468.0,72,Major,64,76,44,70,9,12,4,499,406167.2705410821,1
"I'm Tired - From ""Euphoria"" An Original HBO Series",Labrinth,1,2022,2,4,1888,0,121913181.0,71,Minor,28,26,20,19,0,30,3,526,231774.108365019,7
DANï¿½ï¿½A,"Mc Pedrinho, Pedro Sampaio",2,2022,2,1,911,2,208166039.0,135,Minor,78,55,57,4,0,10,8,529,393508.5803402647,1
Yo Voy (feat. Daddy Yankee),Zion & Lennox,1,2004,5,4,2954,2,527033089.0,95,Major,81,56,70,4,0,5,24,7011,75172.3133647126,1
"Residente: Bzrp Music Sessions, Vol. 49","Residente, Bizarrap",2,2022,3,3,461,0,94616487.0,71,Minor,59,70,74,56,0,11,40,499,189612.1983967936,1
Jordan,Ryan Castro,1,2021,4,30,2844,2,394030335.0,180,Minor,80,71,68,6,0,10,37,806,488871.38337468985,2
Nail Tech,Jack Harlow,1,2022,2,18,2939,0,193443895.0,150,Minor,65,11,58,0,0,12,9,512,377820.107421875,3
Chale,Eden Muï¿½ï,1,2022,2,18,695,11,299648208.0,189,Major,55,86,44,40,0,7,4,512,585250.40625,1
DARARI,Treasure,1,2022,2,15,328,0,182978249.0,85,Major,72,55,64,49,0,7,4,515,355297.5708737864,1
DARARI,Treasure,1,2022,2,15,328,0,182978249.0,85,Major,72,55,64,49,0,7,4,515,355297.5708737864,1
DARARI,Treasure,1,2022,2,15,328,0,182978249.0,85,Major,72,55,64,49,0,7,4,515,355297.5708737864,1
DARARI,Treasure,1,2022,2,15,328,0,182978249.0,85,Major,72,55,64,49,0,7,4,515,355297.5708737864,1
Ya No Somos Ni Seremos,Christian Nodal,1,2022,2,18,866,16,319757142.0,140,Major,59,73,45,44,0,34,3,512,624525.66796875,1
Thinking with My Dick,"Kevin Gates, Juicy J",2,2013,7,16,1550,0,109091573.0,81,Major,77,68,70,6,0,17,20,3651,29879.91591344837,1
Freaky Deaky,"Tyga, Doja Cat",2,2022,2,25,1729,0,153240879.0,104,Minor,80,24,65,2,0,9,4,505,303447.28514851484,1
this is what falling in love feels like,JVKE,1,2021,9,3,2005,0,346127840.0,129,Major,42,33,44,62,0,8,6,680,509011.5294117647,2
La Zona,Bad Bunny,1,2020,2,29,1188,0,312622938.0,94,Minor,76,81,80,20,0,25,4,1232,253752.38474025973,19
Bohemian Rhapsody - Remastered 2011,Queen,1,1975,10,31,40112,3,2197010679.0,71,Minor,41,23,40,27,0,30,5,17424,126091.06284435262,1
Bohemian Rhapsody - Remastered 2011,Queen,1,1975,10,31,40112,3,2197010679.0,71,Minor,41,23,40,27,0,30,5,17424,126091.06284435262,1
Bohemian Rhapsody - Remastered 2011,Queen,1,1975,10,31,40112,3,2197010679.0,71,Minor,41,23,40,27,0,30,5,17424,126091.06284435262,1
Bohemian Rhapsody - Remastered 2011,Queen,1,1975,10,31,40112,3,2197010679.0,71,Minor,41,23,40,27,0,30,5,17424,126091.06284435262,1
Hope,XXXTENTACION,1,2018,3,16,3659,0,1200808494.0,146,Minor,59,23,46,66,0,15,6,1947,616748.0708782743,2
Levitating,Dua Lipa,1,2020,3,27,9833,0,797196073.0,103,Minor,69,90,88,5,0,29,8,1205,661573.5045643153,3
Wake Me Up - Radio Edit,Avicii,1,2013,1,1,50887,34,1970673297.0,124,Major,53,66,78,0,0,16,5,3847,512262.3595009098,2
"jealousy, jealousy",Olivia Rodrigo,1,2021,5,21,3257,0,665765558.0,164,Minor,70,71,58,24,0,7,13,785,848108.9910828025,7
Monï¿½ï¿½y so,YEAT,1,2021,9,10,1473,0,263779030.0,138,Major,69,35,57,12,0,10,9,673,391945.0668647846,2
Demasiadas Mujeres,C. Tangana,1,2020,10,8,2226,0,339473453.0,126,Minor,67,37,46,13,0,10,39,1010,336112.3297029703,1
Something Just Like This,"The Chainsmokers, Coldplay",2,2017,2,22,23375,21,2204080728.0,103,Minor,61,47,65,3,0,17,4,2334,944336.2159383034,1
Closer,"The Chainsmokers, Halsey",2,2016,5,31,28032,0,2591224264.0,95,Major,75,64,52,41,0,11,3,2601,996241.5470972704,1
O.O,NMIXX,1,2022,2,22,290,0,135444283.0,200,Minor,39,28,77,4,0,6,29,508,266622.6043307087,1
Somebody That I Used To Know,"Gotye, Kimbra",2,2011,1,1,42798,0,1457139296.0,129,Major,86,75,52,54,0,10,4,4578,318291.6767147226,1
Tom's Diner,"AnnenMayKantereit, Giant Rooks",2,2019,6,28,2605,0,236872197.0,98,Minor,68,33,43,38,0,36,14,1478,160265.35656292285,1
First Class,Jack Harlow,1,2022,4,8,8737,0,694525298.0,107,Major,91,32,56,3,0,11,10,463,1500054.6393088554,3
Plan A,Paulo Londra,1,2022,3,23,1105,0,240661097.0,174,Major,58,56,83,5,0,7,4,479,502424.00208768266,2
Fuera del mercado,Danny Ocean,1,2022,2,17,2499,21,421365166.0,92,Major,45,27,67,32,0,13,14,513,821374.5925925926,1
Fuera del mercado,Danny Ocean,1,2022,2,17,2499,21,421365166.0,92,Major,45,27,67,32,0,13,14,513,821374.5925925926,1
X ï¿½ï¿½LTIMA,"Daddy Yankee, Bad Bunny",2,2022,3,25,2697,1,349746291.0,90,Major,81,59,83,9,0,11,5,477,733220.7358490566,2
When You're Gone,Shawn Mendes,1,2022,3,31,2092,0,255120451.0,147,Major,60,58,69,2,0,58,4,471,541657.008492569,3
In My Head,Lil Tjay,1,2022,4,1,1185,0,190981339.0,143,Major,68,41,55,16,0,10,12,470,406343.2744680851,1
Wait a Minute!,Willow,1,2015,1,11,11985,0,924193303.0,101,Minor,76,63,71,3,0,10,3,3107,297455.1989056968,1
Wait a Minute!,Willow,1,2015,1,11,11985,0,924193303.0,101,Minor,76,63,71,3,0,10,3,3107,297455.1989056968,1
Wait a Minute!,Willow,1,2015,1,11,11985,0,924193303.0,101,Minor,76,63,71,3,0,10,3,3107,297455.1989056968,1
Wait a Minute!,Willow,1,2015,1,11,11985,0,924193303.0,101,Minor,76,63,71,3,0,10,3,3107,297455.1989056968,1
Wait a Minute!,Willow,1,2015,1,11,11985,0,924193303.0,101,Minor,76,63,71,3,0,10,3,3107,297455.1989056968,1
Wait a Minute!,Willow,1,2015,1,11,11985,0,924193303.0,101,Minor,76,63,71,3,0,10,3,3107,297455.1989056968,1
Wait a Minute!,Willow,1,2015,1,11,11985,0,924193303.0,101,Minor,76,63,71,3,0,10,3,3107,297455.1989056968,1
Wait a Minute!,Willow,1,2015,1,11,11985,0,924193303.0,101,Minor,76,63,71,3,0,10,3,3107,297455.1989056968,1
Wait a Minute!,Willow,1,2015,1,11,11985,0,924193303.0,101,Minor,76,63,71,3,0,10,3,3107,297455.1989056968,1
Wait a Minute!,Willow,1,2015,1,11,11985,0,924193303.0,101,Minor,76,63,71,3,0,10,3,3107,297455.1989056968,1
Wait a Minute!,Willow,1,2015,1,11,11985,0,924193303.0,101,Minor,76,63,71,3,0,10,3,3107,297455.1989056968,1
Wait a Minute!,Willow,1,2015,1,11,11985,0,924193303.0,101,Minor,76,63,71,3,0,10,3,3107,297455.1989056968,1
Wait a Minute!,Willow,1,2015,1,11,11985,0,924193303.0,101,Minor,76,63,71,3,0,10,3,3107,297455.1989056968,1
LOVE DIVE,IVE,1,2022,4,5,753,8,305771063.0,118,Minor,70,54,71,0,0,33,4,466,656161.0793991416,4
Pantysito,"Feid, Alejo, Robi",3,2022,3,18,2995,0,273005485.0,98,Minor,83,63,74,14,0,16,6,484,564060.9194214876,1
Chance,Paulo Londra,1,2022,4,6,225,0,89566512.0,138,Minor,72,22,46,24,0,9,6,465,192616.15483870968,2
Cool for the Summer,Demi Lovato,1,2015,1,1,9243,0,677389855.0,114,Minor,59,30,62,1,0,8,4,3117,217321.0956047481,1
psychofreak (feat. WILLOW),"Camila Cabello, Willow",2,2022,4,7,918,0,75476209.0,180,Minor,63,45,64,34,0,9,8,464,162664.24353448275,1
Angel Baby,Troye Sivan,1,2021,9,9,1959,9,408843328.0,145,Major,56,41,57,1,0,13,3,674,606592.4747774481,2
Vampiro,"Matuï¿½ï¿½, Wiu, ",3,2022,1,30,540,4,187772591.0,115,Minor,78,63,64,1,0,7,4,531,353620.6986817326,1
Si Quieren Frontear,"De La Ghetto, Duki, Quevedo",3,2022,3,31,859,0,178512385.0,82,Major,79,48,84,13,0,21,23,471,379007.18683651806,1
Right On,Lil Baby,1,2022,4,8,1116,0,101780047.0,166,Major,70,22,61,2,0,10,34,463,219827.3153347732,2
Me Arrepentï¿,"Ak4:20, Cris Mj, Pailita",3,2022,3,30,273,2,118381354.0,92,Major,86,91,79,29,0,60,16,472,250807.9533898305,1
That's Hilarious,Charlie Puth,1,2022,4,8,686,2,146363130.0,108,Major,71,55,44,74,0,11,6,463,316119.07127429807,2
Soy El Unico,Yahritza Y Su Esencia,1,2022,3,25,226,0,126443991.0,84,Minor,71,63,45,45,0,11,3,477,265081.7421383648,1
RUMBATï¿½,Daddy Yankee,1,2022,3,25,1264,0,157990698.0,95,Minor,69,90,91,6,0,35,4,477,331217.3962264151,2
sentaDONA (Remix) s2,"Luï¿½ï¿½sa Sonza, MC Frog, Dj Gabriel do Borel, Davi K",4,2022,3,17,870,0,176290831.0,135,Minor,93,77,45,25,0,13,27,485,363486.24948453606,1
Falling,Harry Styles,1,2019,12,13,7556,0,1023187129.0,110,Major,57,6,27,84,0,9,3,1310,781058.8770992366,17
Sigue,"Ed Sheeran, J Balvin",2,1996,11,24,1370,0,106933107.0,88,Major,89,59,64,5,0,19,7,9729,10991.171446191798,1
Fim de Semana no Rio,teto,1,2022,3,30,315,2,139193812.0,119,Minor,87,28,50,12,0,10,10,472,294902.1440677966,1
MANIAC,Stray Kids,1,2022,3,18,651,0,212234990.0,120,Major,58,71,80,15,0,7,41,484,438502.0454545455,2
There's Nothing Holdin' Me Back,Shawn Mendes,1,2016,9,23,12382,0,1714490998.0,122,Major,86,97,80,36,0,9,6,2486,689658.4867256638,3
IDGAF (with blackbear),"Blackbear, BoyWithUke",2,2022,3,18,625,0,197643795.0,98,Major,78,83,75,41,0,27,8,484,408354.94834710745,1
Golden,Harry Styles,1,2019,12,13,8429,1,807015863.0,140,Minor,45,25,84,21,0,13,6,1310,616042.6435114504,17
Get Lucky - Radio Edit,"Pharrell Williams, Nile Rodgers, Daft Punk",3,2013,1,1,52898,0,933815613.0,116,Minor,79,87,81,4,0,10,4,3847,242738.6568754874,1
Ain't Shit,Doja Cat,1,2021,6,25,3436,0,499710590.0,124,Major,86,62,49,51,0,35,21,750,666280.7866666666,6
"Nobody Like U - From ""Turning Red""","Jordan Fisher, Josh Levi, Finneas O'Connell, 4*TOWN (From Disney and Pixarï¿½ï¿½ï¿½s Turning Red), Topher Ngo, Grayson Vill",6,2022,2,25,918,0,120847157.0,105,Minor,91,73,72,13,0,9,15,505,239301.300990099,1
Still Life,BIGBANG,1,2022,4,5,181,0,53909146.0,118,Major,68,24,58,44,0,6,3,466,115684.8626609442,1
Photograph,Ed Sheeran,1,2014,6,20,18778,3,2236667932.0,108,Major,61,20,38,61,0,10,5,3312,675322.4432367149,9
Photograph,Ed Sheeran,1,2014,6,20,18778,3,2236667932.0,108,Major,61,20,38,61,0,10,5,3312,675322.4432367149,9
Love Yourself,Justin Bieber,1,2015,11,9,22730,5,2123309722.0,100,Major,61,53,38,84,0,28,44,2805,756973.1629233512,3
N95,Kendrick Lamar,1,2022,5,13,5542,0,301242089.0,140,Minor,81,39,66,38,0,12,14,428,703836.6565420561,12
About Damn Time,Lizzo,1,2022,4,14,9021,0,723894473.0,109,Minor,84,72,74,10,0,34,7,457,1584014.1641137856,3
Die Hard,"Kendrick Lamar, Blxst, Amanda Reifer",3,2022,5,13,4627,0,237351106.0,101,Minor,78,40,74,36,0,17,27,428,554558.6588785046,1
Despuï¿½ï¿½s de la P,Bad Bunny,1,2022,5,6,2229,0,461558540.0,78,Major,56,61,90,36,0,18,31,435,1061054.1149425288,19
Un Ratito,Bad Bunny,1,2022,5,6,1112,6,417230415.0,93,Minor,79,22,55,31,0,12,5,435,959150.3793103448,19
United In Grief,Kendrick Lamar,1,2022,5,13,2575,0,156898322.0,87,Major,52,32,83,24,0,17,43,428,366584.8644859813,12
Father Time (feat. Sampha),"Kendrick Lamar, Sampha",2,2022,5,13,3107,0,127309180.0,153,Minor,55,50,78,19,0,11,35,428,297451.3551401869,1
Yo No Soy Celoso,Bad Bunny,1,2022,5,6,1179,0,313113297.0,142,Major,87,93,59,28,0,17,5,435,719800.6827586207,19
Rich Spirit,Kendrick Lamar,1,2022,5,13,3486,0,173702135.0,96,Minor,85,41,43,39,0,12,21,428,405846.1098130841,12
Cooped Up (with Roddy Ricch),"Post Malone, Roddy Ricch",2,2022,5,12,2942,0,271666301.0,125,Major,50,39,78,4,0,11,33,429,633254.7808857809,1
Me Fui de Vacaciones,Bad Bunny,1,2022,5,6,1443,0,305650299.0,85,Major,71,43,65,23,0,9,5,435,702644.3655172414,19
Silent Hill,"Kendrick Lamar, Kodak Black",2,2022,5,13,3028,0,123216717.0,140,Minor,92,78,57,46,0,14,9,428,287889.5257009346,1
La Corriente,"Tony Dize, Bad Bunny",2,2022,5,6,1796,8,479655659.0,196,Minor,66,58,79,23,0,22,20,435,1102656.6873563218,1
Count Me Out,Kendrick Lamar,1,2022,5,13,2729,0,126191104.0,134,Major,78,51,43,69,0,14,9,428,294839.0280373832,12
Andrea,"Buscabulla, Bad Bunny",2,2022,5,6,1195,0,344055883.0,103,Minor,80,45,62,76,0,10,38,435,790933.0643678161,1
Dos Mil 16,Bad Bunny,1,2022,5,6,892,3,338422004.0,130,Major,82,50,67,12,0,13,5,435,777981.6183908046,19
We Cry Together,"Kendrick Lamar, Taylour Paige",2,2022,5,13,1635,0,68895644.0,108,Major,65,52,69,31,0,8,36,428,160971.13084112148,1
Savior,"Kendrick Lamar, Sam Dew, Baby Keem",3,2022,5,13,2291,0,86176890.0,123,Major,61,66,71,53,0,32,46,428,201347.8738317757,1
Un Coco,Bad Bunny,1,2022,5,6,1029,28,403231558.0,152,Major,84,74,69,21,0,18,6,435,926969.0988505748,19
Otro Atardecer,"Bad Bunny, The Marï¿½ï",2,2022,5,6,1681,7,319546754.0,108,Major,78,55,60,59,0,7,4,435,734590.2390804598,1
Worldwide Steppers,Kendrick Lamar,1,2022,5,13,1480,0,61739839.0,72,Minor,56,56,47,76,0,8,36,428,144251.96028037384,12
Aguacero,Bad Bunny,1,2022,5,6,829,0,283359161.0,121,Minor,86,67,65,42,0,35,7,435,651400.3701149425,19
Purple Hearts,"Kendrick Lamar, Ghostface Killah, Summer Walker",3,2022,5,13,2308,0,76831876.0,138,Minor,57,71,82,19,0,15,29,428,179513.7289719626,1
Un Verano Sin Ti,Bad Bunny,1,2022,5,6,1004,1,283332261.0,188,Minor,50,41,50,69,0,12,6,435,651338.5310344828,19
ULTRA SOLO,"Polima WestCoast, Pailita",2,2022,2,14,1367,0,307752576.0,110,Major,80,26,85,23,0,11,21,516,596419.7209302326,1
Ensï¿½ï¿½ï¿½ï¿½ame ,Bad Bunny,1,2022,5,6,1112,3,279737940.0,105,Major,81,77,79,19,0,47,8,435,643075.724137931,19
El Apagï¿½,Bad Bunny,1,2022,5,6,1209,0,212351890.0,118,Major,63,60,70,5,0,9,31,435,488165.2643678161,19
Callaita,"Bad Bunny, Tainy",2,2019,5,31,9539,15,1304313953.0,176,Major,61,24,62,60,0,24,31,1506,866078.3220451528,1
Dua Lipa,Jack Harlow,1,2022,5,6,1992,0,150500965.0,158,Major,83,41,65,0,10,11,8,435,345979.2298850575,3
Agosto,Bad Bunny,1,2022,5,6,897,0,246127838.0,115,Minor,85,72,58,9,0,49,12,435,565811.1218390805,19
House Of Memories,Panic! At The Disco,1,2016,1,15,2948,0,582863434.0,110,Minor,51,48,82,0,0,5,3,2738,212879.2673484295,1
Mr. Morale,"Kendrick Lamar, Tanna Leone",2,2022,5,13,1860,0,58687425.0,174,Major,73,26,54,30,0,34,32,428,137120.15186915887,1
That That (prod. & feat. SUGA of BTS),"PSY, Suga",2,2022,4,29,802,0,212109195.0,130,Major,91,91,96,3,0,3,9,442,479885.056561086,1
In The Stars,Benson Boone,1,2022,4,29,2224,8,382199619.0,78,Major,36,30,54,34,0,14,5,442,864705.0203619909,1
Rich - Interlude,Kendrick Lamar,1,2022,5,13,1103,0,41210087.0,104,Major,44,74,42,88,0,9,9,428,96285.25,12
SUPERMODEL,Mï¿½ï¿½ne,1,2022,5,13,2265,0,231657891.0,121,Major,64,80,88,0,0,12,6,428,541256.7546728972,4
Stefania (Kalush Orchestra),KALUSH,1,2022,3,10,555,0,53729194.0,105,Major,83,32,82,14,0,12,4,492,109205.67886178862,1
Thousand Miles,The Kid Laroi,1,2022,4,22,2050,0,244741137.0,81,Major,38,20,66,9,0,9,8,449,545080.4832962138,2
Crown,Kendrick Lamar,1,2022,5,13,1493,0,42485571.0,170,Minor,37,14,24,80,0,11,4,428,99265.35280373832,12
Auntie Diaries,Kendrick Lamar,1,2022,5,13,1545,0,37778188.0,78,Major,43,60,38,76,1,48,38,428,88266.79439252337,12
PUFFIN ON ZOOTIEZ,Future,1,2022,4,29,2350,0,254218729.0,125,Major,88,28,66,6,0,13,31,442,575155.4954751132,2
PUFFIN ON ZOOTIEZ,Future,1,2022,4,29,2350,0,254218729.0,125,Major,88,28,66,6,0,13,31,442,575155.4954751132,2
PUFFIN ON ZOOTIEZ,Future,1,2022,4,29,2350,0,254218729.0,125,Major,88,28,66,6,0,13,31,442,575155.4954751132,2
PUFFIN ON ZOOTIEZ,Future,1,2022,4,29,2350,0,254218729.0,125,Major,88,28,66,6,0,13,31,442,575155.4954751132,2
PUFFIN ON ZOOTIEZ,Future,1,2022,4,29,2350,0,254218729.0,125,Major,88,28,66,6,0,13,31,442,575155.4954751132,2
Mirror,Kendrick Lamar,1,2022,5,13,1929,0,53603447.0,92,Minor,66,29,65,23,0,8,7,428,125241.69859813084,12
Beautiful Girl,Luciano,1,2022,4,22,710,4,160035717.0,140,Minor,84,61,42,31,0,9,9,449,356426.98663697107,1
Beautiful Girl,Luciano,1,2022,4,22,710,4,160035717.0,140,Minor,84,61,42,31,0,9,9,449,356426.98663697107,1
Beautiful Girl,Luciano,1,2022,4,22,710,4,160035717.0,140,Minor,84,61,42,31,0,9,9,449,356426.98663697107,1
Beautiful Girl,Luciano,1,2022,4,22,710,4,160035717.0,140,Minor,84,61,42,31,0,9,9,449,356426.98663697107,1
Beautiful Girl,Luciano,1,2022,4,22,710,4,160035717.0,140,Minor,84,61,42,31,0,9,9,449,356426.98663697107,1
Beautiful Girl,Luciano,1,2022,4,22,710,4,160035717.0,140,Minor,84,61,42,31,0,9,9,449,356426.98663697107,1
Beautiful Girl,Luciano,1,2022,4,22,710,4,160035717.0,140,Minor,84,61,42,31,0,9,9,449,356426.98663697107,1
"Paulo Londra: Bzrp Music Sessions, Vol. 23","Bizarrap, Paulo Londra",2,2022,4,25,928,0,164163229.0,96,Major,61,32,90,25,0,10,9,446,368078.9887892377,1
Savior - Interlude,Kendrick Lamar,1,2022,5,13,1194,0,37091576.0,118,Minor,66,83,43,84,0,19,19,428,86662.56074766355,12
Pasoori,"Shae Gill, Ali Sethi",2,2022,2,6,349,6,284249832.0,92,Minor,71,67,60,7,0,6,4,524,542461.5114503817,1
Mother I Sober (feat. Beth Gibbons of Portishead),"Kendrick Lamar, Beth Gibbons",2,2022,5,13,1890,0,33381454.0,140,Minor,49,50,37,87,0,11,35,428,77994.05140186916,1
TUS Lï¿½ï¿½GR,"Sech, Mora",2,2022,4,1,1308,2,184622518.0,174,Major,68,45,71,18,0,11,25,470,392813.8680851064,1
Where Did You Go?,"MNEK, Jax Jones",2,2022,1,26,4531,0,300983101.0,127,Major,77,53,78,19,0,29,4,535,562585.2355140187,1
I Tried to Tell Y'all,"Ugly Dray, Tesla Jnr",2,2022,5,6,1657,0,121077868.0,96,Major,71,37,52,62,0,11,36,435,278339.9264367816,1
Honest (feat. Don Toliver),"Justin Bieber, Don Toliver",2,2022,4,29,1351,0,106919680.0,150,Minor,82,82,66,13,0,11,6,442,241899.72850678733,1
ZOOM,Jessi,1,2022,4,13,608,0,136996305.0,100,Major,87,46,60,1,0,13,16,458,299118.56986899563,1
ZOOM,Jessi,1,2022,4,13,608,0,136996305.0,100,Major,87,46,60,1,0,13,16,458,299118.56986899563,1
ZOOM,Jessi,1,2022,4,13,608,0,136996305.0,100,Major,87,46,60,1,0,13,16,458,299118.56986899563,1
ZOOM,Jessi,1,2022,4,13,608,0,136996305.0,100,Major,87,46,60,1,0,13,16,458,299118.56986899563,1
ZOOM,Jessi,1,2022,4,13,608,0,136996305.0,100,Major,87,46,60,1,0,13,16,458,299118.56986899563,1
SloMo,Chanel,1,2021,12,24,1211,0,65719930.0,105,Minor,73,59,81,13,0,9,6,568,115704.10211267606,1
SloMo,Chanel,1,2021,12,24,1211,0,65719930.0,105,Minor,73,59,81,13,0,9,6,568,115704.10211267606,1
SloMo,Chanel,1,2021,12,24,1211,0,65719930.0,105,Minor,73,59,81,13,0,9,6,568,115704.10211267606,1
FEARLESS,LE SSERAFIM,1,2022,5,2,629,0,229497852.0,104,Major,86,43,62,5,0,13,14,439,522774.1503416856,2
10 Things I Hate About You,Leah Kate,1,2022,3,23,1301,0,185550869.0,154,Major,54,45,79,1,0,17,5,479,387371.3340292276,1
SPACE MAN,Sam Ryder,1,2022,2,22,1329,0,54682594.0,80,Major,47,33,83,18,0,10,5,508,107642.90157480317,1
With you,"HA SUNG WOON, Jimin",2,2022,4,24,343,2,240580042.0,150,Major,53,14,43,64,0,13,3,447,538210.3847874721,1
Iris,The Goo Goo Dolls,1,1998,3,31,13101,9,1284942608.0,156,Minor,32,49,72,0,0,9,4,9237,139108.2178196384,1
The Heart Part 5,Kendrick Lamar,1,2022,5,8,2939,0,71423324.0,98,Minor,76,79,81,18,0,6,34,433,164949.93995381062,12
San Lucas,Kevin Kaarl,1,2019,11,7,407,1,244891912.0,92,Major,58,27,36,86,0,9,3,1346,181940.499257058,1
This Love (Taylorï¿½ï¿½ï¿½s Ve,Taylor Swift,1,2022,5,6,1492,0,132171975.0,144,Major,47,7,50,32,0,7,4,435,303843.6206896552,34
Good Looking,Suki Waterhouse,1,2017,10,20,2264,0,184706613.0,150,Major,37,27,56,8,0,13,3,2094,88207.55157593123,1
Flowers,Lauren Spencer Smith,1,2021,8,9,801,0,184826429.0,138,Major,70,31,44,84,0,9,39,705,262165.1475177305,1
Yet To Come,BTS,1,2022,6,10,829,0,302006641.0,172,Major,56,68,89,4,0,33,19,400,755016.6025,8
Run BTS,BTS,1,2022,6,10,736,0,330881149.0,77,Major,72,70,82,2,0,4,17,400,827202.8725,8
Music For a Sushi Restaurant,Harry Styles,1,2022,5,20,4449,1,334733572.0,107,Major,72,36,72,26,6,11,4,421,795091.619952494,17
Matilda,Harry Styles,1,2022,5,20,3218,3,366214458.0,114,Major,51,39,29,90,0,10,4,421,869868.0712589073,17
For Youth,BTS,1,2022,6,10,327,0,114546317.0,117,Major,63,29,51,43,0,25,4,400,286365.7925,8
Daylight,Harry Styles,1,2022,5,20,2775,0,290833204.0,146,Major,69,63,45,48,0,18,4,421,690815.2114014252,17
Vegas (From the Original Motion Picture Soundtrack ELVIS),Doja Cat,1,2022,5,6,4576,0,448500832.0,160,Minor,80,74,60,8,0,14,26,435,1031036.3954022988,6
Cash In Cash Out,"Pharrell Williams, Tyler, The Creator, 21 Savage",4,2022,6,10,2313,0,136676504.0,120,Major,88,15,56,1,0,8,6,400,341691.26,1
Potion (with Dua Lipa & Young Thug),"Calvin Harris, Dua Lipa, Young Thug",3,2022,5,27,3983,0,190625045.0,100,Minor,82,76,70,16,0,8,5,414,460446.9685990338,1
Born Singer,BTS,1,2022,6,10,279,0,79095270.0,158,Minor,60,68,84,4,0,24,11,400,197738.175,8
Little Freak,Harry Styles,1,2022,5,20,2302,0,273194684.0,142,Major,56,40,54,72,0,10,4,421,648918.4893111639,17
La Llevo Al Cielo (Ft. ï¿½ï¿½engo F,"Nengo Flow, Anuel Aa, Chris Jedi, Chencho Corleone",4,2022,5,20,3559,3,333146475.0,170,Minor,80,77,85,11,0,17,14,421,791321.7933491686,1
True Love,"Kanye West, XXXTENTACION",2,2022,5,27,2129,0,194902696.0,84,Minor,71,39,86,2,0,51,25,414,470779.4589371981,1
Satellite,Harry Styles,1,2022,5,20,3291,5,311482393.0,139,Major,58,30,46,14,0,9,3,421,739863.1662707839,17
Pass The Dutchie,Musical Youth,1,1982,1,1,5328,0,195918494.0,151,Major,73,88,67,20,0,32,5,15170,12914.864469347396,1
"Villano Antillano: Bzrp Music Sessions, Vol. 51","Bizarrap, Villano Antillano",2,2022,6,8,1401,0,248511839.0,128,Minor,82,42,75,6,0,63,6,402,618188.6542288557,1
Love Of My Life,Harry Styles,1,2022,5,20,1933,0,233671263.0,118,Major,56,20,54,67,0,6,5,421,555038.6294536818,17
Grapejuice,Harry Styles,1,2022,5,20,1986,0,199587884.0,183,Major,65,88,72,36,14,20,3,421,474080.4845605701,17
So Good,Halsey,1,2022,6,9,1057,0,91781263.0,83,Minor,63,29,62,4,0,18,4,401,228880.95511221944,1
Belly Dancer,"BYOR, Imanbek",2,2022,2,18,5115,13,383835984.0,122,Major,85,42,80,6,0,17,14,512,749679.65625,1
Keep Driving,Harry Styles,1,2022,5,20,2094,1,236060709.0,165,Major,72,90,48,32,0,18,23,421,560714.2731591449,17
Cinema,Harry Styles,1,2022,5,20,2171,0,189236868.0,106,Minor,83,90,64,35,5,9,4,421,449493.7482185273,17
Die Young (feat. 347aidan),"Sleepy hallow, 347aidan",2,2022,5,25,896,0,160845341.0,77,Major,81,68,58,83,0,11,34,416,386647.4543269231,1
Only Love Can Hurt Like This,Paloma Faith,1,2014,1,1,5148,0,588955257.0,91,Major,57,30,89,10,0,33,8,3482,169142.8078690408,1
Hold My Hand,Lady Gaga,1,2022,5,3,2528,0,238350348.0,148,Major,51,21,63,5,0,41,3,438,544178.8767123288,2
Daydreaming,Harry Styles,1,2022,5,20,1900,1,187703102.0,114,Minor,71,90,81,31,2,13,3,421,445850.5985748218,17
Numb,"Marshmello, Khalid",2,2022,6,10,3879,2,295307001.0,120,Minor,91,63,77,12,1,10,5,400,738267.5025,1
Nos Comemos (feat. Ozuna),"Ozuna, Tiago pzk",2,2022,6,2,896,0,138334433.0,92,Major,83,56,82,10,0,9,5,408,339054.98284313723,1
Me and Your Mama,Childish Gambino,1,2016,11,10,8775,0,445590495.0,118,Major,56,25,45,1,3,7,3,2438,182768.8658736669,1
Crazy What Love Can Do,"David Guetta, Ella Henderson, Becky Hill",3,2022,3,18,5290,0,286739476.0,123,Minor,60,46,71,3,0,16,4,484,592436.9338842975,1
SLOW DANCING IN THE DARK,Joji,1,2018,9,12,10211,0,1122364376.0,89,Major,52,28,48,54,1,19,3,1767,635180.7447651386,3
SLOW DANCING IN THE DARK,Joji,1,2018,9,12,10211,0,1122364376.0,89,Major,52,28,48,54,1,19,3,1767,635180.7447651386,3
Antes de Perderte,Duki,1,2022,6,2,584,8,157136970.0,110,Minor,81,61,93,49,0,12,11,408,385139.6323529412,2
Boyfriends,Harry Styles,1,2022,5,20,1517,0,137070925.0,118,Major,42,32,20,94,0,11,4,421,325584.14489311166,17
295,Sidhu Moose Wala,1,2021,5,15,246,4,183273246.0,90,Minor,68,54,76,21,0,11,20,791,231698.1618204804,1
Tak Ingin Usai,Keisya Levronka,1,2022,5,13,220,4,184807630.0,130,Major,49,14,40,82,0,11,3,428,431793.5280373832,1
En El Radio Un Cochinero,Victor Cibrian,1,2022,5,13,514,0,164856284.0,154,Minor,70,97,62,47,0,10,4,428,385178.2336448598,1
Master of Puppets (Remastered),Metallica,1,1986,3,3,6080,0,704171068.0,105,Minor,54,59,83,0,44,20,4,13648,51595.18376318875,1
BREAK MY SOUL,Beyoncï¿,1,2022,6,21,9724,0,354614964.0,115,Minor,70,87,88,4,0,26,8,389,911606.59125964,3
ULTRA SOLO REMIX,"De La Ghetto, Feid, Polima WestCoast, Paloma Mami, Pailita",5,2022,6,16,2341,0,279717388.0,110,Major,91,59,82,8,0,6,8,394,709942.6091370558,1
Massive,Drake,1,2022,6,17,5263,0,195628667.0,125,Minor,51,5,68,12,2,15,6,393,497782.8676844784,4
Massive,Drake,1,2022,6,17,5263,0,195628667.0,125,Minor,51,5,68,12,2,15,6,393,497782.8676844784,4
Massive,Drake,1,2022,6,17,5263,0,195628667.0,125,Minor,51,5,68,12,2,15,6,393,497782.8676844784,4
Massive,Drake,1,2022,6,17,5263,0,195628667.0,125,Minor,51,5,68,12,2,15,6,393,497782.8676844784,4
Betty (Get Money),Yung Gravy,1,2022,6,10,2402,0,221752937.0,102,Major,73,62,75,0,0,34,8,400,554382.3425,1
Ojos Marrones,Lasso,1,2022,2,6,795,11,263280370.0,120,Minor,81,72,65,4,0,14,4,524,502443.4541984733,1
Ojos Marrones,Lasso,1,2022,2,6,795,11,263280370.0,120,Minor,81,72,65,4,0,14,4,524,502443.4541984733,1
Ojos Marrones,Lasso,1,2022,2,6,795,11,263280370.0,120,Minor,81,72,65,4,0,14,4,524,502443.4541984733,1
Ojos Marrones,Lasso,1,2022,2,6,795,11,263280370.0,120,Minor,81,72,65,4,0,14,4,524,502443.4541984733,1
POP!,Nayeon,1,2022,6,24,571,0,213505179.0,97,Major,80,36,86,4,0,3,5,386,553122.2253886011,1
Layla,"Schï¿½ï¿½rze, DJ R",2,2022,3,24,832,3,130419412.0,140,Minor,44,41,92,0,0,44,7,478,272843.95815899584,1
MORE,j-hope,1,2022,7,1,565,0,155795783.0,97,Major,78,31,72,1,0,11,4,379,411070.6675461741,1
Sweet Child O' Mine,Guns N' Roses,1,1987,1,1,41231,1,1553497987.0,125,Major,45,67,90,9,11,10,5,13344,116419.21365407674,1
Last Last,Burna Boy,1,2022,5,12,4526,12,293466523.0,88,Minor,80,55,56,13,0,8,9,429,684071.1491841492,2
SNAP,Rosa Linn,1,2022,3,19,1818,0,711366595.0,170,Major,56,52,64,11,0,45,7,483,1472808.685300207,2
Sticky,Drake,1,2022,6,17,2814,0,191448892.0,137,Minor,88,8,49,9,0,9,14,393,487147.3078880407,4
Sticky,Drake,1,2022,6,17,2814,0,191448892.0,137,Minor,88,8,49,9,0,9,14,393,487147.3078880407,4
Sticky,Drake,1,2022,6,17,2814,0,191448892.0,137,Minor,88,8,49,9,0,9,14,393,487147.3078880407,4
Sticky,Drake,1,2022,6,17,2814,0,191448892.0,137,Minor,88,8,49,9,0,9,14,393,487147.3078880407,4
Hot Shit (feat. Ye & Lil Durk),"Kanye West, Lil Durk, Cardi B",3,2022,7,1,1601,0,85924992.0,157,Major,88,52,69,0,0,8,23,379,226715.018469657,1
Ai Preto,"L7nnon, DJ Biel do Furduncinho, Bianca",3,2022,6,3,894,4,176103902.0,130,Major,95,83,57,54,0,10,25,407,432687.7199017199,1
La Loto,"Anitta, Tini, Becky G",3,2022,7,6,945,0,121189256.0,90,Major,85,80,83,10,0,8,11,374,324035.4438502674,1
die first,Nessa Barrett,1,2022,6,24,767,0,131746175.0,183,Minor,44,44,67,7,0,12,13,386,341311.3341968912,1
Afraid To Feel,LF System,1,2022,5,2,5898,5,244790012.0,128,Major,58,68,91,2,0,27,11,439,557608.2277904327,1
Baile no Morro,"Mc Vitin Da Igrejinha, MC Tairon, DJ Win",3,2022,6,10,685,2,129314708.0,130,Minor,71,78,40,46,0,7,45,400,323286.77,1
cï¿½ï¿½mo dormi,Rels B,1,2022,8,4,1452,35,331511413.0,126,Major,63,56,43,24,0,12,23,345,960902.6463768115,1
Bad Decisions (with BTS & Snoop Dogg),"Snoop Dogg, BTS, Benny Blanco",3,2022,8,5,1456,0,219196651.0,120,Major,77,94,87,2,0,23,12,344,637199.5668604651,1
STAYING ALIVE (feat. Drake & Lil Baby),"Drake, DJ Khaled, Lil Baby",3,2022,8,5,2107,0,170732845.0,130,Minor,72,18,46,7,0,28,8,344,496316.4098837209,1
Caile,Luar La L,1,2020,12,18,1494,2,273914335.0,122,Major,70,46,76,30,0,9,45,939,291708.55697550584,1
Si Te La Encuentras Por Ahï¿,Feid,1,2022,8,5,1379,4,179061440.0,172,Minor,74,46,58,15,0,13,8,344,520527.4418604651,8
GIVENCHY,Duki,1,2022,7,20,625,4,185236961.0,103,Major,61,38,62,14,0,23,40,360,514547.1138888889,2
ALIEN SUPERSTAR,Beyoncï¿,1,2022,7,29,2688,0,171788484.0,122,Minor,55,46,64,0,0,17,10,351,489425.8803418803,3
Mary On A Cross,Ghost,1,2019,9,13,2668,2,387080183.0,130,Major,47,56,90,0,0,10,4,1401,276288.4960742327,1
Mary On A Cross,Ghost,1,2019,9,13,2668,2,387080183.0,130,Major,47,56,90,0,0,10,4,1401,276288.4960742327,1
Mary On A Cross,Ghost,1,2019,9,13,2668,2,387080183.0,130,Major,47,56,90,0,0,10,4,1401,276288.4960742327,1
Mary On A Cross,Ghost,1,2019,9,13,2668,2,387080183.0,130,Major,47,56,90,0,0,10,4,1401,276288.4960742327,1
Mary On A Cross,Ghost,1,2019,9,13,2668,2,387080183.0,130,Major,47,56,90,0,0,10,4,1401,276288.4960742327,1
Mary On A Cross,Ghost,1,2019,9,13,2668,2,387080183.0,130,Major,47,56,90,0,0,10,4,1401,276288.4960742327,1
Mary On A Cross,Ghost,1,2019,9,13,2668,2,387080183.0,130,Major,47,56,90,0,0,10,4,1401,276288.4960742327,1
Mary On A Cross,Ghost,1,2019,9,13,2668,2,387080183.0,130,Major,47,56,90,0,0,10,4,1401,276288.4960742327,1
Mary On A Cross,Ghost,1,2019,9,13,2668,2,387080183.0,130,Major,47,56,90,0,0,10,4,1401,276288.4960742327,1
Mary On A Cross,Ghost,1,2019,9,13,2668,2,387080183.0,130,Major,47,56,90,0,0,10,4,1401,276288.4960742327,1
Mary On A Cross,Ghost,1,2019,9,13,2668,2,387080183.0,130,Major,47,56,90,0,0,10,4,1401,276288.4960742327,1
Mary On A Cross,Ghost,1,2019,9,13,2668,2,387080183.0,130,Major,47,56,90,0,0,10,4,1401,276288.4960742327,1
Mary On A Cross,Ghost,1,2019,9,13,2668,2,387080183.0,130,Major,47,56,90,0,0,10,4,1401,276288.4960742327,1
Mary On A Cross,Ghost,1,2019,9,13,2668,2,387080183.0,130,Major,47,56,90,0,0,10,4,1401,276288.4960742327,1
Mary On A Cross,Ghost,1,2019,9,13,2668,2,387080183.0,130,Major,47,56,90,0,0,10,4,1401,276288.4960742327,1
Mary On A Cross,Ghost,1,2019,9,13,2668,2,387080183.0,130,Major,47,56,90,0,0,10,4,1401,276288.4960742327,1
Mary On A Cross,Ghost,1,2019,9,13,2668,2,387080183.0,130,Major,47,56,90,0,0,10,4,1401,276288.4960742327,1
Mary On A Cross,Ghost,1,2019,9,13,2668,2,387080183.0,130,Major,47,56,90,0,0,10,4,1401,276288.4960742327,1
Mary On A Cross,Ghost,1,2019,9,13,2668,2,387080183.0,130,Major,47,56,90,0,0,10,4,1401,276288.4960742327,1
Attention,NewJeans,1,2022,8,1,799,12,264717480.0,105,Minor,81,70,65,24,0,8,4,348,760682.4137931034,6
THE SHADE,Rex Orange County,1,2022,3,11,1189,6,244928911.0,120,Major,90,73,51,39,0,9,6,491,498836.88594704686,1
"Come Back Home - From ""Purple Hearts""",Sofia Carson,1,2022,7,12,367,0,97610446.0,145,Major,56,43,53,24,0,12,4,368,265245.777173913,1
El Rescate,"Grupo Marca Registrada, Junior H",2,2022,7,22,527,4,287278853.0,99,Minor,79,64,59,28,0,11,14,358,802454.8966480447,1
Heartless,Kanye West,1,2008,1,1,17504,34,887906111.0,88,Minor,79,66,65,5,0,25,14,5674,156486.80137469157,3
"Stay With Me (with Justin Timberlake, Halsey, & Pharrell)","Calvin Harris, Halsey, Pharrell Williams, Justin Timberlake",4,2022,7,15,3113,0,123473120.0,126,Major,81,90,73,28,0,29,4,365,338282.5205479452,1
Siempre Pendientes,"Peso Pluma, Luis R Conriquez",2,2022,8,15,685,5,295152154.0,136,Major,77,71,75,33,1,13,4,334,883689.0838323353,1
JGL,"Luis R Conriquez, La Adictiva",2,2022,2,18,782,9,323455692.0,113,Major,70,97,59,55,0,27,12,512,631749.3984375,1
Don't You Worry,"David Guetta, Shakira, Black Eyed Peas",3,2022,6,16,2442,0,240918092.0,132,Major,82,49,88,20,0,21,3,394,611467.2385786802,1
Pipoco,"Melody, Ana Castela, Dj Chris No Beat",3,2022,5,20,1112,4,191873381.0,135,Major,77,74,74,47,0,34,8,421,455756.24940617575,1
Hold Me Closer,"Elton John, Britney Spears",2,2017,11,10,4967,0,284216603.0,126,Major,67,49,77,11,0,19,11,2073,137104.00530631933,1
Forget Me,Lewis Capaldi,1,2022,9,9,2520,4,239411309.0,102,Minor,67,72,74,30,0,36,4,309,774793.8802588996,3
After LIKE,IVE,1,2022,8,22,767,12,265548837.0,125,Major,68,80,92,10,0,9,12,327,812075.9541284404,4
Bound 2,Kanye West,1,2013,1,1,19806,7,703301727.0,149,Major,37,28,66,14,0,9,5,3847,182818.22900961788,3
B.O.T.A. (Baddest Of Them All) - Edit,"Interplanetary Criminal, Eliza Rose",2,2022,6,15,5153,6,244585109.0,137,Major,74,71,89,24,61,15,5,395,619202.8075949367,1
Talk that Talk,TWICE,1,2022,8,26,615,0,189476119.0,120,Minor,77,78,91,14,0,33,12,323,586613.3715170278,2
BILLIE EILISH.,Armani White,1,2022,1,20,2537,0,277132266.0,100,Major,90,75,50,11,0,9,26,541,512259.2717190389,1
Ferxxo 100,Feid,1,2022,6,3,1647,30,278920007.0,164,Minor,70,58,57,25,0,15,7,407,685307.1425061425,8
KU LO SA - A COLORS SHOW,Oxlade,1,2022,6,10,2019,8,222410722.0,93,Minor,65,79,66,31,0,22,7,400,556026.805,1
Prohibidox,Feid,1,2022,9,13,1473,12,185392587.0,180,Minor,65,52,80,5,0,6,25,305,607844.5475409837,8
Static,Steve Lacy,1,2022,7,15,1613,0,202452860.0,79,Major,34,22,31,43,63,10,7,365,554665.3698630137,3
Static,Steve Lacy,1,2022,7,15,1613,0,202452860.0,79,Major,34,22,31,43,63,10,7,365,554665.3698630137,3
The Scientist,Coldplay,1,2002,8,5,30992,6,1608164312.0,146,Major,56,21,44,73,0,11,2,7649,210245.04013596548,3
Sparks,Coldplay,1,2000,7,10,10826,4,624101957.0,103,Major,37,17,27,75,5,10,3,8405,74253.65342058298,3
Talk,YEAT,1,2022,9,2,920,0,148461629.0,140,Minor,70,26,76,8,0,54,23,316,469815.2816455696,2
XQ Te Pones Asï¿,"Yandel, Feid",2,2022,9,13,308,0,47093942.0,92,Major,81,48,70,13,0,15,7,305,154406.36721311475,2
Selfish,PnB Rock,1,2016,6,23,2468,0,380319238.0,102,Minor,64,4,60,11,0,19,4,2578,147524.91776570986,1
Sin Seï¿½ï,"Ovy On The Drums, Quevedo",2,2022,7,22,1097,2,209106362.0,118,Minor,82,75,85,33,1,11,4,358,584095.9832402235,1
Lady Mi Amor,Feid,1,2022,9,13,330,0,53987404.0,93,Major,78,75,62,6,0,15,6,305,177007.88196721312,8
Poland,Lil Yachty,1,2022,6,23,1584,0,115331792.0,150,Minor,70,26,56,14,83,11,5,387,298014.9664082687,1
THE LONELIEST,Mï¿½ï¿½ne,1,2022,10,7,1585,5,225093344.0,130,Major,52,24,60,0,0,8,3,281,801043.9288256228,4
Bye Bye,"Marshmello, Juice WRLD",2,2022,10,14,766,0,84697729.0,83,Minor,65,24,53,6,0,51,4,274,309115.799270073,1
BABY OTAKU,"Fran C, Polima WestCoast, Nickoog Clk, Pablito Pesadilla",4,2022,8,18,836,0,159240673.0,102,Major,84,43,75,5,0,6,8,331,481089.6465256797,1
Nxde,(G)I-DLE,1,2022,10,17,430,6,170709584.0,136,Minor,73,65,91,4,0,48,18,271,629924.6642066421,2
Miss You,Southstar,1,1982,5,16,2020,0,154356956.0,145,Major,66,24,58,17,0,19,5,15035,10266.50854672431,1
we fell in love in october,girl in red,1,2018,11,21,6858,0,723043854.0,130,Major,57,24,37,11,18,16,3,1697,426071.8055391868,1
2 Be Loved (Am I Ready),Lizzo,1,2022,7,14,3682,6,247689123.0,156,Major,72,92,77,9,0,8,11,366,676746.237704918,3
Celestial,Ed Sheeran,1,2022,9,29,1639,0,176474912.0,123,Major,57,50,85,5,0,16,4,289,610639.8339100346,9
Celestial,Ed Sheeran,1,2022,9,29,1639,0,176474912.0,123,Major,57,50,85,5,0,16,4,289,610639.8339100346,9
Typa Girl,BLACKPINK,1,2022,9,16,452,10,235549288.0,132,Major,92,53,62,7,0,63,10,302,779964.5298013245,3
I Really Want to Stay at Your House,"Rosa Walton, Hallie Coggins",2,2020,12,18,668,1,140430339.0,125,Minor,49,13,74,0,0,9,4,939,149553.0766773163,1
California Breeze,Lil Baby,1,2022,10,14,991,0,85559365.0,162,Minor,74,22,67,0,0,11,46,274,312260.4562043796,2
Bamba (feat. Aitch & BIA),"Luciano, Aitch, Bï¿½",3,2022,9,22,869,7,146223492.0,138,Major,80,82,81,14,0,13,36,296,493998.2837837838,1
Casei Com a Putaria,"MC Ryan SP, Love Funk, Mc Paiva ZS",3,2022,7,1,648,4,187701588.0,161,Minor,59,62,60,12,0,5,44,379,495254.8496042216,1
Major Distribution,"Drake, 21 Savage",2,2022,11,4,1545,0,154863153.0,131,Minor,91,23,55,1,0,7,32,253,612107.324110672,8
Pussy & Millions (feat. Travis Scott),"Drake, Travis Scott, 21 Savage",3,2022,11,4,1930,0,191333656.0,122,Minor,75,45,63,6,0,35,12,253,756259.509881423,1
Vigilante Shit,Taylor Swift,1,2022,10,21,1948,0,253650850.0,80,Minor,80,16,28,17,0,12,39,267,950003.1835205992,34
Question...?,Taylor Swift,1,2022,10,21,1608,0,223064273.0,109,Major,75,11,50,20,0,30,17,267,835446.7153558052,34
On BS,"Drake, 21 Savage",2,2022,11,4,1338,0,170413877.0,158,Major,84,33,36,2,0,39,59,253,673572.6363636364,8
Mastermind,Taylor Swift,1,2022,10,21,1936,0,218320587.0,126,Major,66,12,35,55,0,9,14,267,817680.1011235955,34
Circo Loco,"Drake, 21 Savage",2,2022,11,4,1794,0,141720999.0,104,Major,73,25,61,1,0,32,7,253,560162.0513833992,8
Labyrinth,Taylor Swift,1,2022,10,21,1597,0,187339835.0,110,Major,48,15,31,80,22,12,4,267,701647.3220973783,34
Spin Bout U,"Drake, 21 Savage",2,2022,11,4,1652,2,198365537.0,130,Major,77,20,70,1,0,16,5,253,784053.5059288538,8
Sweet Nothing,Taylor Swift,1,2022,10,21,1747,0,186104310.0,177,Major,34,39,16,97,0,12,5,267,697019.8876404495,34
"Would've, Could've, Should've",Taylor Swift,1,2022,10,21,1715,0,177503916.0,158,Major,48,55,84,43,0,15,12,267,664808.6741573034,34
Con La Brisa,"Ludwig Goransson, Foudeqush",2,2022,11,4,486,0,71095708.0,114,Minor,62,25,44,51,33,14,3,253,281010.70355731226,1
Privileged Rappers,"Drake, 21 Savage",2,2022,11,4,1007,0,112436403.0,144,Major,93,62,61,0,0,12,20,253,444412.6600790514,8
The Astronaut,Jin,1,2022,10,28,481,9,203436468.0,125,Major,54,22,76,0,0,14,3,260,782447.9538461538,1
The Astronaut,Jin,1,2022,10,28,481,9,203436468.0,125,Major,54,22,76,0,0,14,3,260,782447.9538461538,1
The Astronaut,Jin,1,2022,10,28,481,9,203436468.0,125,Major,54,22,76,0,0,14,3,260,782447.9538461538,1
BackOutsideBoyz,Drake,1,2022,11,4,1045,0,93367537.0,142,Minor,85,40,43,4,0,39,32,253,369041.6482213439,4
BackOutsideBoyz,Drake,1,2022,11,4,1045,0,93367537.0,142,Minor,85,40,43,4,0,39,32,253,369041.6482213439,4
BackOutsideBoyz,Drake,1,2022,11,4,1045,0,93367537.0,142,Minor,85,40,43,4,0,39,32,253,369041.6482213439,4
BackOutsideBoyz,Drake,1,2022,11,4,1045,0,93367537.0,142,Minor,85,40,43,4,0,39,32,253,369041.6482213439,4
Broke Boys,"Drake, 21 Savage",2,2022,11,4,1060,0,106249219.0,120,Major,64,11,53,1,0,25,27,253,419957.3873517787,8
The Great War,Taylor Swift,1,2022,10,21,1274,0,181382590.0,96,Major,57,55,74,22,0,8,4,267,679335.543071161,34
My Mind & Me,Selena Gomez,1,2022,11,3,953,0,91473363.0,144,Major,60,24,39,57,0,8,3,254,360131.3503937008,1
Bigger Than The Whole Sky,Taylor Swift,1,2022,10,21,1180,0,121871870.0,166,Major,42,7,24,83,1,12,6,267,456448.9513108615,34
A Veces (feat. Feid),"Feid, Paulo Londra",2,2022,11,3,573,0,73513683.0,92,Major,80,81,67,4,0,8,6,254,289423.94881889765,1
En La De Ella,"Feid, Sech, Jhayco",3,2022,10,20,1320,0,133895612.0,97,Major,82,67,77,8,0,12,5,268,499610.49253731343,1
Alone,Burna Boy,1,2022,11,4,782,2,96007391.0,90,Minor,61,32,67,15,0,11,5,253,379475.85375494073,2
