track_name,artist(s)_name,artist_count,released_year,released_month,released_day,in_spotify_playlists,in_spotify_charts,streams,in_apple_playlists,in_apple_charts,in_deezer_playlists,in_deezer_charts,in_shazam_charts,bpm,key_x,mode_x,danceability_%,valence_%,energy_%,acousticness_%,instrumentalness_%,liveness_%,speechiness_%,days_since_release,streams_per_day,artist_dominance,mbid,artist_mb,artist_lastfm,country_mb,country_lastfm,tags_mb,tags_lastfm,listeners_lastfm,scrobbles_lastfm,ambiguous_artist,instance_id,artist_name,popularity,acousticness,danceability,duration_ms,energy,instrumentalness,key_y,liveness,loudness,mode_y,speechiness,tempo,obtained_date,valence,music_genre
Seven (feat. Latto) (Explicit Ver.),"Latto, Jung Kook",2,2023,7,14,553,147,141381703.0,43,263,45,10,826,125,B,Major,80,89,83,31,0,8,4,1,141381703.0,1,,,,,,,,,,,,,,,,,,,,,,,,,,,
LALA,Myke Towers,1,2023,3,23,1474,48,133716286.0,48,126,58,14,382,92,C#,Major,71,61,74,7,0,10,4,114,1172949.8771929825,1,d2945137-b01d-4195-9f82-64d20f8ba657,Myke Towers,Myke Towers,United States,,latin urban,,3075.0,11416.0,False,,,,,,,,,,,,,,,,,
vampire,Olivia Rodrigo,1,2023,6,30,1397,113,140003974.0,94,207,91,14,949,138,F,Major,51,32,53,17,0,31,6,15,9333598.266666668,7,6925db17-f35e-42f3-a4eb-84ee6bf5d4b0,Olivia Rodrigo,Olivia Rodrigo,United States,,,,158.0,643.0,False,,,,,,,,,,,,,,,,,
Cruel Summer,Taylor Swift,1,2019,8,23,7858,100,800840817.0,116,207,125,12,548,170,A,Major,55,58,72,11,0,11,15,1422,563179.1962025317,34,20244d07-534f-4eff-b4d4-930878889970,Taylor Swift,Taylor Swift,United States,United States,pop; country; electropop; female vocals; dance-pop; pop rock; country pop; contemporary country; teen pop; top 40; country-pop; taylor-swift; singer/songwriter; fixme label mess; hp,country; pop; female vocalists; singer-songwriter; acoustic; taylor swift; country pop; american; seen live; female; pop rock; female vocalist; Love; 00s; contemporary country; USA; beautiful; folk; pop country; modern country; guilty pleasure; rock; amazing; taylor; world; chill; chillout; 3; World Music; sunflower; Skitz0rz; uitluisteren artist; holloween skitz0rz; fav888; my dance room; teen pop; <3; cute; Awesome; sweet; synthpop; Favorite; Female country; legend; talented; love story; 2000s; lovely,2203262.0,171760219.0,False,,,,,,,,,,,,,,,,,
WHERE SHE GOES,Bad Bunny,1,2023,5,18,3133,50,303236322.0,84,133,87,15,425,144,A,Minor,65,23,80,14,63,11,6,58,5228212.448275862,19,89aa5ecb-59ad-46f5-b3eb-2d424e941f19,Bad Bunny,Bad Bunny,United States,,hip hop; latin urban; latin trap,,136813.0,2292156.0,False,,,,,,,,,,,,,,,,,
Sprinter,"Dave, Central Cee",2,2023,6,1,2186,91,183706234.0,67,213,88,17,946,141,C#,Major,92,66,58,19,0,8,24,44,4175141.6818181816,1,,,,,,,,,,,,,,,,,,,,,,,,,,,
Ella Baila Sola,"Eslabon Armado, Peso Pluma",2,2023,3,16,3090,50,725980112.0,34,222,43,13,418,148,F,Minor,67,83,76,48,0,8,3,121,5999835.636363637,1,,,,,,,,,,,,,,,,,,,,,,,,,,,
Columbia,Quevedo,1,2023,7,7,714,43,58149378.0,25,89,30,13,194,100,F,Major,67,26,71,37,0,11,4,8,7268672.25,4,,,,,,,,,,,,,,,,,,,,,,,,,,,
fukumean,Gunna,1,2023,5,15,1096,83,95217315.0,60,210,48,11,953,130,C#,Minor,85,22,62,12,0,28,9,61,1560939.5901639345,1,100b8734-f4f0-4536-9960-47f7c59d1b4c,Gunna,Gunna,,,,,56722.0,1837866.0,False,,,,,,,,,,,,,,,,,
La Bebe - Remix,"Peso Pluma, Yng Lvcas",2,2023,3,17,2953,44,553634067.0,49,110,66,13,339,170,D,Minor,81,56,48,21,0,8,33,120,4613617.225,1,,,,,,,,,,,,,,,,,,,,,,,,,,,
un x100to,"Bad Bunny, Grupo Frontera",2,2023,4,17,2876,40,505671438.0,41,205,54,12,251,83,F#,Minor,57,56,72,23,0,27,5,89,5681701.550561798,1,,,,,,,,,,,,,,,,,,,,,,,,,,,
Super Shy,NewJeans,1,2023,7,7,422,55,58255150.0,37,202,21,5,168,150,F,Minor,78,52,82,18,0,15,7,8,7281893.75,6,,,,,,,,,,,,,,,,,,,,,,,,,,,
Flowers,Miley Cyrus,1,2023,1,12,12211,115,1316855716.0,300,215,745,58,"1,021",118,,Major,71,65,68,6,0,3,7,184,7156824.543478261,2,7e9bd05a-117f-4cce-87bc-e011527a8b18,Miley Cyrus,Miley Cyrus,United States,United States,rock; pop; miley-cyrus,pop; female vocalists; Disney; dance; guilty pleasure; Miley Cyrus; better than selena gomez; urban; pop rock; better than demi lovato; american; rock; better than ariana grande; teen pop; miley; hannah montana; electronic; rnb; female vocalist; Hip-Hop; Brutal Death Metal; sexy; seen live; female; country; better than Lady Gaga; better than taylor swift; <3; Better than Katy Perry; 00s; bitch; whore; better than madonna; all things annoying in the world put together into one stupid bitch; disney channel; better than beyonce; electropop; beautiful; shit; Love; Slut; disneycore; Soundtrack; catchy; diva; deathcore; better than radiohead; death metal; Guilty Pleasures; dance-pop; amazing; teen; Cyrus; hot; Crap; alternative; singer-songwriter; dance pop; country pop; the worst thing ever to happen to music; attention whore; epic; jonas brothers; the climb; grindcore; USA; Officially Shit; Demi Lovato; 7 things; better than michael jackson; better than cher,2024192.0,64095313.0,False,,,,,,,,,,,,,,,,,
Flowers,Miley Cyrus,1,2023,1,12,12211,115,1316855716.0,300,215,745,58,"1,021",118,,Major,71,65,68,6,0,3,7,184,7156824.543478261,2,6950ce3c-f396-44c0-be1c-80bcc4d68b36,Miley Cyrus,,,,,,,,False,,,,,,,,,,,,,,,,,
Daylight,David Kushner,1,2023,4,14,3528,98,387570742.0,80,156,182,24,"1,281",130,D,Minor,51,32,43,83,0,9,3,92,4212725.456521739,2,39b67b8b-d237-4df9-b1a6-7cf4cf749b36,David Kushner,David Kushner,,,,,76.0,458.0,False,,,,,,,,,,,,,,,,,
As It Was,Harry Styles,1,2022,3,31,23575,130,2513188493.0,403,198,863,46,,174,F#,Minor,52,66,73,34,0,31,6,471,5335856.673036094,17,7eb1ce54-a355-41f9-8d68-e018b096d427,Harry Styles,Harry Styles,United Kingdom,,rock,,288138.0,7911278.0,False,,,,,,,,,,,,,,,,,
Kill Bill,SZA,1,2022,12,8,8109,77,1163093654.0,183,162,161,12,187,89,G#,Major,64,43,73,5,17,16,4,219,5310929.92694064,19,272989c8-5535-492d-a25c-9f58803e027f,SZA,SZA,United States,Jersey; United States,electronic; american; chillwave,soul; electronic; rnb; alternative rnb; female vocalists; Neo-Soul; alternative; american; seen live; Hip-Hop; indie; r&b; Neo Soul; tde; glitter trap; pop; trap; wonky; electronica; dream pop; synthpop; female vocalist; Missouri; rhythm & blues; future rnb; trip-hop; female; downtempo; singer-songwriter; 10s; new jersey; st louis; r'n'b; contemporary rnb; contemporary r&b; sza; perfect vocalists; rap; ambient; experimental; USA; urban; Psychedelic Soul; funk; underground hip-hop; psychedelic; Dreamy; ethereal; f; wishlist; jazzy; queer; rhythm and blues; chillwave; pop rap; 2010s; songwriting; witch house; us; america; alternative soul; All; disappointing; cloud rap; Pussy; neosoul; list; kendrick lamar; saint louis; scorpio; to try; electro soul; Maplewood; newbreed; futuregaze; indie soul; Popstep; rhythm'n'blues; again; jay rock; neo-sul; schoolboy q; Ab-Soul; soultronica; 2 times; isaiah rashad; musical journey to the ends of time; hameryka; underground soul; robertitus coleccion; glyph; best curls; alternative rhythm and blues; alternative R&B; eats tylenol like a muthufuka; scott moyer; buckets and baskets; 9876543210; 3 and 5 and 7 and 9; crnb,340198.0,13267561.0,False,,,,,,,,,,,,,,,,,
Cupid - Twin Ver.,Fifty Fifty,1,2023,2,24,2942,77,496795686.0,91,212,78,6,0,120,B,Minor,78,76,59,43,0,34,3,141,3523373.659574468,2,2b8546f6-1ccf-4b59-8eee-2d3a3360d55f,Fifty Fifty,Fifty Fifty,,,,punk rock; pop punk; under 2000 listeners; artistartist; these bands are highly under rated preach preach preach educate the masses and tell em bobi sent ya,665.0,4532.0,True,,,,,,,,,,,,,,,,,
Cupid - Twin Ver.,Fifty Fifty,1,2023,2,24,2942,77,496795686.0,91,212,78,6,0,120,B,Minor,78,76,59,43,0,34,3,141,3523373.659574468,2,be1088c7-16ca-4549-94d9-22063ecae779,Fifty Fifty,Fifty Fifty,United States,,,punk rock; pop punk; under 2000 listeners; artistartist; these bands are highly under rated preach preach preach educate the masses and tell em bobi sent ya,665.0,4532.0,True,,,,,,,,,,,,,,,,,
Cupid - Twin Ver.,Fifty Fifty,1,2023,2,24,2942,77,496795686.0,91,212,78,6,0,120,B,Minor,78,76,59,43,0,34,3,141,3523373.659574468,2,aa3ae9de-45be-45c6-87f5-656829e78897,Fifty Fifty,,Indonesia,,,,,,False,,,,,,,,,,,,,,,,,
Cupid - Twin Ver.,Fifty Fifty,1,2023,2,24,2942,77,496795686.0,91,212,78,6,0,120,B,Minor,78,76,59,43,0,34,3,141,3523373.659574468,2,6d6eea35-52bb-4aeb-b4e6-3fd5b47654d2,Fifty Fifty,,Germany,,,,,,False,,,,,,,,,,,,,,,,,
"What Was I Made For? [From The Motion Picture ""Barbie""]",Billie Eilish,1,2023,7,13,873,104,30546883.0,80,227,95,24,"1,173",78,,Major,44,14,9,96,0,10,3,2,15273441.5,5,f4abc0b5-3f7a-4eff-8f78-ac078dbce533,Billie Eilish,Billie Eilish,United States,,,,421966.0,19136414.0,False,,,,,,,,,,,,,,,,,
Classy 101,"Feid, Young Miko",2,2023,3,31,2610,40,335222234.0,43,100,54,14,187,100,B,Major,86,67,66,14,0,12,16,106,3162473.9056603773,1,,,,,,,,,,,,,,,,,,,,,,,,,,,
Like Crazy,Jimin,1,2023,3,24,596,68,363369738.0,8,104,23,2,29,120,G,Major,63,36,73,0,0,36,4,113,3215661.3982300884,3,,,,,,,,,,,,,,,,,,,,,,,,,,,
LADY GAGA,"Gabito Ballesteros, Junior H, Peso Pluma",3,2023,6,22,332,26,86444842.0,11,163,10,4,0,140,F,Minor,65,87,74,22,0,42,4,23,3758471.391304348,1,,,,,,,,,,,,,,,,,,,,,,,,,,,
I Can See You (Taylorï¿½ï¿½ï¿½s Version) (From The ,Taylor Swift,1,2023,7,7,516,38,52135248.0,73,119,42,1,150,123,F#,Major,69,82,76,6,0,6,3,8,6516906.0,34,20244d07-534f-4eff-b4d4-930878889970,Taylor Swift,Taylor Swift,United States,United States,pop; country; electropop; female vocals; dance-pop; pop rock; country pop; contemporary country; teen pop; top 40; country-pop; taylor-swift; singer/songwriter; fixme label mess; hp,country; pop; female vocalists; singer-songwriter; acoustic; taylor swift; country pop; american; seen live; female; pop rock; female vocalist; Love; 00s; contemporary country; USA; beautiful; folk; pop country; modern country; guilty pleasure; rock; amazing; taylor; world; chill; chillout; 3; World Music; sunflower; Skitz0rz; uitluisteren artist; holloween skitz0rz; fav888; my dance room; teen pop; <3; cute; Awesome; sweet; synthpop; Favorite; Female country; legend; talented; love story; 2000s; lovely,2203262.0,171760219.0,False,,,,,,,,,,,,,,,,,
I Wanna Be Yours,Arctic Monkeys,1,2013,1,1,12859,110,1297026226.0,24,98,582,2,73,135,,Minor,48,44,42,12,2,11,3,3847,337152.6451780608,4,ada7a83c-e3e1-40f1-93f9-3e73dbc9298a,Arctic Monkeys,Arctic Monkeys,United Kingdom,United Kingdom,alternative rock; british; uk; britannique; 2007; indie rock; indie; psychedelic pop; garage rock revival; post-punk revival; neo-psychedelia; english; domino; rock and indie,indie rock; indie; british; rock; alternative; seen live; alternative rock; britpop; arctic monkeys; Garage Rock; UK; brit rock; post-punk; 00s; Post-punk revival; Sheffield; punk; male vocalists; Britrock; pop; british rock; england; english; indie pop; want to see live; garage rock revival; punk rock; Psychedelic Rock,3501680.0,332306552.0,False,,,,,,,,,,,,,,,,,
"Peso Pluma: Bzrp Music Sessions, Vol. 55","Bizarrap, Peso Pluma",2,2023,5,31,1313,40,200647221.0,17,152,32,11,139,133,F,Minor,85,81,67,26,0,12,5,45,4458827.133333334,1,,,,,,,,,,,,,,,,,,,,,,,,,,,
Popular (with Playboi Carti & Madonna) - The Idol Vol. 1 (Music from the HBO Original Series),"The Weeknd, Madonna, Playboi Carti",3,2023,6,2,1945,87,115364561.0,74,182,87,14,"1,093",99,C#,Major,85,83,68,7,0,36,20,43,2682896.7674418604,1,,,,,,,,,,,,,,,,,,,,,,,,,,,
SABOR FRESA,Fuerza Regida,1,2023,6,22,250,26,78300654.0,16,149,10,5,168,130,G,Minor,79,96,86,9,0,9,9,23,3404376.2608695654,2,e665ce26-6ce9-4c42-8f6a-7a361a0ba328,Fuerza Regida,Fuerza Regida,,,,,556.0,7816.0,False,,,,,,,,,,,,,,,,,
Calm Down (with Selena Gomez),"Rï¿½ï¿½ma, Selena G",2,2022,3,25,7112,77,899183384.0,202,119,318,38,96,107,B,Major,80,82,80,43,0,14,4,477,1885080.4696016773,1,,,,,,,,,,,,,,,,,,,,,,,,,,,
MOJABI GHOST,"Tainy, Bad Bunny",2,2023,6,29,859,40,61245289.0,35,109,41,14,211,122,F#,Minor,81,74,71,14,0,56,4,16,3827830.5625,1,,,,,,,,,,,,,,,,,,,,,,,,,,,
Last Night,Morgan Wallen,1,2023,1,31,2420,19,429829812.0,52,107,15,1,325,204,F#,Major,52,52,68,46,0,15,4,165,2605029.163636364,11,2077273e-eaa1-4f49-903c-f286ededecb9,Morgan Wallen,Morgan Wallen,,,,,19357.0,164995.0,False,,,,,,,,,,,,,,,,,
Dance The Night (From Barbie The Album),Dua Lipa,1,2023,5,25,2988,101,127408954.0,0,0,143,38,0,110,B,Minor,67,78,85,2,0,33,5,51,2498214.7843137253,3,6f1a58bf-9b1b-49cf-a44a-6cefad7ae04f,Dua Lipa,Dua Lipa,United Kingdom,,synthpop; electropop; contemporary r&b,,510281.0,22356378.0,False,,,,,,,,,,,,,,,,,
Rush,Troye Sivan,1,2023,7,13,864,78,22581161.0,71,135,50,1,294,126,F,Minor,74,35,84,0,0,11,6,2,11290580.5,2,e5712ceb-c37a-4c49-a11c-ccf4e21852d4,Troye Sivan,Troye Sivan,Australia,,synthpop; pop; electropop; dream-pop,pop; indie pop; male vocalists; indie; electronica,449204.0,19996622.0,False,,,,,,,,,,,,,,,,,
TULUM,"Peso Pluma, Grupo Frontera",2,2023,6,28,266,34,52294266.0,20,185,13,8,197,168,F#,Major,56,63,87,39,0,11,5,17,3076133.294117647,1,,,,,,,,,,,,,,,,,,,,,,,,,,,
Creepin',"The Weeknd, 21 Savage, Metro Boomin",3,2022,12,2,6036,88,843957510.0,113,149,245,23,27,98,C#,Minor,71,17,61,36,0,8,5,225,3750922.2666666666,1,,,,,,,,,,,,,,,,,,,,,,,,,,,
Anti-Hero,Taylor Swift,1,2022,10,21,9082,56,999748277.0,242,142,165,9,310,97,E,Major,64,51,63,12,0,19,5,267,3744375.569288389,34,20244d07-534f-4eff-b4d4-930878889970,Taylor Swift,Taylor Swift,United States,United States,pop; country; electropop; female vocals; dance-pop; pop rock; country pop; contemporary country; teen pop; top 40; country-pop; taylor-swift; singer/songwriter; fixme label mess; hp,country; pop; female vocalists; singer-songwriter; acoustic; taylor swift; country pop; american; seen live; female; pop rock; female vocalist; Love; 00s; contemporary country; USA; beautiful; folk; pop country; modern country; guilty pleasure; rock; amazing; taylor; world; chill; chillout; 3; World Music; sunflower; Skitz0rz; uitluisteren artist; holloween skitz0rz; fav888; my dance room; teen pop; <3; cute; Awesome; sweet; synthpop; Favorite; Female country; legend; talented; love story; 2000s; lovely,2203262.0,171760219.0,False,,,,,,,,,,,,,,,,,
TQG,"Karol G, Shakira",2,2023,2,23,4284,49,618990393.0,115,123,184,18,354,180,E,Minor,72,61,63,67,0,9,28,142,4359087.274647887,1,,,,,,,,,,,,,,,,,,,,,,,,,,,
Los del Espacio,"Big One, Duki, Lit Killah, Maria Becerra, FMK, Rusherking, Emilia, Tiago pzk",8,2023,6,1,1150,31,123122413.0,22,33,34,7,184,120,,Major,81,63,68,11,0,11,4,44,2798236.659090909,1,,,,,,,,,,,,,,,,,,,,,,,,,,,
Frï¿½ï¿½gil (feat. Grupo Front,"Yahritza Y Su Esencia, Grupo Frontera",2,2023,4,7,672,34,188933502.0,19,108,24,9,212,150,F#,Major,61,39,73,37,0,11,3,99,1908419.212121212,1,,,,,,,,,,,,,,,,,,,,,,,,,,,
Blank Space,Taylor Swift,1,2014,1,1,11434,53,1355959075.0,154,123,410,2,81,96,F,Major,75,57,68,9,0,13,6,3482,389419.6079839173,34,20244d07-534f-4eff-b4d4-930878889970,Taylor Swift,Taylor Swift,United States,United States,pop; country; electropop; female vocals; dance-pop; pop rock; country pop; contemporary country; teen pop; top 40; country-pop; taylor-swift; singer/songwriter; fixme label mess; hp,country; pop; female vocalists; singer-songwriter; acoustic; taylor swift; country pop; american; seen live; female; pop rock; female vocalist; Love; 00s; contemporary country; USA; beautiful; folk; pop country; modern country; guilty pleasure; rock; amazing; taylor; world; chill; chillout; 3; World Music; sunflower; Skitz0rz; uitluisteren artist; holloween skitz0rz; fav888; my dance room; teen pop; <3; cute; Awesome; sweet; synthpop; Favorite; Female country; legend; talented; love story; 2000s; lovely,2203262.0,171760219.0,False,,,,,,,,,,,,,,,,,
Style,Taylor Swift,1,2014,1,1,7830,42,786181836.0,94,111,151,4,82,95,D,Major,60,48,79,0,0,12,4,3482,225784.5594485928,34,20244d07-534f-4eff-b4d4-930878889970,Taylor Swift,Taylor Swift,United States,United States,pop; country; electropop; female vocals; dance-pop; pop rock; country pop; contemporary country; teen pop; top 40; country-pop; taylor-swift; singer/songwriter; fixme label mess; hp,country; pop; female vocalists; singer-songwriter; acoustic; taylor swift; country pop; american; seen live; female; pop rock; female vocalist; Love; 00s; contemporary country; USA; beautiful; folk; pop country; modern country; guilty pleasure; rock; amazing; taylor; world; chill; chillout; 3; World Music; sunflower; Skitz0rz; uitluisteren artist; holloween skitz0rz; fav888; my dance room; teen pop; <3; cute; Awesome; sweet; synthpop; Favorite; Female country; legend; talented; love story; 2000s; lovely,2203262.0,171760219.0,False,,,,,,,,,,,,,,,,,
TQM,Fuerza Regida,1,2023,5,19,584,28,176553476.0,16,159,15,6,100,125,F,Minor,79,96,85,27,0,11,6,57,3097429.403508772,2,e665ce26-6ce9-4c42-8f6a-7a361a0ba328,Fuerza Regida,Fuerza Regida,,,,,556.0,7816.0,False,,,,,,,,,,,,,,,,,
El Azul,"Junior H, Peso Pluma",2,2023,2,10,692,25,354495408.0,10,107,6,3,62,144,A,Minor,56,84,65,23,0,10,6,155,2287067.148387097,2,,,,,,,,,,,,,,,,,,,,,,,,,,,
Sunflower - Spider-Man: Into the Spider-Verse,"Post Malone, Swae Lee",2,2018,10,9,24094,78,2808096550.0,372,117,843,4,69,90,D,Major,76,91,50,54,0,7,5,1740,1613848.5919540229,1,,,,,,,,,,,,,,,,,,,,,,,,,,,
I'm Good (Blue),"Bebe Rexha, David Guetta",2,2022,8,26,12482,80,1109433169.0,291,184,537,45,727,128,G,Minor,56,38,97,4,0,35,4,323,3434777.613003096,1,,,,,,,,,,,,,,,,,,,,,,,,,,,
See You Again,"Tyler, The Creator, Kali Uchis",3,2017,7,21,13387,64,1047101291.0,77,58,247,1,311,79,F#,Major,56,58,56,37,0,11,10,2185,479222.55881006864,1,,,,,,,,,,,,,,,,,,,,,,,,,,,
Barbie World (with Aqua) [From Barbie The Album],"Nicki Minaj, Aqua, Ice Spice",3,2023,6,23,1117,80,65156199.0,82,145,65,16,"1,133",144,,Major,77,75,58,52,0,23,25,22,2961645.409090909,1,,,,,,,,,,,,,,,,,,,,,,,,,,,
Angels Like You,Miley Cyrus,1,2020,11,27,3372,19,570515054.0,65,48,138,1,102,122,F,Major,67,49,64,10,0,10,3,960,594286.5145833333,2,7e9bd05a-117f-4cce-87bc-e011527a8b18,Miley Cyrus,Miley Cyrus,United States,United States,rock; pop; miley-cyrus,pop; female vocalists; Disney; dance; guilty pleasure; Miley Cyrus; better than selena gomez; urban; pop rock; better than demi lovato; american; rock; better than ariana grande; teen pop; miley; hannah montana; electronic; rnb; female vocalist; Hip-Hop; Brutal Death Metal; sexy; seen live; female; country; better than Lady Gaga; better than taylor swift; <3; Better than Katy Perry; 00s; bitch; whore; better than madonna; all things annoying in the world put together into one stupid bitch; disney channel; better than beyonce; electropop; beautiful; shit; Love; Slut; disneycore; Soundtrack; catchy; diva; deathcore; better than radiohead; death metal; Guilty Pleasures; dance-pop; amazing; teen; Cyrus; hot; Crap; alternative; singer-songwriter; dance pop; country pop; the worst thing ever to happen to music; attention whore; epic; jonas brothers; the climb; grindcore; USA; Officially Shit; Demi Lovato; 7 things; better than michael jackson; better than cher,2024192.0,64095313.0,False,,,,,,,,,,,,,,,,,
Angels Like You,Miley Cyrus,1,2020,11,27,3372,19,570515054.0,65,48,138,1,102,122,F,Major,67,49,64,10,0,10,3,960,594286.5145833333,2,6950ce3c-f396-44c0-be1c-80bcc4d68b36,Miley Cyrus,,,,,,,,False,,,,,,,,,,,,,,,,,
I Ain't Worried,OneRepublic,1,2022,5,13,8431,76,1085685420.0,241,127,458,37,332,140,,Major,71,82,81,11,0,6,5,428,2536648.1775700934,2,c33c2065-b1c3-4406-b066-d33a9e2ea71a,OneRepublic,OneRepublic,United States,United States,rock; pop; pop rock; folk pop; rock and indie; united states,rock; pop rock; alternative; alternative rock; indie; pop; american; piano rock; seen live; male vocalists; OneRepublic; indie rock; soft rock; Pop-Rock; USA; 00s; One Republic; easy listening; piano; band; indie pop; Love; amazing; Awesome; favorites; relaxing; acoustic; Colorado; emo,2278164.0,62846148.0,False,,,,,,,,,,,,,,,,,
Die For You,The Weeknd,1,2016,11,24,2483,59,1647990401.0,68,21,24,0,259,134,C#,Minor,59,51,52,9,0,15,7,2424,679864.0268151815,22,c8b03190-306c-4120-bb0b-6f2ebfc06ea9,The Weeknd,The Weeknd,Canada,Canada,rnb; r&b; pbr&b,rnb; electronic; dubstep; Canadian; prog-rnb,1273725.0,77088337.0,False,,,,,,,,,,,,,,,,,
Starboy,"The Weeknd, Daft Punk",2,2016,9,21,29536,79,2565529693.0,281,137,"2,445",1,140,186,G,Major,68,49,59,16,0,13,28,2488,1031161.452170418,1,,,,,,,,,,,,,,,,,,,,,,,,,,,
Die For You - Remix,"Ariana Grande, The Weeknd",2,2023,2,24,3408,47,518745108.0,87,86,74,1,16,67,C#,Minor,53,50,53,23,0,44,7,141,3679043.319148936,2,,,,,,,,,,,,,,,,,,,,,,,,,,,
El Cielo,"Feid, Myke Towers, Sky Rompiendo",3,2023,6,2,1298,38,107753850.0,44,64,57,10,110,106,A#,Minor,72,17,64,7,0,10,5,43,2505903.488372093,1,,,,,,,,,,,,,,,,,,,,,,,,,,,
Baby Don't Hurt Me,"David Guetta, Anne-Marie, Coi Leray",3,2023,4,6,4277,66,177740666.0,145,111,213,11,810,128,G,Major,60,23,91,0,0,12,3,100,1777406.66,1,,,,,,,,,,,,,,,,,,,,,,,,,,,
AMARGURA,Karol G,1,2023,2,24,1133,39,153372011.0,14,71,23,10,176,107,F#,Minor,92,55,70,18,0,15,7,141,1087744.7588652482,4,0f1a58c0-be64-4fb3-9332-e741ad50768f,Karol G,,Spain,,,,,,False,,,,,,,,,,,,,,,,,
AMARGURA,Karol G,1,2023,2,24,1133,39,153372011.0,14,71,23,10,176,107,F#,Minor,92,55,70,18,0,15,7,141,1087744.7588652482,4,de22adae-f8ac-414f-b653-b0162611bd60,Karol G,,Colombia,,reggaeton; latin urban,,,,False,,,,,,,,,,,,,,,,,
(It Goes Like) Nanana - Edit,Peggy Gou,1,2023,6,15,2259,59,57876440.0,0,0,109,17,0,130,G,Minor,67,96,88,12,19,8,4,30,1929214.6666666667,1,4c41d78d-9dd5-430d-81ea-286052158293,Peggy Gou,PEGGY GOU,Germany,,,,48668.0,382642.0,False,,,,,,,,,,,,,,,,,
Another Love,Tom Odell,1,2012,10,15,18371,83,1813673666.0,250,122,"3,394",19,,123,E,Minor,45,13,54,70,0,9,4,3925,462082.4626751592,1,fee6a7fb-80d9-4290-a171-e48f1f20e381,Tom Odell,Tom Odell,United Kingdom,United Kingdom,,indie; folk; seen live; british; singer-songwriter,593933.0,11710642.0,False,,,,,,,,,,,,,,,,,
Blinding Lights,The Weeknd,1,2019,11,29,43899,69,3703895074.0,672,199,"3,421",20,,171,C#,Major,50,38,80,0,0,9,7,1324,2797503.832326284,22,c8b03190-306c-4120-bb0b-6f2ebfc06ea9,The Weeknd,The Weeknd,Canada,Canada,rnb; r&b; pbr&b,rnb; electronic; dubstep; Canadian; prog-rnb,1273725.0,77088337.0,False,,,,,,,,,,,,,,,,,
Moonlight,Kali Uchis,1,2023,2,24,2649,42,256483385.0,67,79,57,1,615,137,G,Minor,64,88,72,51,0,17,5,141,1819031.0992907805,1,d0c7656d-8169-4f77-9dbe-b8f24e40105d,Kali Uchis,Kali Uchis,Colombia,,,,219460.0,7951600.0,False,,,,,,,,,,,,,,,,,
La Bachata,Manuel Turizo,1,2022,5,26,6804,45,1214083358.0,139,111,161,15,210,125,G,Minor,84,85,68,58,0,22,4,415,2925502.0674698795,1,30a57b7b-47c9-4234-86fd-9b8ff660e7cb,Manuel Turizo,Manuel Turizo,Colombia,,latin; reggaeton; latin urban,,40309.0,315929.0,False,,,,,,,,,,,,,,,,,
S91,Karol G,1,2023,7,14,525,41,16011326.0,34,115,39,6,216,128,,Minor,86,42,72,59,0,9,19,1,16011326.0,4,0f1a58c0-be64-4fb3-9332-e741ad50768f,Karol G,,Spain,,,,,,False,,,,,,,,,,,,,,,,,
S91,Karol G,1,2023,7,14,525,41,16011326.0,34,115,39,6,216,128,,Minor,86,42,72,59,0,9,19,1,16011326.0,4,de22adae-f8ac-414f-b653-b0162611bd60,Karol G,,Colombia,,reggaeton; latin urban,,,,False,,,,,,,,,,,,,,,,,
cardigan,Taylor Swift,1,2020,7,24,7923,29,812019557.0,106,112,142,4,215,130,,Minor,61,53,58,55,0,27,4,1086,747715.982504604,34,20244d07-534f-4eff-b4d4-930878889970,Taylor Swift,Taylor Swift,United States,United States,pop; country; electropop; female vocals; dance-pop; pop rock; country pop; contemporary country; teen pop; top 40; country-pop; taylor-swift; singer/songwriter; fixme label mess; hp,country; pop; female vocalists; singer-songwriter; acoustic; taylor swift; country pop; american; seen live; female; pop rock; female vocalist; Love; 00s; contemporary country; USA; beautiful; folk; pop country; modern country; guilty pleasure; rock; amazing; taylor; world; chill; chillout; 3; World Music; sunflower; Skitz0rz; uitluisteren artist; holloween skitz0rz; fav888; my dance room; teen pop; <3; cute; Awesome; sweet; synthpop; Favorite; Female country; legend; talented; love story; 2000s; lovely,2203262.0,171760219.0,False,,,,,,,,,,,,,,,,,
Tï¿½ï¿,"dennis, MC Kevin o Chris",2,2023,5,4,731,15,111947664.0,27,17,73,4,167,130,B,Major,86,59,96,50,1,9,5,72,1554828.6666666667,1,,,,,,,,,,,,,,,,,,,,,,,,,,,
Boy's a liar Pt. 2,"PinkPantheress, Ice Spice",2,2023,2,3,5184,41,156338624.0,154,84,102,14,37,133,F,Major,70,86,81,25,0,25,5,162,965053.2345679012,1,,,,,,,,,,,,,,,,,,,,,,,,,,,
Left and Right (Feat. Jung Kook of BTS),"Charlie Puth, BTS, Jung Kook",3,2022,6,24,3107,39,720434240.0,38,0,4,0,0,101,D,Major,88,72,59,62,0,9,3,386,1866409.9481865284,1,,,,,,,,,,,,,,,,,,,,,,,,,,,
BESO,"Rauw Alejandro, ROSALï¿½",2,2023,3,24,4053,50,357925728.0,82,121,182,12,171,95,F,Minor,77,53,64,74,0,17,14,113,3167484.318584071,1,,,,,,,,,,,,,,,,,,,,,,,,,,,
Hey Mor,"Ozuna, Feid",2,2022,10,6,4637,38,674072710.0,63,79,89,11,16,98,C#,Minor,90,40,59,0,0,10,29,282,2390328.7588652484,1,,,,,,,,,,,,,,,,,,,,,,,,,,,
Yellow,Chris Molitor,1,1999,1,1,31358,43,1755214421.0,196,2,"4,053",5,0,173,B,Major,43,28,66,0,0,23,3,8961,195872.60584756164,1,6aa4a297-350c-49a7-8a83-a310425e5f1c,Chris Molitor,Chris Molitor,,,,,218.0,1049.0,False,,,,,,,,,,,,,,,,,
Karma,Taylor Swift,1,2022,10,21,3818,23,404562836.0,37,55,32,0,272,90,G#,Major,64,10,62,7,0,48,7,267,1515216.6142322095,34,20244d07-534f-4eff-b4d4-930878889970,Taylor Swift,Taylor Swift,United States,United States,pop; country; electropop; female vocals; dance-pop; pop rock; country pop; contemporary country; teen pop; top 40; country-pop; taylor-swift; singer/songwriter; fixme label mess; hp,country; pop; female vocalists; singer-songwriter; acoustic; taylor swift; country pop; american; seen live; female; pop rock; female vocalist; Love; 00s; contemporary country; USA; beautiful; folk; pop country; modern country; guilty pleasure; rock; amazing; taylor; world; chill; chillout; 3; World Music; sunflower; Skitz0rz; uitluisteren artist; holloween skitz0rz; fav888; my dance room; teen pop; <3; cute; Awesome; sweet; synthpop; Favorite; Female country; legend; talented; love story; 2000s; lovely,2203262.0,171760219.0,False,,,,,,,,,,,,,,,,,
People,Libianca,1,2022,12,2,3506,56,373199958.0,105,64,169,8,529,198,A#,Minor,59,71,42,55,0,10,7,225,1658666.48,1,,,,,,,,,,,,,,,,,,,,,,,,,,,
Overdrive,Post Malone,1,2023,7,14,410,36,14780425.0,36,32,31,1,26,140,C#,Major,56,48,73,0,0,35,4,1,14780425.0,3,b1e26560-60e5-4236-bbdb-9aa5a8d5ee19,Post Malone,Post Malone,United States,,,,565958.0,25657627.0,False,,,,,,,,,,,,,,,,,
Enchanted (Taylor's Version),Taylor Swift,1,2023,7,7,148,24,39578178.0,32,93,8,2,5,82,G#,Major,51,22,53,1,0,15,3,8,4947272.25,34,20244d07-534f-4eff-b4d4-930878889970,Taylor Swift,Taylor Swift,United States,United States,pop; country; electropop; female vocals; dance-pop; pop rock; country pop; contemporary country; teen pop; top 40; country-pop; taylor-swift; singer/songwriter; fixme label mess; hp,country; pop; female vocalists; singer-songwriter; acoustic; taylor swift; country pop; american; seen live; female; pop rock; female vocalist; Love; 00s; contemporary country; USA; beautiful; folk; pop country; modern country; guilty pleasure; rock; amazing; taylor; world; chill; chillout; 3; World Music; sunflower; Skitz0rz; uitluisteren artist; holloween skitz0rz; fav888; my dance room; teen pop; <3; cute; Awesome; sweet; synthpop; Favorite; Female country; legend; talented; love story; 2000s; lovely,2203262.0,171760219.0,False,,,,,,,,,,,,,,,,,
BABY HELLO,"Rauw Alejandro, Bizarrap",2,2023,6,23,1004,35,54266102.0,42,80,58,3,169,130,C#,Minor,77,84,89,17,0,43,5,22,2466641.0,2,,,,,,,,,,,,,,,,,,,,,,,,,,,
Heat Waves,Glass Animals,1,2020,6,28,22543,63,2557975762.0,386,144,707,28,,81,B,Major,76,53,53,44,0,9,9,1112,2300337.915467626,1,20395131-fbde-43ce-b141-b700cfdae99c,Glass Animals,Glass Animals,United Kingdom,United Kingdom,trip-hop; electronic; indie rock; indie; indietronica,electronic; seen live; trip-hop; british; indie; dubstep; indie rock; alternative; indie pop; downtempo; down-tempo; psychedelic; trip hop; electronica; psychedelic pop; experimental; UK; indietronica; male vocalists; post-dubstep; pop; chill; oxford; chillwave; All; art pop; indie electronic; england; dream pop; rnb; Psychedelic Rock; english; 10s; Neo-Psychedelia; prog-rnb; soul; alternative rock; dub; idm; Dreamy; seenlive; r&b; party; check out later; fip; alternative pop; New band of the day; to listen; trap; animals; indie electro; british i like; radio paradise; radioparadise; wonky; materials; United Kingdom; 2014; geohash:gcpn7mhhgtsd; future garage; seen-live; dreamwave; experimental electronic; schlau machen; listen later; From: UK; alternative rnb; minimal pop; hypnagogic; mesmeric; sophia bush; alternative r and b; wielka brytania; labari; 2 times; certainly not dubstep; nayer; vague lyrics; melt festival; odkrycie offf 2013; peanut butter vibes; off festival 2013; mellow digital; prio4; tm: trippy; tm: chill; tm: sexy; 2014 discoveries; meghallgatando; IDeceMber; Glastonbury2015; summerwell 2017,493946.0,13052877.0,False,,,,,,,,,,,,,,,,,
golden hour,JVKE,1,2022,7,15,4511,36,751134527.0,70,58,109,18,230,94,C#,Minor,51,14,59,65,18,25,3,365,2057902.81369863,2,,,,,,,,,,,,,,,,,,,,,,,,,,,
Sweater Weather,The Neighbourhood,1,2012,5,14,16413,61,2282771485.0,166,87,"1,056",1,,124,A#,Major,61,41,81,5,2,10,3,4079,559639.9816131404,3,97b8d224-5660-419c-8dff-4b3bf0c33983,The Neighbourhood,The Neighbourhood,United States,,alternative rock; indie pop,indie; indie rock; indie pop; rock; seen live,787561.0,31254854.0,False,71682.0,The Neighbourhood,75.0,0.0495,0.612,240400.0,0.807,0.0177,A#,0.1009999999999999,-2.81,Major,0.0336,124.053,4-Apr,0.3979999999999999,Alternative
Sweater Weather,The Neighbourhood,1,2012,5,14,16413,61,2282771485.0,166,87,"1,056",1,,124,A#,Major,61,41,81,5,2,10,3,4079,559639.9816131404,3,53b06622-ec51-4924-a554-58b0affde6b5,The Neighbourhood,,United Kingdom,,,,,,False,71682.0,The Neighbourhood,75.0,0.0495,0.612,240400.0,0.807,0.0177,A#,0.1009999999999999,-2.81,Major,0.0336,124.053,4-Apr,0.3979999999999999,Alternative
"Quevedo: Bzrp Music Sessions, Vol. 52","Bizarrap, Quevedo",2,2022,7,6,8506,45,1356565093.0,94,65,164,14,176,128,D,Major,62,55,78,1,3,23,4,374,3627179.393048128,1,,,,,,,,,,,,,,,,,,,,,,,,,,,
Viva La Vida,Coldplay,1,2008,1,1,33898,62,1592909789.0,233,0,"4,095",9,0,138,F,Minor,49,42,62,9,0,11,3,5674,280738.41892844555,3,cc197bad-dc9c-440d-a5b5-d52ba2e14234,Coldplay,Coldplay,United Kingdom,United Kingdom,rock; pop; alternative rock; british; uk; britannique; britpop; pop rock; piano pop; piano rock; english; parlophone; rock and indie; ambient pop; pop/rock; chapel; post-britpop,rock; alternative; britpop; alternative rock; indie; british; seen live; Coldplay; pop; indie rock; pop rock; piano rock; UK; soft rock; Mellow; male vocalists; chillout; piano; 00s; chill; favorites; indie pop; acoustic; singer-songwriter; emo; english; Love; classic rock; electronic; brit rock; brit pop; overrated; 90s; Pop-Rock; cold play; Favourites; Britrock; relax,5381567.0,360111850.0,False,,,,,,,,,,,,,,,,,
Here With Me,d4vd,1,2022,7,17,3246,23,635412045.0,94,85,68,1,84,132,E,Major,58,27,48,50,0,12,3,363,1750446.4049586777,2,,,,,,,,,,,,,,,,,,,,,,,,,,,
Unholy (feat. Kim Petras),"Sam Smith, Kim Petras",2,2022,9,22,8576,42,1230675890.0,216,108,331,26,154,131,D,Major,71,24,47,1,0,27,9,296,4157688.8175675673,1,,,,,,,,,,,,,,,,,,,,,,,,,,,
Yandel 150,"Yandel, Feid",2,2022,12,20,3618,38,585695368.0,47,74,80,14,194,168,F#,Minor,78,58,73,5,0,10,7,207,2829446.222222222,2,,,,,,,,,,,,,,,,,,,,,,,,,,,
CORAZï¿½ï¿½N VA,Maria Becerra,1,2023,6,22,370,20,43857627.0,12,16,18,4,93,98,C#,Major,68,40,79,33,0,30,6,23,1906853.347826087,1,,,,,,,,,,,,,,,,,,,,,,,,,,,
Riptide,Vance Joy,1,1975,1,1,31123,55,2009094673.0,300,65,"1,003",1,0,102,C#,Major,48,50,73,43,0,15,4,17727,113335.28927624528,1,df36f6db-5987-46ed-9d02-0cf36ed4e060,Vance Joy,Vance Joy,Australia,Australia,alternative rock; indie pop; indie folk,folk; indie; singer-songwriter; australian; acoustic,768178.0,13332187.0,False,,,,,,,,,,,,,,,,,
Until I Found You (with Em Beihold) - Em Beihold Version,"Em Beihold, Stephen Sanchez",2,2022,4,22,2790,30,600976848.0,60,96,71,0,115,101,A#,Major,34,32,57,78,0,20,3,449,1338478.5033407572,1,,,,,,,,,,,,,,,,,,,,,,,,,,,
Novidade na ï¿½ï¿,"Mc Livinho, DJ Matt D",2,2023,6,23,267,9,39709092.0,9,6,25,2,72,130,F,Major,63,36,34,76,0,35,9,22,1804958.7272727275,1,,,,,,,,,,,,,,,,,,,,,,,,,,,
Back To December (Taylor's Version),Taylor Swift,1,2023,7,7,139,17,39228929.0,16,72,5,0,8,142,D,Major,50,20,64,1,0,12,3,8,4903616.125,34,20244d07-534f-4eff-b4d4-930878889970,Taylor Swift,Taylor Swift,United States,United States,pop; country; electropop; female vocals; dance-pop; pop rock; country pop; contemporary country; teen pop; top 40; country-pop; taylor-swift; singer/songwriter; fixme label mess; hp,country; pop; female vocalists; singer-songwriter; acoustic; taylor swift; country pop; american; seen live; female; pop rock; female vocalist; Love; 00s; contemporary country; USA; beautiful; folk; pop country; modern country; guilty pleasure; rock; amazing; taylor; world; chill; chillout; 3; World Music; sunflower; Skitz0rz; uitluisteren artist; holloween skitz0rz; fav888; my dance room; teen pop; <3; cute; Awesome; sweet; synthpop; Favorite; Female country; legend; talented; love story; 2000s; lovely,2203262.0,171760219.0,False,,,,,,,,,,,,,,,,,
STAY (with Justin Bieber),"Justin Bieber, The Kid Laroi",2,2021,7,9,17050,36,2665343922.0,492,99,798,31,0,170,C#,Major,59,48,76,4,0,10,5,736,3621391.198369565,1,,,,,,,,,,,,,,,,,,,,,,,,,,,
El Merengue,"Marshmello, Manuel Turizo",2,2023,3,3,2114,44,223633238.0,80,75,110,11,323,124,G#,Minor,78,70,68,3,1,11,4,134,1668904.7611940298,1,,,,,,,,,,,,,,,,,,,,,,,,,,,
Someone You Loved,Lewis Capaldi,1,2018,11,8,17836,53,2887241814.0,440,125,"1,800",0,,110,C#,Major,50,45,41,75,0,11,3,1710,1688445.505263158,3,526aab94-697f-44a9-b630-41d1c0505953,Lewis Capaldi,Lewis Capaldi,United Kingdom,,,,124429.0,1153857.0,False,,,,,,,,,,,,,,,,,
Me Porto Bonito,"Chencho Corleone, Bad Bunny",2,2022,5,6,8870,43,1440757818.0,104,120,141,26,49,92,C#,Minor,91,43,71,9,0,9,8,435,3312086.9379310347,1,,,,,,,,,,,,,,,,,,,,,,,,,,,
Makeba,Jain,1,2015,6,22,6060,53,165484133.0,150,148,"2,703",22,"1,451",116,D,Major,82,40,66,39,51,25,7,2945,56191.55619694397,1,0e6dffeb-bda0-4eb1-9567-2ac9306a516d,Jain,Jain,France,,,,119648.0,1664117.0,False,,,,,,,,,,,,,,,,,
MONTAGEM - FR PUNK,"Ayparia, unxbected",2,2012,6,20,641,50,58054811.0,1,52,8,0,"1,170",129,A,Major,63,84,82,70,8,9,7,4042,14362.892380009896,1,,,,,,,,,,,,,,,,,,,,,,,,,,,
Fast Car,Luke Combs,1,2023,3,24,1446,12,157058870.0,57,97,35,0,429,98,G#,Major,71,67,60,19,0,12,3,113,1389901.5044247787,1,c20ee61f-071f-4e65-9c81-45ee931a54ce,Luke Combs,Luke Combs,United States,,,,42133.0,655251.0,False,,,,,,,,,,,,,,,,,
What It Is (Solo Version),Doechii,1,2023,3,17,804,25,95131998.0,29,76,24,0,162,172,C#,Minor,74,76,76,6,0,10,9,120,792766.65,1,,,,,,,,,,,,,,,,,,,,,,,,,,,
Coco Chanel,"Bad Bunny, Eladio Carrion",2,2023,3,17,1962,38,250305248.0,28,89,29,5,82,150,D,Major,68,14,76,4,0,10,4,120,2085877.066666667,1,,,,,,,,,,,,,,,,,,,,,,,,,,,
Donï¿½ï¿½ï¿½t Bl,Taylor Swift,1,2017,11,8,4875,23,685032533.0,19,45,0,0,10,136,A,Minor,62,19,53,11,0,6,4,2075,330136.1604819277,34,20244d07-534f-4eff-b4d4-930878889970,Taylor Swift,Taylor Swift,United States,United States,pop; country; electropop; female vocals; dance-pop; pop rock; country pop; contemporary country; teen pop; top 40; country-pop; taylor-swift; singer/songwriter; fixme label mess; hp,country; pop; female vocalists; singer-songwriter; acoustic; taylor swift; country pop; american; seen live; female; pop rock; female vocalist; Love; 00s; contemporary country; USA; beautiful; folk; pop country; modern country; guilty pleasure; rock; amazing; taylor; world; chill; chillout; 3; World Music; sunflower; Skitz0rz; uitluisteren artist; holloween skitz0rz; fav888; my dance room; teen pop; <3; cute; Awesome; sweet; synthpop; Favorite; Female country; legend; talented; love story; 2000s; lovely,2203262.0,171760219.0,False,,,,,,,,,,,,,,,,,
Still With You,Jung Kook,1,2020,6,5,31,39,38411956.0,2,107,8,0,0,88,C#,Minor,53,34,47,9,0,83,4,1135,33843.133039647575,2,,,,,,,,,,,,,,,,,,,,,,,,,,,
All My Life (feat. J. Cole),"J. Cole, Lil Durk",2,2023,5,12,2175,23,144565150.0,69,145,69,2,478,143,D#,Major,83,69,44,15,0,10,33,64,2258830.46875,1,,,,,,,,,,,,,,,,,,,,,,,,,,,
Say Yes To Heaven,Lana Del Rey,1,2023,3,17,2000,46,127567540.0,49,105,63,1,0,100,F#,Minor,49,17,35,71,9,11,3,120,1063062.8333333333,3,b7539c32-53e7-4908-bda3-81449c367da6,Lana Del Rey,Lana Del Rey,United States,United States,electronic; pop; remix; alternative; indie pop; trip hop; sadcore; pop. alternative; next; indie/dream-pop,female vocalists; indie; indie pop; pop; alternative; american; dream pop; seen live; trip-hop; singer-songwriter; cult; sadcore; legend; Lana Del Rey; chamber pop; baroque pop; female vocalist; alternative pop; Retro; art pop; chillout; soul; USA; sexy; new york; rock; hollywood sadcore; indie rock; female; trip hop; jazz; 10s; folk; lana; electronic; blues; 2010s; vintage; alternative rock; overrated; retro pop; beautiful; melancholic; dark pop; Hollywood Pop; chill; diva; sad; americana,1881065.0,217157209.0,False,,,,,,,,,,,,,,,,,
Snooze,SZA,1,2022,12,9,2839,25,399686758.0,58,156,42,1,236,143,F,Major,56,39,55,14,0,11,13,218,1833425.495412844,19,272989c8-5535-492d-a25c-9f58803e027f,SZA,SZA,United States,Jersey; United States,electronic; american; chillwave,soul; electronic; rnb; alternative rnb; female vocalists; Neo-Soul; alternative; american; seen live; Hip-Hop; indie; r&b; Neo Soul; tde; glitter trap; pop; trap; wonky; electronica; dream pop; synthpop; female vocalist; Missouri; rhythm & blues; future rnb; trip-hop; female; downtempo; singer-songwriter; 10s; new jersey; st louis; r'n'b; contemporary rnb; contemporary r&b; sza; perfect vocalists; rap; ambient; experimental; USA; urban; Psychedelic Soul; funk; underground hip-hop; psychedelic; Dreamy; ethereal; f; wishlist; jazzy; queer; rhythm and blues; chillwave; pop rap; 2010s; songwriting; witch house; us; america; alternative soul; All; disappointing; cloud rap; Pussy; neosoul; list; kendrick lamar; saint louis; scorpio; to try; electro soul; Maplewood; newbreed; futuregaze; indie soul; Popstep; rhythm'n'blues; again; jay rock; neo-sul; schoolboy q; Ab-Soul; soultronica; 2 times; isaiah rashad; musical journey to the ends of time; hameryka; underground soul; robertitus coleccion; glyph; best curls; alternative rhythm and blues; alternative R&B; eats tylenol like a muthufuka; scott moyer; buckets and baskets; 9876543210; 3 and 5 and 7 and 9; crnb,340198.0,13267561.0,False,,,,,,,,,,,,,,,,,
Summertime Sadness,Lana Del Rey,1,2011,1,1,20333,52,983637508.0,89,143,"1,632",3,200,112,C#,Minor,56,24,66,7,0,12,3,4578,214861.84097859327,3,b7539c32-53e7-4908-bda3-81449c367da6,Lana Del Rey,Lana Del Rey,United States,United States,electronic; pop; remix; alternative; indie pop; trip hop; sadcore; pop. alternative; next; indie/dream-pop,female vocalists; indie; indie pop; pop; alternative; american; dream pop; seen live; trip-hop; singer-songwriter; cult; sadcore; legend; Lana Del Rey; chamber pop; baroque pop; female vocalist; alternative pop; Retro; art pop; chillout; soul; USA; sexy; new york; rock; hollywood sadcore; indie rock; female; trip hop; jazz; 10s; folk; lana; electronic; blues; 2010s; vintage; alternative rock; overrated; retro pop; beautiful; melancholic; dark pop; Hollywood Pop; chill; diva; sad; americana,1881065.0,217157209.0,False,,,,,,,,,,,,,,,,,
Take Two,BTS,1,2023,6,9,674,47,118482347.0,20,106,25,4,78,93,G,Major,62,57,59,3,0,38,3,36,3291176.3055555555,8,,,,,,,,,,,,,,,,,,,,,,,,,,,
Lover,Taylor Swift,1,2012,1,1,8448,23,882831184.0,160,110,163,0,5,206,G,Major,43,50,55,50,0,15,10,4213,209549.2959886067,34,20244d07-534f-4eff-b4d4-930878889970,Taylor Swift,Taylor Swift,United States,United States,pop; country; electropop; female vocals; dance-pop; pop rock; country pop; contemporary country; teen pop; top 40; country-pop; taylor-swift; singer/songwriter; fixme label mess; hp,country; pop; female vocalists; singer-songwriter; acoustic; taylor swift; country pop; american; seen live; female; pop rock; female vocalist; Love; 00s; contemporary country; USA; beautiful; folk; pop country; modern country; guilty pleasure; rock; amazing; taylor; world; chill; chillout; 3; World Music; sunflower; Skitz0rz; uitluisteren artist; holloween skitz0rz; fav888; my dance room; teen pop; <3; cute; Awesome; sweet; synthpop; Favorite; Female country; legend; talented; love story; 2000s; lovely,2203262.0,171760219.0,False,,,,,,,,,,,,,,,,,
Too Many Nights (feat. Don Toliver & with Future),"Future, Metro Boomin, Don Toliver",3,2022,12,2,2110,58,286400165.0,17,119,19,2,266,88,G,Minor,68,17,71,15,0,11,5,225,1272889.6222222222,1,,,,,,,,,,,,,,,,,,,,,,,,,,,
Chemical,Post Malone,1,2023,4,14,2528,39,172825906.0,56,91,59,3,486,170,D,Major,50,37,90,0,0,12,5,92,1878542.456521739,3,b1e26560-60e5-4236-bbdb-9aa5a8d5ee19,Post Malone,Post Malone,United States,,,,565958.0,25657627.0,False,,,,,,,,,,,,,,,,,
Mockingbird,Eminem,1,2004,1,1,12985,61,1241559043.0,49,98,"2,394",5,204,84,E,Minor,62,24,67,21,0,13,28,7135,174009.67666433076,4,b95ce3ff-3d05-4e87-9e01-c97b66af13d4,Eminem,Eminem,United States,United States,turkish; rap; american; hip-hop; hip hop; hiphop; midwest hip-hop; detroit hip-hop; pop rap; horrorcore; rapper; us; pop and chart; eminem; 8 mile; boom bap; v; comedy rap; hardcore hip hop,rap; Hip-Hop; Eminem; hip hop; pop; american; detroit; seen live; hiphop; Gangsta Rap; male vocalists; slim shady; rock; alternative; hardcore rap; 00s; 90s; USA; singer-songwriter; Shady; d12; emo; Horrorcore; Aftermath; dance; Michigan; white rap,4517997.0,199507511.0,False,76006.0,Eminem,70.0,0.242,0.5920000000000001,250760.0,0.6779999999999999,0.0,E,0.182,-4.4110000000000005,Minor,0.248,83.976,4-Apr,0.208,Rap
New Jeans,NewJeans,1,2023,7,7,77,35,29562220.0,8,166,4,4,34,134,E,Minor,81,53,72,51,0,12,5,8,3695277.5,6,,,,,,,,,,,,,,,,,,,,,,,,,,,
Primera Cita,Carin Leon,1,2022,4,20,266,27,77309611.0,6,40,6,6,202,158,A#,Major,54,50,40,61,0,10,6,451,171418.20620842572,1,,,,,,,,,,,,,,,,,,,,,,,,,,,
Cold Heart - PNAU Remix,"Dua Lipa, Elton John, Pnau",3,2017,11,10,21097,52,1605224506.0,384,135,"1,034",37,312,116,C#,Major,80,92,80,4,0,10,3,2073,774348.5315967198,1,,,,,,,,,,,,,,,,,,,,,,,,,,,
Dandelions,Ruth B.,1,2017,4,28,3423,21,1116995633.0,41,100,59,1,32,117,C#,Major,61,45,69,2,0,9,3,2269,492285.4266196562,1,fa44d136-fa40-4187-b522-8e262b41ac7a,Ruth B.,ruth b.,Canada,,pop rock; piano rock; singer/songwriter,,98488.0,633915.0,False,,,,,,,,,,,,,,,,,
Bones,Imagine Dragons,1,2021,3,11,4198,44,838079900.0,98,108,327,17,153,114,F,Minor,77,65,72,2,0,7,5,856,979065.3037383178,3,012151a8-0f9a-44c9-997f-ebd68b5389f9,Imagine Dragons,Imagine Dragons,United States,United States,pop; alternative rock; indie pop; pop rock; indietronica,indie; indie rock; alternative; rock; indie pop; seen live; alternative rock; american; pop; male vocalists; pop rock; IMAGINE DRAGONS; electronic; USA; las vegas; electronic rock; 2010s; folk; new wave; Nevada; 10s; Pop-Rock; United States,1661600.0,81715914.0,False,,,,,,,,,,,,,,,,,
Set Fire to the Rain,Adele,1,2011,1,1,14739,43,1163620694.0,88,112,"2,163",5,519,108,D,Minor,61,47,68,0,0,13,3,4578,254176.6478811708,4,cc2c9c3c-b7bc-4b8b-84d8-4fbd8779e493,Adele,Adele,United Kingdom,United Kingdom,pop; jazz; singer; soul; adult contemporary; blue-eyed soul; film soundtrack; pop and chart; pop soul; blue eyed soul; adele; alternative/indie rock; adult alternative pop/rock; english singer,soul; female vocalists; british; singer-songwriter; indie; pop; Adele; jazz; acoustic; female vocalist; UK; alternative; britpop; blues; indie pop; female; chillout; 00s; beautiful voice; rnb; Neo-Soul; folk; seen live; england; london; piano; Mellow; rock; Blue-Eyed Soul; english; Love; r&b; beautiful; smooth; jazz-soul; easy listening; Sandy Leah,2856839.0,128162302.0,False,,,,,,,,,,,,,,,,,
Set Fire to the Rain,Adele,1,2011,1,1,14739,43,1163620694.0,88,112,"2,163",5,519,108,D,Minor,61,47,68,0,0,13,3,4578,254176.6478811708,4,95d47069-e8e4-4fc3-abf1-cde19b9aac92,Adele,,Norway,,,,,,False,,,,,,,,,,,,,,,,,
Set Fire to the Rain,Adele,1,2011,1,1,14739,43,1163620694.0,88,112,"2,163",5,519,108,D,Minor,61,47,68,0,0,13,3,4578,254176.6478811708,4,1de93a63-3a9f-443a-ba8a-a43b5fe0121e,Adele,,,United Kingdom,,,,,False,,,,,,,,,,,,,,,,,
Money Trees,"Kendrick Lamar, Jay Rock",2,2012,1,1,26792,32,1093605526.0,69,113,695,0,458,144,E,Minor,74,37,53,7,0,21,10,4213,259578.8098741989,1,,,,,,,,,,,,,,,,,,,,,,,,,,,
Tak Segampang Itu,Anggi Marito,1,2022,12,2,213,6,179659294.0,7,6,0,0,48,130,F,Major,51,18,44,76,0,11,3,225,798485.7511111111,1,,,,,,,,,,,,,,,,,,,,,,,,,,,
LAGUNAS,"Jasiel Nuï¿½ï¿½ez, Peso P",2,2023,6,22,58,18,39058561.0,2,106,4,2,184,116,B,Major,77,79,62,33,1,15,3,23,1698198.3043478262,2,,,,,,,,,,,,,,,,,,,,,,,,,,,
Mine (Taylor's Version),Taylor Swift,1,2023,7,7,99,15,36912123.0,21,52,6,1,0,121,G,Major,65,49,78,0,0,17,4,8,4614015.375,34,20244d07-534f-4eff-b4d4-930878889970,Taylor Swift,Taylor Swift,United States,United States,pop; country; electropop; female vocals; dance-pop; pop rock; country pop; contemporary country; teen pop; top 40; country-pop; taylor-swift; singer/songwriter; fixme label mess; hp,country; pop; female vocalists; singer-songwriter; acoustic; taylor swift; country pop; american; seen live; female; pop rock; female vocalist; Love; 00s; contemporary country; USA; beautiful; folk; pop country; modern country; guilty pleasure; rock; amazing; taylor; world; chill; chillout; 3; World Music; sunflower; Skitz0rz; uitluisteren artist; holloween skitz0rz; fav888; my dance room; teen pop; <3; cute; Awesome; sweet; synthpop; Favorite; Female country; legend; talented; love story; 2000s; lovely,2203262.0,171760219.0,False,,,,,,,,,,,,,,,,,
Everybody Wants To Rule The World,Tears For Fears,1,1985,2,17,41751,25,1205951614.0,101,32,"2,655",0,666,112,G,Major,64,54,81,36,0,11,6,14027,85973.59478149284,1,,,,,,,,,,,,,,,,,,,,,,,,,,,
No Role Modelz,J. Cole,1,2014,12,9,21164,36,1791000570.0,80,65,476,0,14,100,A#,Minor,70,47,52,30,0,6,33,3140,570382.347133758,1,875203e1-8e58-4b86-8dcb-7190faf411c5,J. Cole,J. Cole,United States,United States,rap; hip-hop; hip hop,Hip-Hop; rap; underground hip-hop; Jazz Hop; North Carolina; hip hop; j cole; seen live; american; underground rap; rnb; underground hip hop; alternative rap; East Coast; alternative hip-hop; Fayetteville; roc nation; underground; Conscious Rap; USA; hiphop; pop rap; pop; boring; 10s; east coast rap; southern rap; east coast hip hop; Conscious Hip Hop,1576351.0,36093742.0,False,55577.0,J. Cole,84.0,0.302,0.696,292987.0,0.521,0.0,A#,0.0565,-8.465,Minor,0.332,100.0,4-Apr,0.4579999999999999,Hip-Hop
Tattoo,Loreen,1,2023,2,25,2988,59,201660859.0,74,102,145,18,925,150,D#,Minor,55,30,78,24,0,12,8,140,1440434.7071428571,1,1e234774-8e37-4378-b01d-b7dd6ced769c,Loreen,Loreen,Sweden,Morocco; Sweden,pop; singer; electropop; dance-pop; electro house; contemporary r&b; euro-trance,pop; swedish; female vocalists; Eurovision; dance; electronic; Sweden; melodifestivalen; seen live; eurodance; electropop; trance; chillout; Eurovision Song Contest; chill; world; 3; World Music; sunflower; Skitz0rz; uitluisteren artist; holloween skitz0rz; fav888; my dance room; singer-songwriter; female vocalist; moroccan; dance-pop; scandinavian; dance pop; Swedish Pop; Loreen; indie; alternative; House; nordic; female vocal; 2010s; Europop; Sverige; eurovision winner; All; ESC; if this were a pokemon i would catch it; swedish idol; swedish female singers,310779.0,5946969.0,False,,,,,,,,,,,,,,,,,
Rara Vez,"Taiu, Milo j",2,2023,2,8,893,38,248088961.0,19,23,24,3,88,120,F,Minor,84,96,71,18,0,34,17,157,1580184.4649681528,1,,,,,,,,,,,,,,,,,,,,,,,,,,,
VAGABUNDO,"Sebastian Yatra, Manuel Turizo, Beï¿½ï",3,2023,5,12,1094,34,90839753.0,40,58,47,8,203,127,B,Minor,82,89,85,4,0,23,6,64,1419371.140625,1,,,,,,,,,,,,,,,,,,,,,,,,,,,
august,Taylor Swift,1,2020,7,24,7324,22,607123776.0,25,81,61,1,44,90,F,Major,51,42,61,53,0,9,3,1086,559045.8342541436,34,20244d07-534f-4eff-b4d4-930878889970,Taylor Swift,Taylor Swift,United States,United States,pop; country; electropop; female vocals; dance-pop; pop rock; country pop; contemporary country; teen pop; top 40; country-pop; taylor-swift; singer/songwriter; fixme label mess; hp,country; pop; female vocalists; singer-songwriter; acoustic; taylor swift; country pop; american; seen live; female; pop rock; female vocalist; Love; 00s; contemporary country; USA; beautiful; folk; pop country; modern country; guilty pleasure; rock; amazing; taylor; world; chill; chillout; 3; World Music; sunflower; Skitz0rz; uitluisteren artist; holloween skitz0rz; fav888; my dance room; teen pop; <3; cute; Awesome; sweet; synthpop; Favorite; Female country; legend; talented; love story; 2000s; lovely,2203262.0,171760219.0,False,,,,,,,,,,,,,,,,,
LUNA,"Junior H, Peso Pluma",2,2023,6,22,201,11,55842345.0,19,117,8,1,74,128,A,Minor,75,79,63,33,0,15,4,23,2427928.0434782607,2,,,,,,,,,,,,,,,,,,,,,,,,,,,
Miracle (with Ellie Goulding),"Calvin Harris, Ellie Goulding",2,2023,3,10,5120,48,211050784.0,161,115,246,9,638,143,A,Major,64,31,87,4,4,8,4,127,1661817.1968503937,1,,,,,,,,,,,,,,,,,,,,,,,,,,,
Nonsense,Sabrina Carpenter,1,2022,7,15,2346,27,342897938.0,69,12,38,8,64,139,G#,Major,74,68,68,3,0,26,4,365,939446.405479452,1,1882fe91-cdd9-49c9-9956-8e06a3810bd4,Sabrina Carpenter,Sabrina Carpenter,United States,United States,pop,pop; alternative; indie pop; folk; pop rock; female vocalists; indie; acoustic; american; Disney; singer-songwriter; female vocalist; child musician; electronic; USA; child singer; Sabrina Carpenter; electropop; rock; soft rock; Favorite Artists; synthpop; folk rock; kids; alternative pop; love at first listen; want to see live; 10s; us; Empowering; teen idols; Best artist; Pop Folk; disney channel; beautiful woman; Ariana Grande; inna; Chicks Rock; Pop and rock; nayer; clara morgane; jade laroche; too young to be this good; i love Sabrina Carpenter; music for people named mackenzie; straight outta disney,135783.0,3659436.0,False,,,,,,,,,,,,,,,,,
Que Vuelvas,"Carin Leon, Grupo Frontera",2,2022,12,9,763,26,2762.0,21,110,21,9,71,162,A#,Major,49,78,64,19,0,11,4,218,12.6697247706422,1,,,,,,,,,,,,,,,,,,,,,,,,,,,
Por las Noches,Peso Pluma,1,2021,6,11,457,24,330346424.0,8,116,4,3,2,92,,Major,81,39,60,31,0,7,3,764,432390.6073298429,2,,,,,,,,,,,,,,,,,,,,,,,,,,,
Feliz Cumpleaï¿½ï¿½os Fe,Feid,1,2022,8,19,3430,38,601863821.0,45,69,52,4,3,95,F,Major,87,57,55,10,0,29,7,330,1823829.7606060605,8,eaee97f6-f2e4-414a-966c-f31a1fb4696a,Feid,Feid,Colombia,,reggaeton; latin urban,,12161.0,75471.0,False,,,,,,,,,,,,,,,,,
Can't Hold Us (feat. Ray Dalton),"Ray Dalton, Ryan Lewis, Macklemore",3,2011,8,16,6074,52,1953533826.0,201,44,"6,551",2,0,146,D,Major,63,88,93,3,0,10,8,4351,448985.02091473225,1,,,,,,,,,,,,,,,,,,,,,,,,,,,
Watermelon Sugar,Harry Styles,1,2019,11,17,21915,34,2322580122.0,437,115,"1,212",12,,95,,Major,55,56,82,12,0,34,5,1336,1738458.1751497006,17,7eb1ce54-a355-41f9-8d68-e018b096d427,Harry Styles,Harry Styles,United Kingdom,,rock,,288138.0,7911278.0,False,,,,,,,,,,,,,,,,,
lovely - Bonus Track,"Billie Eilish, Khalid",2,2017,8,11,15032,30,2355719893.0,221,96,"1,078",2,136,115,E,Minor,35,12,30,93,0,10,3,2164,1088595.1446395563,1,,,,,,,,,,,,,,,,,,,,,,,,,,,
"Rauw Alejandro: Bzrp Music Sessions, Vol. 56","Rauw Alejandro, Bizarrap",2,2023,6,21,871,32,66902503.0,25,59,32,5,88,128,B,Major,78,59,65,10,0,26,5,24,2787604.2916666665,2,,,,,,,,,,,,,,,,,,,,,,,,,,,
Queencard,(G)I-DLE,1,2023,5,15,451,33,96273746.0,10,126,7,0,148,130,E,Minor,82,69,83,3,0,27,5,61,1578258.1311475409,2,,,,,,,,,,,,,,,,,,,,,,,,,,,
OMG,NewJeans,1,2023,1,2,1783,27,430977451.0,26,124,15,1,22,127,A,Minor,80,74,77,36,0,11,4,194,2221533.25257732,6,,,,,,,,,,,,,,,,,,,,,,,,,,,
Radio,Lana Del Rey,1,2011,1,1,9389,46,284819874.0,24,122,282,3,368,150,D,Major,42,20,86,21,0,9,9,4578,62214.91349934469,3,b7539c32-53e7-4908-bda3-81449c367da6,Lana Del Rey,Lana Del Rey,United States,United States,electronic; pop; remix; alternative; indie pop; trip hop; sadcore; pop. alternative; next; indie/dream-pop,female vocalists; indie; indie pop; pop; alternative; american; dream pop; seen live; trip-hop; singer-songwriter; cult; sadcore; legend; Lana Del Rey; chamber pop; baroque pop; female vocalist; alternative pop; Retro; art pop; chillout; soul; USA; sexy; new york; rock; hollywood sadcore; indie rock; female; trip hop; jazz; 10s; folk; lana; electronic; blues; 2010s; vintage; alternative rock; overrated; retro pop; beautiful; melancholic; dark pop; Hollywood Pop; chill; diva; sad; americana,1881065.0,217157209.0,False,,,,,,,,,,,,,,,,,
"Shakira: Bzrp Music Sessions, Vol. 53","Shakira, Bizarrap",2,2023,1,11,5724,44,721975598.0,119,108,254,29,22,122,D,Minor,78,50,63,27,0,9,5,185,3902570.8,1,,,,,,,,,,,,,,,,,,,,,,,,,,,
505,Arctic Monkeys,1,2007,4,20,13985,25,1217120710.0,30,80,588,1,1,140,,Major,52,20,85,0,0,7,5,5930,205248.0118043845,4,ada7a83c-e3e1-40f1-93f9-3e73dbc9298a,Arctic Monkeys,Arctic Monkeys,United Kingdom,United Kingdom,alternative rock; british; uk; britannique; 2007; indie rock; indie; psychedelic pop; garage rock revival; post-punk revival; neo-psychedelia; english; domino; rock and indie,indie rock; indie; british; rock; alternative; seen live; alternative rock; britpop; arctic monkeys; Garage Rock; UK; brit rock; post-punk; 00s; Post-punk revival; Sheffield; punk; male vocalists; Britrock; pop; british rock; england; english; indie pop; want to see live; garage rock revival; punk rock; Psychedelic Rock,3501680.0,332306552.0,False,,,,,,,,,,,,,,,,,
"Calling (Spider-Man: Across the Spider-Verse) (Metro Boomin & Swae Lee, NAV, feat. A Boogie Wit da Hoodie)","Swae Lee, A Boogie Wit da Hoodie, Metro Boomin, NAV",4,2023,6,2,1051,16,109276132.0,31,37,31,0,189,140,,Major,63,22,54,46,0,12,8,43,2541305.395348837,1,,,,,,,,,,,,,,,,,,,,,,,,,,,
Trance (with Travis Scott & Young Thug),"Travis Scott, Young Thug, Metro Boomin",3,2022,12,2,1682,46,276259178.0,24,90,30,1,176,119,C#,Minor,75,48,53,18,0,18,34,225,1227818.568888889,1,,,,,,,,,,,,,,,,,,,,,,,,,,,
"Tere Vaaste (From ""Zara Hatke Zara Bachke"")","Sachin-Jigar, Shadab Faridi, Altamash Faridi, Amitabh Bhattacharya, Varun Jain",5,2023,5,22,182,8,54225632.0,3,88,1,0,52,110,G,Minor,76,96,72,32,0,9,4,54,1004178.3703703705,1,,,,,,,,,,,,,,,,,,,,,,,,,,,
Perfect,Ed Sheeran,1,2017,1,1,16596,13,2559529074.0,7,0,"2,094",0,0,95,G#,Major,60,17,45,16,0,11,2,2386,1072728.027661358,9,b8a7c51f-362c-4dcb-a259-bc6e0095f0a6,Ed Sheeran,Ed Sheeran,United Kingdom,United Kingdom,pop; guitarist; folk; uk; singer; dance-pop; pop rap; folk pop; rapper; pop soul; singer/songwriter; ed sheeran does not make sillyname tracks ಠ_ಠ,acoustic; british; singer-songwriter; easy-listening; Grime; pop; seen live; male vocalists; indie; folk; alternative; Ed Sheeran; Hip-Hop; rock; UK; soul; indie pop; indie folk; english; england; overrated; pop rock; male vocalist; folk pop; Love; guitar; rap; cute; folk rock; suffolk; chillout; Mellow; 00s; Acoustic Rock; 10s; ed; fucking AMAZINGGGGGGGGGGGGGGGGGGGGGGGGGGGGGGGGGGGGGGGGGGGGGGGGGGGGGGGGGGGGGGGGGGGGGGGGGGGGGGGGGGGGGGGGGGGGGGGGGGGGGGGGGg; Soundtrack; easy listening; romantic; amazing; Alternative Folk; love at first listen; want to see live; All; ginger,1620379.0,85083256.0,False,,,,,,,,,,,,,,,,,
Perfect,Ed Sheeran,1,2017,1,1,16596,13,2559529074.0,7,0,"2,094",0,0,95,G#,Major,60,17,45,16,0,11,2,2386,1072728.027661358,9,3bca1168-e7c6-4beb-9af9-db9dc674b1fa,Ed Sheeran,,United Kingdom,United Kingdom,wrong-one,,,,False,,,,,,,,,,,,,,,,,
Romantic Homicide,d4vd,1,2022,7,20,2335,23,681583126.0,82,55,50,0,9,132,F#,Major,56,20,55,45,1,32,3,360,1893286.461111111,2,,,,,,,,,,,,,,,,,,,,,,,,,,,
Believer,Imagine Dragons,1,2017,1,31,18986,23,2594040133.0,250,121,"2,969",10,31,125,A#,Minor,77,74,78,4,0,23,11,2356,1101035.7101018676,3,012151a8-0f9a-44c9-997f-ebd68b5389f9,Imagine Dragons,Imagine Dragons,United States,United States,pop; alternative rock; indie pop; pop rock; indietronica,indie; indie rock; alternative; rock; indie pop; seen live; alternative rock; american; pop; male vocalists; pop rock; IMAGINE DRAGONS; electronic; USA; las vegas; electronic rock; 2010s; folk; new wave; Nevada; 10s; Pop-Rock; United States,1661600.0,81715914.0,False,,,,,,,,,,,,,,,,,
Novo Balanï¿½,"Veigh, Bvga Beatz, Supernova Ent, Prod Malax",4,2023,5,19,283,7,81102253.0,6,9,26,1,66,124,D#,Minor,84,65,50,67,0,13,6,57,1422846.5438596492,1,,,,,,,,,,,,,,,,,,,,,,,,,,,
"Gol Bolinha, Gol Quadrado 2","Mc Pedrinho, DJ 900",2,2023,6,1,293,8,11956641.0,5,2,30,2,66,133,B,Minor,93,68,65,42,0,12,25,44,271741.8409090909,1,,,,,,,,,,,,,,,,,,,,,,,,,,,
Without Me,Eminem,1,2002,1,1,21081,43,1687664027.0,98,76,"3,889",5,0,112,G,Major,92,67,66,0,0,36,9,7865,214579.0244119517,4,b95ce3ff-3d05-4e87-9e01-c97b66af13d4,Eminem,Eminem,United States,United States,turkish; rap; american; hip-hop; hip hop; hiphop; midwest hip-hop; detroit hip-hop; pop rap; horrorcore; rapper; us; pop and chart; eminem; 8 mile; boom bap; v; comedy rap; hardcore hip hop,rap; Hip-Hop; Eminem; hip hop; pop; american; detroit; seen live; hiphop; Gangsta Rap; male vocalists; slim shady; rock; alternative; hardcore rap; 00s; 90s; USA; singer-songwriter; Shady; d12; emo; Horrorcore; Aftermath; dance; Michigan; white rap,4517997.0,199507511.0,False,63006.0,Eminem,82.0,0.0034799999999999,0.929,290227.0,0.65,0.0,G,0.308,-2.882,Major,0.0858,112.249,4-Apr,0.655,Hip-Hop
QUEMA,"Sog, Ryan Castro, Peso Pluma",3,2023,7,13,437,31,11599388.0,17,29,26,3,208,97,,Major,79,92,89,5,0,6,5,2,5799694.0,1,,,,,,,,,,,,,,,,,,,,,,,,,,,
Stargirl Interlude,"The Weeknd, Lana Del Rey",2,2016,11,24,1275,32,611700552.0,13,8,5,0,1,90,F,Minor,59,52,48,38,5,10,11,2424,252351.7128712872,1,,,,,,,,,,,,,,,,,,,,,,,,,,,
Ojitos Lindos,"Bomba Estï¿½ï¿½reo, Bad B",2,2022,5,6,6135,38,1133865788.0,71,113,99,13,28,80,D#,Minor,65,27,69,8,0,53,4,435,2606588.0183908045,1,,,,,,,,,,,,,,,,,,,,,,,,,,,
Somewhere Only We Know,Keane,1,2004,1,1,20015,16,1089402494.0,107,69,"5,239",0,558,172,A,Major,45,33,59,6,0,8,3,7135,152684.30189208128,1,c7020c6d-cae9-4db3-92a7-e5c561cbad50,Keane,Keane,United Kingdom,United Kingdom,rock; alternative rock; synth-pop; piano rock; alternative pop; english; rock and indie; post-britpop,britpop; indie; alternative; british; rock; seen live; indie rock; pop; alternative rock; piano rock; Keane; piano; UK; indie pop; male vocalists; pop rock; 00s; soft rock; brit pop; favorites; english; singer-songwriter; Mellow; Love; brit rock; england; electronic; Pop-Rock; emo; classic rock; acoustic; Brit,2422185.0,66916305.0,False,35911.0,Keane,69.0,0.0597,0.447,236160.0,0.662,2.88e-06,A,0.0869,-4.221,Major,0.0259,172.015,4-Apr,0.307,Rock
Those Eyes,New West,1,2019,5,10,1507,14,411747614.0,24,71,44,1,195,120,E,Major,60,24,35,73,0,31,3,1527,269644.8028814669,1,,,,,,,,,,,,,,,,,,,,,,,,,,,
El Gordo Trae El Mando,Chino Pacas,1,2023,1,27,539,21,255932395.0,7,71,4,2,13,140,G,Minor,74,96,80,18,0,5,5,169,1514392.8698224851,1,,,,,,,,,,,,,,,,,,,,,,,,,,,
Mi Bello Angel,Natanael Cano,1,2023,6,30,86,8,31873544.0,7,76,3,1,93,128,A,Minor,81,90,77,1,0,9,5,15,2124902.933333333,1,,,,,,,,,,,,,,,,,,,,,,,,,,,
Bye,Peso Pluma,1,2023,5,26,324,14,95053634.0,13,110,8,2,60,122,,Major,78,70,81,57,0,10,5,50,1901072.68,2,,,,,,,,,,,,,,,,,,,,,,,,,,,
Danza Kuduro,"Don Omar, Lucenzo",2,2010,1,1,17138,37,1279434863.0,119,81,974,1,503,130,,Major,47,86,92,8,0,5,24,4943,258837.72263807405,1,,,,,,,,,,,,,,,,,,,,,,,,,,,
Nosso Quadro,"Ana Castela, AgroPlay",2,2023,2,2,894,9,233801632.0,14,88,66,3,72,160,A,Major,69,61,71,33,0,31,20,163,1434365.8404907975,1,,,,,,,,,,,,,,,,,,,,,,,,,,,
Locked Out Of Heaven,Bruno Mars,1,2012,12,5,1622,9,1481349984.0,0,0,356,0,0,144,F,Major,73,87,70,6,0,28,5,3874,382382.5462054724,4,afb680f2-b6eb-4cd7-a70b-a63b25c763d5,Bruno Mars,Bruno Mars,United States,United States,rock; pop; new wave; funk; soul; pop rock; pop soul; r&b; contemporary r&b; synth funk; a filk artist,pop; rnb; male vocalists; r&b; slow jams; Bruno Mars; soul; american; singer-songwriter; seen live; funk; reggae; Hip-Hop; indie; romantic; rock; bruno; hip hop; USA; pop rock; alternative; male vocalist; blues; dance; rhythm and blues; hawaii; 2010s; sexy; soft rock; Grenade; folk; acoustic; english; Hawaiian; r'n'b,1841782.0,54224967.0,False,,,,,,,,,,,,,,,,,
Un Finde | CROSSOVER #2,"Big One, FMK, Ke personajes",3,2023,4,4,561,14,142095275.0,4,14,12,5,56,192,B,Major,50,85,52,11,0,28,6,102,1393090.931372549,1,,,,,,,,,,,,,,,,,,,,,,,,,,,
Jimmy Cooks (feat. 21 Savage),"Drake, 21 Savage",2,2022,6,17,5871,27,618885532.0,81,121,58,1,34,163,,Major,54,40,67,0,0,9,17,393,1574772.3460559796,8,,,,,,,,,,,,,,,,,,,,,,,,,,,
Counting Stars,OneRepublic,1,2013,1,1,29215,43,2011464183.0,179,97,"3,394",11,153,122,C#,Minor,66,48,71,6,0,12,4,3847,522865.6571354302,2,c33c2065-b1c3-4406-b066-d33a9e2ea71a,OneRepublic,OneRepublic,United States,United States,rock; pop; pop rock; folk pop; rock and indie; united states,rock; pop rock; alternative; alternative rock; indie; pop; american; piano rock; seen live; male vocalists; OneRepublic; indie rock; soft rock; Pop-Rock; USA; 00s; One Republic; easy listening; piano; band; indie pop; Love; amazing; Awesome; favorites; relaxing; acoustic; Colorado; emo,2278164.0,62846148.0,False,,,,,,,,,,,,,,,,,
Ghost,Justin Bieber,1,2021,3,19,5866,24,1167330737.0,107,38,95,0,,154,D,Major,61,41,74,21,0,40,6,848,1376569.265330189,3,e0140a67-e4d1-4f13-8a01-364355bee46e,Justin Bieber,Justin Bieber,Canada,Canada; Norway; United States,pop; black metal; electropop; dance-pop; gay; amazing; teen pop; christmas music; contemporary r&b; tropical house,pop; black metal; justin bieber; rnb; Hip-Hop; r&b; Brutal Death Metal; gay; Canadian; female vocalists; death metal; male vocalists; grindcore; female vocalist; dance; shit; teen pop; rap; True Norwegian Black Metal; national socialist black metal; deathcore; nsbm; Justin; the most frostbitten and grim music from the very very very very very very inverted mountains of Kxziiiimfghhhblaghl; FAGGOT; the worst thing ever to happen to music; goregrind; Brutal as Fuck; seen live; guilty pleasure; electronic; pornogrind; baby; teen; metalcore; sexy; one time; RAC; brutal deathcore; jb; hardcore; doom metal; Crap; Totec Radio; fag; canada; Gay Metal; hip hop; Officially Shit; cute; heavy metal; emo; pop rock; viking metal; all things annoying in the world put together into one stupid bitch; metal; female; screamo; Suicidal Black Metal; better than radiohead; kircore; Miley Cyrus; bieber; trve kvlt norwegian black metal; gayest gay that ever gayed another gay; witch house; deathgrind; post-gangsta; homoerotic wet dream nostalgia metal; homoromantic scrotum-shrinking dream pop with goregrind influences; 00s; Nu Metal; mathcore; porngrind; gaycore; satanic metal; male; hot; <3; raw black metal; swag; indie; Love; thrash metal; male vocalist; love me; female vocal; Blackened Death Metal; blacker than the blackest black times infinity; hatecore; Depressive Suicidal Black Metal; satanic black metal; moshcore; noise; Grunge; american; post-hardcore; Young; children; sucks,1628031.0,53649697.0,False,,,,,,,,,,,,,,,,,
Under The Influence,Chris Brown,1,2019,10,4,3859,26,929964809.0,133,181,3,0,,117,A,Minor,73,31,69,6,0,11,4,1380,673887.5427536232,1,c234fa42-e6a6-443e-937e-2f4b073538a3,Chris Brown,Chris Brown,United States,United States,pop; dance; american; hip-hop; electropop; rnb; dance-pop; pop rap; electro house; hip hop rnb and dance hall; r&b; contemporary r&b; ya man ain't me (produced by the.mp3; wifebeater,rnb; Hip-Hop; Chris Brown; rap; hip hop; pop; r&b; male vocalists; dance; american; Woman beater; soul; r and b; urban; seen live; sexy; rhythm and blues; r'n'b; Love; chris; wife beater; electronic; 00s; Rihanna; male vocalist; r n b; party; douchebag; hot; asshole; Favorite; Officially Shit; hiphop; virginia; black music; r & b,2624857.0,47604118.0,True,,,,,,,,,,,,,,,,,
Under The Influence,Chris Brown,1,2019,10,4,3859,26,929964809.0,133,181,3,0,,117,A,Minor,73,31,69,6,0,11,4,1380,673887.5427536232,1,2c1828a2-e46b-4ade-a6e9-065ca265d679,Chris Brown,Chris Brown,United States,United States,,rnb; Hip-Hop; Chris Brown; rap; hip hop; pop; r&b; male vocalists; dance; american; Woman beater; soul; r and b; urban; seen live; sexy; rhythm and blues; r'n'b; Love; chris; wife beater; electronic; 00s; Rihanna; male vocalist; r n b; party; douchebag; hot; asshole; Favorite; Officially Shit; hiphop; virginia; black music; r & b,2624857.0,47604118.0,True,,,,,,,,,,,,,,,,,
Under The Influence,Chris Brown,1,2019,10,4,3859,26,929964809.0,133,181,3,0,,117,A,Minor,73,31,69,6,0,11,4,1380,673887.5427536232,1,a7f9fe7b-dc45-4a18-b083-25aa667892bf,Chris Brown,Chris Brown,United States,United States,,rnb; Hip-Hop; Chris Brown; rap; hip hop; pop; r&b; male vocalists; dance; american; Woman beater; soul; r and b; urban; seen live; sexy; rhythm and blues; r'n'b; Love; chris; wife beater; electronic; 00s; Rihanna; male vocalist; r n b; party; douchebag; hot; asshole; Favorite; Officially Shit; hiphop; virginia; black music; r & b,2624857.0,47604118.0,True,,,,,,,,,,,,,,,,,
Under The Influence,Chris Brown,1,2019,10,4,3859,26,929964809.0,133,181,3,0,,117,A,Minor,73,31,69,6,0,11,4,1380,673887.5427536232,1,548bae0a-223e-4825-a79f-951e1f737a84,Chris Brown,Chris Brown,United States,United States,american; usa; pianist; composer; musician; american composer; modern classical; free improvisation; eai,rnb; Hip-Hop; Chris Brown; rap; hip hop; pop; r&b; male vocalists; dance; american; Woman beater; soul; r and b; urban; seen live; sexy; rhythm and blues; r'n'b; Love; chris; wife beater; electronic; 00s; Rihanna; male vocalist; r n b; party; douchebag; hot; asshole; Favorite; Officially Shit; hiphop; virginia; black music; r & b,2624857.0,47604118.0,True,,,,,,,,,,,,,,,,,
Under The Influence,Chris Brown,1,2019,10,4,3859,26,929964809.0,133,181,3,0,,117,A,Minor,73,31,69,6,0,11,4,1380,673887.5427536232,1,59f06a94-5d1f-48fe-9e73-fa47d15e6fc2,Chris Brown,Chris Brown And Kate Fenner,Canada,Canada,,Canadian; folk; NYC; folk rock; toronto; kate fenner; songs you should hear,457.0,9009.0,False,,,,,,,,,,,,,,,,,
Under The Influence,Chris Brown,1,2019,10,4,3859,26,929964809.0,133,181,3,0,,117,A,Minor,73,31,69,6,0,11,4,1380,673887.5427536232,1,126759e7-ca12-4bb4-884e-eba160e9e406,Chris Brown,Chris J. Brown,United Kingdom,,trance,,1.0,1.0,False,,,,,,,,,,,,,,,,,
Under The Influence,Chris Brown,1,2019,10,4,3859,26,929964809.0,133,181,3,0,,117,A,Minor,73,31,69,6,0,11,4,1380,673887.5427536232,1,4923c5c1-ef13-4402-805d-bfe28211a86d,Chris Brown,,United States,,,,,,False,,,,,,,,,,,,,,,,,
Under The Influence,Chris Brown,1,2019,10,4,3859,26,929964809.0,133,181,3,0,,117,A,Minor,73,31,69,6,0,11,4,1380,673887.5427536232,1,6f3f2903-ea4e-44f3-8aee-8914f9e6da53,Chris Brown,,United Kingdom,,,,,,False,,,,,,,,,,,,,,,,,
Under The Influence,Chris Brown,1,2019,10,4,3859,26,929964809.0,133,181,3,0,,117,A,Minor,73,31,69,6,0,11,4,1380,673887.5427536232,1,e1009244-1bf4-4a4c-889e-0db83b9be08f,Chris Brown,,United Kingdom,,,,,,False,,,,,,,,,,,,,,,,,
Under The Influence,Chris Brown,1,2019,10,4,3859,26,929964809.0,133,181,3,0,,117,A,Minor,73,31,69,6,0,11,4,1380,673887.5427536232,1,bd4b4286-9307-40f3-bcf3-6ecf22f2963d,Chris Brown,,United Kingdom,,,,,,False,,,,,,,,,,,,,,,,,
Under The Influence,Chris Brown,1,2019,10,4,3859,26,929964809.0,133,181,3,0,,117,A,Minor,73,31,69,6,0,11,4,1380,673887.5427536232,1,b0a7f8f3-51e2-4569-a6dc-ba2068709b74,Chris Brown,,,,,,,,False,,,,,,,,,,,,,,,,,
Under The Influence,Chris Brown,1,2019,10,4,3859,26,929964809.0,133,181,3,0,,117,A,Minor,73,31,69,6,0,11,4,1380,673887.5427536232,1,d35e16cc-d9df-4094-9fad-ee5fb3c63373,Chris Brown,,,,,,,,False,,,,,,,,,,,,,,,,,
Under The Influence,Chris Brown,1,2019,10,4,3859,26,929964809.0,133,181,3,0,,117,A,Minor,73,31,69,6,0,11,4,1380,673887.5427536232,1,a9e9d82e-4ebd-4227-91c1-567fd15e5391,Chris Brown,,,,,,,,False,,,,,,,,,,,,,,,,,
Under The Influence,Chris Brown,1,2019,10,4,3859,26,929964809.0,133,181,3,0,,117,A,Minor,73,31,69,6,0,11,4,1380,673887.5427536232,1,27e8ae15-62cc-459a-bbf6-b65af30cd270,Chris Brown,,Australia,,,,,,False,,,,,,,,,,,,,,,,,
Under The Influence,Chris Brown,1,2019,10,4,3859,26,929964809.0,133,181,3,0,,117,A,Minor,73,31,69,6,0,11,4,1380,673887.5427536232,1,eec37724-4450-41e2-bfa0-a0c7046ea06e,Chris Brown,,United Kingdom,,,,,,False,,,,,,,,,,,,,,,,,
Under The Influence,Chris Brown,1,2019,10,4,3859,26,929964809.0,133,181,3,0,,117,A,Minor,73,31,69,6,0,11,4,1380,673887.5427536232,1,dc7117cb-7695-4b8e-b7c4-ae03d3a768d1,Chris Brown,,United States,,,,,,False,,,,,,,,,,,,,,,,,
Under The Influence,Chris Brown,1,2019,10,4,3859,26,929964809.0,133,181,3,0,,117,A,Minor,73,31,69,6,0,11,4,1380,673887.5427536232,1,1e544c7f-a7b7-47b6-9280-e4f2f987152e,Chris Brown,,,,,,,,False,,,,,,,,,,,,,,,,,
Under The Influence,Chris Brown,1,2019,10,4,3859,26,929964809.0,133,181,3,0,,117,A,Minor,73,31,69,6,0,11,4,1380,673887.5427536232,1,a5089550-e568-4a8a-8405-0f8800036a4a,Chris Brown,,,,,,,,False,,,,,,,,,,,,,,,,,
Under The Influence,Chris Brown,1,2019,10,4,3859,26,929964809.0,133,181,3,0,,117,A,Minor,73,31,69,6,0,11,4,1380,673887.5427536232,1,1160d451-342f-4991-b71c-173c9156258a,Chris Brown,,United States,,,,,,False,,,,,,,,,,,,,,,,,
Under The Influence,Chris Brown,1,2019,10,4,3859,26,929964809.0,133,181,3,0,,117,A,Minor,73,31,69,6,0,11,4,1380,673887.5427536232,1,efc4a42d-6be0-44a2-a718-2897aec19e92,Chris Brown,,,,,,,,False,,,,,,,,,,,,,,,,,
PRC,"Natanael Cano, Peso Pluma",2,2023,1,23,961,26,436027885.0,19,143,10,6,15,138,G,Minor,78,89,83,10,0,12,5,173,2520392.3988439306,1,,,,,,,,,,,,,,,,,,,,,,,,,,,
Gasolina,Daddy Yankee,1,2004,7,13,6457,18,657723613.0,98,95,453,0,454,96,,Major,86,74,80,33,0,8,6,6941,94759.20083561448,2,2f522f5c-111c-4ce8-8bd0-d82e97c227ad,Daddy Yankee,Daddy Yankee,United States,Puerto Rico; Spain,hip hop; latin; reggaeton; hip hop rnb and dance hall; latin urban,Reggaeton; latin; Hip-Hop; spanish; rap; Daddy Yankee; hip hop; dancehall; puerto rico; mierda; dance; Brutal Death Metal; black metal; Officially Shit; latino; shit; pop; Puerto Rican; metal; male vocalists; basura; reggae; rnb; bullshit; Espanol; justin bieber; daddy; seen live; 00s; Crap; rock; urban; hiphop,732678.0,9362932.0,False,74332.0,Daddy Yankee,78.0,0.332,0.857,192600.0,0.8009999999999999,1.2e-06,C,0.0789,-6.499,Major,0.0618,96.009,4-Apr,0.753,Hip-Hop
One Dance,"Drake, WizKid, Kyla",3,2016,4,4,43257,24,2713922350.0,433,107,"3,631",0,26,104,C#,Major,77,36,63,1,0,36,5,2658,1021039.258841234,1,,,,,,,,,,,,,,,,,,,,,,,,,,,
Enchanted,Taylor Swift,1,2010,1,1,4564,16,621660989.0,24,101,113,0,40,164,G#,Major,45,24,62,8,0,16,3,4943,125765.9293951042,34,20244d07-534f-4eff-b4d4-930878889970,Taylor Swift,Taylor Swift,United States,United States,pop; country; electropop; female vocals; dance-pop; pop rock; country pop; contemporary country; teen pop; top 40; country-pop; taylor-swift; singer/songwriter; fixme label mess; hp,country; pop; female vocalists; singer-songwriter; acoustic; taylor swift; country pop; american; seen live; female; pop rock; female vocalist; Love; 00s; contemporary country; USA; beautiful; folk; pop country; modern country; guilty pleasure; rock; amazing; taylor; world; chill; chillout; 3; World Music; sunflower; Skitz0rz; uitluisteren artist; holloween skitz0rz; fav888; my dance room; teen pop; <3; cute; Awesome; sweet; synthpop; Favorite; Female country; legend; talented; love story; 2000s; lovely,2203262.0,171760219.0,False,,,,,,,,,,,,,,,,,
Save Your Tears,The Weeknd,1,2020,3,20,12688,13,1591223784.0,197,115,112,0,200,118,,Major,68,61,82,2,0,50,3,1212,1312890.9108910891,22,c8b03190-306c-4120-bb0b-6f2ebfc06ea9,The Weeknd,The Weeknd,Canada,Canada,rnb; r&b; pbr&b,rnb; electronic; dubstep; Canadian; prog-rnb,1273725.0,77088337.0,False,,,,,,,,,,,,,,,,,
Sure Thing,Miguel,1,2010,5,25,13801,19,950906471.0,137,125,435,6,285,81,B,Minor,68,51,60,3,0,19,10,4799,198146.79537403627,1,285e1285-aecc-478f-a8da-0c8cf69e1217,Miguel,Miguel,United States,Finland; United States,pop; neo soul; r&b; contemporary r&b,rnb; soul; r&b; Hip-Hop; seen live; pop; miguel; male vocalists; hip hop; Neo-Soul; funk; american; Neo Soul; alternative rnb; rock; rap; California; los angeles; contemporary r&b; sexy; 10s; Tonio Anthony; electronic; Love; my favorite track; alternative; dance; swing; smooth; r and b; finnish; rhythm and blues; 00s; english; 2010; 2010s; san pedro; us; r'n'b; All; contemporary rnb; r n b; prog-rnb; pbrnb; merk; Contemporary Rhythm and Blues; indie rnb; foot fetish; 2 times; alternative rhythm and blues,791346.0,13711289.0,False,,,,,,,,,,,,,,,,,
Sure Thing,Miguel,1,2010,5,25,13801,19,950906471.0,137,125,435,6,285,81,B,Minor,68,51,60,3,0,19,10,4799,198146.79537403627,1,a6815a78-e108-4c44-a298-100cdd23aabf,Miguel,,Spain,,,,,,False,,,,,,,,,,,,,,,,,
Sure Thing,Miguel,1,2010,5,25,13801,19,950906471.0,137,125,435,6,285,81,B,Minor,68,51,60,3,0,19,10,4799,198146.79537403627,1,2b1c2e74-a89a-4c21-86ec-d25dbc99d07e,Miguel,,,,,,,,False,,,,,,,,,,,,,,,,,
Sure Thing,Miguel,1,2010,5,25,13801,19,950906471.0,137,125,435,6,285,81,B,Minor,68,51,60,3,0,19,10,4799,198146.79537403627,1,c588e61f-73cc-419d-a87d-97096af8e6db,Miguel,,Australia,,,,,,False,,,,,,,,,,,,,,,,,
Sure Thing,Miguel,1,2010,5,25,13801,19,950906471.0,137,125,435,6,285,81,B,Minor,68,51,60,3,0,19,10,4799,198146.79537403627,1,c37555ac-458e-439e-9853-448678bd0816,Miguel,,,,,,,,False,,,,,,,,,,,,,,,,,
Sure Thing,Miguel,1,2010,5,25,13801,19,950906471.0,137,125,435,6,285,81,B,Minor,68,51,60,3,0,19,10,4799,198146.79537403627,1,d4e391e5-2a5f-4272-9e6c-c671d26ed4e9,Miguel,,,,,,,,False,,,,,,,,,,,,,,,,,
Sure Thing,Miguel,1,2010,5,25,13801,19,950906471.0,137,125,435,6,285,81,B,Minor,68,51,60,3,0,19,10,4799,198146.79537403627,1,b7db83c6-6ccc-490b-887f-edafd0949e61,Miguel,,Spain,Finland; United States,,,,,False,,,,,,,,,,,,,,,,,
Sure Thing,Miguel,1,2010,5,25,13801,19,950906471.0,137,125,435,6,285,81,B,Minor,68,51,60,3,0,19,10,4799,198146.79537403627,1,1f381ad5-0213-4184-9ffd-82f89edfd487,Miguel,,,Finland; United States,,,,,False,,,,,,,,,,,,,,,,,
Sure Thing,Miguel,1,2010,5,25,13801,19,950906471.0,137,125,435,6,285,81,B,Minor,68,51,60,3,0,19,10,4799,198146.79537403627,1,3668a1f3-b7be-4125-bd66-87b2c4d57075,Miguel,,,Finland; United States,,,,,False,,,,,,,,,,,,,,,,,
Every Breath You Take - Remastered 2003,The Police,1,1983,1,6,22439,19,1593270737.0,211,74,929,0,129,117,C#,Major,82,73,45,54,0,7,3,14800,107653.42817567568,1,9e0e2b01-41db-4008-bd8b-988977d6019a,The Police,The Police,United Kingdom,,rock; punk rock; british; post-punk; new wave; uk; power pop; alternative; pop rock; english; england; the police; classic pop and rock; pop/rock; pop reggae,rock; classic rock; 80s; new wave; pop,2274662.0,44685580.0,False,23487.0,The Police,75.0,0.56,0.813,253887.0,0.46,0.0105,C#,0.0724,-9.78,Major,0.0346,117.387,4-Apr,0.7290000000000001,Rock
The Night We Met,Lord Huron,1,2015,2,2,18515,35,1410088830.0,70,82,939,1,162,174,D,Major,45,10,37,97,25,64,4,3085,457079.03727714746,1,51c76d97-0635-433c-b26d-66beb81657f8,Lord Huron,Lord Huron,United States,United States,indie rock; indie folk,folk; seen live; psychedelic; indie; indie pop; lionkingcore; indie folk; american; singer-songwriter; male vocalists; tropical; pop; rock; USA; los angeles; 10s; Michigan; alternative; California; All; experimental; indie rock; folk-pop; psychedelic pop; folk rock; classic rock; electronic; rockabilly; country; alternative rock; Surf; sad; solo; acoustic; baroque pop; london; Dreamy; seenlive; Like; Discovery; tribal; psychedelic folk; singer songwriter; surf rock; Alternative Folk; 00's; 2011; Grey's Anatomy; check out; reverb; best of 2010; best lyrics; 2012; fresh; radio paradise; radioparadise; favs; to check out; geotagged; United States; geohash:9q5ctns; geohash:9q5ctnsgxk11; geohash:dpegn8md8ezu; okemos; wanderlust; listen; best of 2013; singable; luisterpaal; listen later; BIRP; -; All-Time Favorites; indie folk pop; bands i've seen live; hairy chest; 000; psycho-folk; :To listen to again later:; los angeles CA; yy; stomp clap; seen live - small venue; seen live - once; seen live more than twice; indi folk; to listen for jan; -malanhoern; best male voices ever; mark barry; Brett Farkas; Karl Kerfoot; Tom Renaud; ben schneider; peter mowry; Miguel Briseno; second look; post-modern surf; merman pop; pleased to meet you,453403.0,7882380.0,False,,,,,,,,,,,,,,,,,
We Found Love,"Rihanna, Calvin Harris",2,2011,1,1,36843,21,1235005533.0,321,91,"4,607",1,58,128,C#,Major,73,60,77,3,0,11,4,4578,269769.6664482307,1,,,,,,,,,,,,,,,,,,,,,,,,,,,
When I Was Your Man,Bruno Mars,1,2012,12,5,2420,11,1661187319.0,0,0,806,0,0,145,,Major,60,43,27,94,0,14,4,3874,428804.1608156944,4,afb680f2-b6eb-4cd7-a70b-a63b25c763d5,Bruno Mars,Bruno Mars,United States,United States,rock; pop; new wave; funk; soul; pop rock; pop soul; r&b; contemporary r&b; synth funk; a filk artist,pop; rnb; male vocalists; r&b; slow jams; Bruno Mars; soul; american; singer-songwriter; seen live; funk; reggae; Hip-Hop; indie; romantic; rock; bruno; hip hop; USA; pop rock; alternative; male vocalist; blues; dance; rhythm and blues; hawaii; 2010s; sexy; soft rock; Grenade; folk; acoustic; english; Hawaiian; r'n'b,1841782.0,54224967.0,False,,,,,,,,,,,,,,,,,
Let Me Down Slowly,Alec Benjamin,1,2018,5,25,5897,19,1374581173.0,0,0,885,0,0,150,C#,Minor,65,51,55,73,0,14,3,1877,732328.8082045817,1,21a14ee3-cede-420a-9d6d-a33517d2f952,Alec Benjamin,Alec Benjamin,,,pop,,105484.0,1255222.0,False,,,,,,,,,,,,,,,,,
"Am I Dreaming (Metro Boomin & A$AP Rocky, Roisee)","A$AP Rocky, Metro Boomin, Roisee",3,2023,6,2,727,16,94186466.0,17,60,28,1,44,90,A,Minor,60,13,53,4,0,21,4,43,2190382.930232558,1,,,,,,,,,,,,,,,,,,,,,,,,,,,
Do I Wanna Know?,Arctic Monkeys,1,2013,1,1,33783,26,1788326445.0,133,92,"2,733",1,26,85,F,Major,55,42,53,17,0,22,3,3847,464862.60592669615,4,ada7a83c-e3e1-40f1-93f9-3e73dbc9298a,Arctic Monkeys,Arctic Monkeys,United Kingdom,United Kingdom,alternative rock; british; uk; britannique; 2007; indie rock; indie; psychedelic pop; garage rock revival; post-punk revival; neo-psychedelia; english; domino; rock and indie,indie rock; indie; british; rock; alternative; seen live; alternative rock; britpop; arctic monkeys; Garage Rock; UK; brit rock; post-punk; 00s; Post-punk revival; Sheffield; punk; male vocalists; Britrock; pop; british rock; england; english; indie pop; want to see live; garage rock revival; punk rock; Psychedelic Rock,3501680.0,332306552.0,False,,,,,,,,,,,,,,,,,
Demons,Imagine Dragons,1,2012,1,1,26694,13,1840364617.0,65,82,"3,425",4,13,180,D#,Major,33,38,71,20,0,28,5,4213,436829.9589366248,3,012151a8-0f9a-44c9-997f-ebd68b5389f9,Imagine Dragons,Imagine Dragons,United States,United States,pop; alternative rock; indie pop; pop rock; indietronica,indie; indie rock; alternative; rock; indie pop; seen live; alternative rock; american; pop; male vocalists; pop rock; IMAGINE DRAGONS; electronic; USA; las vegas; electronic rock; 2010s; folk; new wave; Nevada; 10s; Pop-Rock; United States,1661600.0,81715914.0,False,,,,,,,,,,,,,,,,,
ýýýýýýýýýýýý,YOASOBI,1,2023,4,12,356,16,143573775.0,35,102,8,1,117,166,C#,Major,57,84,94,11,0,37,9,94,1527380.585106383,1,,,,,,,,,,,,,,,,,,,,,,,,,,,
Reminder,The Weeknd,1,2016,11,25,6518,17,684675814.0,45,85,238,1,47,160,G#,Major,71,40,50,16,0,16,22,2423,282573.59224102355,22,c8b03190-306c-4120-bb0b-6f2ebfc06ea9,The Weeknd,The Weeknd,Canada,Canada,rnb; r&b; pbr&b,rnb; electronic; dubstep; Canadian; prog-rnb,1273725.0,77088337.0,False,,,,,,,,,,,,,,,,,
Shake It Off,Taylor Swift,1,2014,1,1,21335,13,1113838873.0,328,70,"1,378",9,20,160,G,Major,65,95,80,5,0,41,16,3482,319884.79982768523,34,20244d07-534f-4eff-b4d4-930878889970,Taylor Swift,Taylor Swift,United States,United States,pop; country; electropop; female vocals; dance-pop; pop rock; country pop; contemporary country; teen pop; top 40; country-pop; taylor-swift; singer/songwriter; fixme label mess; hp,country; pop; female vocalists; singer-songwriter; acoustic; taylor swift; country pop; american; seen live; female; pop rock; female vocalist; Love; 00s; contemporary country; USA; beautiful; folk; pop country; modern country; guilty pleasure; rock; amazing; taylor; world; chill; chillout; 3; World Music; sunflower; Skitz0rz; uitluisteren artist; holloween skitz0rz; fav888; my dance room; teen pop; <3; cute; Awesome; sweet; synthpop; Favorite; Female country; legend; talented; love story; 2000s; lovely,2203262.0,171760219.0,False,,,,,,,,,,,,,,,,,
Why'd You Only Call Me When You're High?,Arctic Monkeys,1,2013,1,1,23389,29,1267333350.0,54,70,"1,089",2,1,92,D,Major,70,81,63,4,0,8,4,3847,329434.1954769951,4,ada7a83c-e3e1-40f1-93f9-3e73dbc9298a,Arctic Monkeys,Arctic Monkeys,United Kingdom,United Kingdom,alternative rock; british; uk; britannique; 2007; indie rock; indie; psychedelic pop; garage rock revival; post-punk revival; neo-psychedelia; english; domino; rock and indie,indie rock; indie; british; rock; alternative; seen live; alternative rock; britpop; arctic monkeys; Garage Rock; UK; brit rock; post-punk; 00s; Post-punk revival; Sheffield; punk; male vocalists; Britrock; pop; british rock; england; english; indie pop; want to see live; garage rock revival; punk rock; Psychedelic Rock,3501680.0,332306552.0,False,,,,,,,,,,,,,,,,,
SNAP,Rosa Linn,1,2022,3,19,3202,18,726307468.0,148,80,226,24,0,170,,Major,56,53,64,11,0,45,6,483,1503742.1697722566,2,,,,,,,,,,,,,,,,,,,,,,,,,,,
Shape of You,Ed Sheeran,1,2017,1,6,32181,10,3562543890.0,33,0,"6,808",7,0,96,C#,Minor,83,93,65,58,0,9,8,2381,1496238.5090298194,9,b8a7c51f-362c-4dcb-a259-bc6e0095f0a6,Ed Sheeran,Ed Sheeran,United Kingdom,United Kingdom,pop; guitarist; folk; uk; singer; dance-pop; pop rap; folk pop; rapper; pop soul; singer/songwriter; ed sheeran does not make sillyname tracks ಠ_ಠ,acoustic; british; singer-songwriter; easy-listening; Grime; pop; seen live; male vocalists; indie; folk; alternative; Ed Sheeran; Hip-Hop; rock; UK; soul; indie pop; indie folk; english; england; overrated; pop rock; male vocalist; folk pop; Love; guitar; rap; cute; folk rock; suffolk; chillout; Mellow; 00s; Acoustic Rock; 10s; ed; fucking AMAZINGGGGGGGGGGGGGGGGGGGGGGGGGGGGGGGGGGGGGGGGGGGGGGGGGGGGGGGGGGGGGGGGGGGGGGGGGGGGGGGGGGGGGGGGGGGGGGGGGGGGGGGGGg; Soundtrack; easy listening; romantic; amazing; Alternative Folk; love at first listen; want to see live; All; ginger,1620379.0,85083256.0,False,,,,,,,,,,,,,,,,,
Shape of You,Ed Sheeran,1,2017,1,6,32181,10,3562543890.0,33,0,"6,808",7,0,96,C#,Minor,83,93,65,58,0,9,8,2381,1496238.5090298194,9,3bca1168-e7c6-4beb-9af9-db9dc674b1fa,Ed Sheeran,,United Kingdom,United Kingdom,wrong-one,,,,False,,,,,,,,,,,,,,,,,
Night Changes,One Direction,1,2014,11,17,7124,18,1131090940.0,60,20,2,0,,120,G#,Major,67,40,52,86,0,12,4,3162,357713.7697659709,1,1a425bbd-cca4-4b2c-aeb7-71cb176c828a,One Direction,One Direction,United Kingdom,Ireland; United Kingdom; United States,pop; power pop; dance-pop; pop rock; folk pop; boy band,pop; british; one direction; boyband; X factor; pop rock; dance; male vocalists; rock; seen live; electronic; rnb; 1d; teen pop; harry styles; irish; Brutal Death Metal; niall horan; UK; shit; boybands; liam payne; gay; cute; Awesome; terrible; the worst thing ever to happen to music; louis tomlinson; zayn malik; sexy; guilty pleasure; overrated; <3; britpop; boy band; X-Factor; white music for white people; black metal; Love; amazing; love at first listen; talentless; cant sing; Hitler; Adolf Hitler; simon cowell; brown music for pink people; racism in music sucks; Reincarnation of Hitler; bonehead; heil hitler; worse than hitler; white powder; anticommunist; brutal nazi scumcore with fascist influence and guest vocalist adolf hitler; white powercore; nazi kircore; anal music for anal people; nazi scumcore; my brother became nazi fucking scum after listening to this; nazi fucking scum; only cocksuckers can listen to this shit; Gay Metal; liam; x factor crap; dance-pop; powerpop; english; 10s; Officially Shit; nsbm; guys I would fuck; xfactor; zayn; what makes you beautiful; power pop; beautiful; england; american; hot; Favorite; boys; awful; boy bands; Harry; teen; cher lloyd; Little Things; one thing; camryn; Fifth Harmony; acoustic; soft rock; Crap; perfect; Girl Groups; United Kingdom; national socialist black metal; Louis; music to listen while pederasting,1051806.0,65624657.0,False,,,,,,,,,,,,,,,,,
Fin de Semana,"Oscar Maydon, Junior H",2,2023,1,13,592,14,307370144.0,11,84,6,1,30,98,,Major,70,37,54,6,0,9,8,183,1679618.2732240437,1,,,,,,,,,,,,,,,,,,,,,,,,,,,
Creep,Radiohead,1,1992,9,21,36724,7,1271293243.0,146,72,"6,807",5,80,92,G,Major,53,12,34,1,0,12,4,11254,112963.6789585925,1,a74b1b7f-71a5-4011-9441-d0b5e4122711,Radiohead,Radiohead,United Kingdom,United Kingdom,rock; electronic; alternative rock; british; grunge; uk; britannique; britpop; art rock; experimental rock; english; chamber pop; parlophone; england; melancholic; oxford; bootleg; rock and indie; c’était mieux avant; art pop; nude; sacred cows,alternative; alternative rock; rock; indie; electronic; seen live; british; britpop; indie rock; experimental; radiohead; Progressive rock; 90s; art rock; electronica; Experimental Rock; post-rock; UK; psychedelic; pop; ambient; favorites; overrated; melancholic; Progressive; 00s; male vocalists; Awesome; english; chillout; beautiful; genius; indie pop; trip-hop; melancholy; classic rock; emo; idm; better than radiohead,4732528.0,499548797.0,False,,,,,,,,,,,,,,,,,
Car's Outside,James Arthur,1,2019,10,18,794,10,265882712.0,38,25,61,0,263,150,A,Major,34,24,56,4,0,11,3,1366,194643.2737920937,2,56f62fe8-d3a0-46e0-b5df-a64a8b4b4274,James Arthur,James Arthur,United Kingdom,United Kingdom,pop; pop soul,pop; british; indie; acoustic; X factor; male vocalists; alternative; seen live; indie pop; singer-songwriter; rock; english; UK; male vocalist; United Kingdom; All; X-Factor; cant sing; x factor crap; male; soul; instrumental; pop rock; britpop; england; genius; Garage Rock; garage; Singer/Songwriter; Love it; <3; impossible; winner; the worst thing ever to happen to music; loved artists; swag; simply the best; Song Writer; Acoutic; upd; The X Factor;  ; excuse me while i replay this a thousand more times; not k-pop; x factor 2012; kksi; zermatt unplugged 2014; James Arthur; saltburn; X Factor UK; inpossible; staracademy; Your beast,483772.0,7762201.0,False,,,,,,,,,,,,,,,,,
Car's Outside,James Arthur,1,2019,10,18,794,10,265882712.0,38,25,61,0,263,150,A,Major,34,24,56,4,0,11,3,1366,194643.2737920937,2,c9ac122e-453c-42ec-b6e5-2e7dbc115520,James Arthur,,United States,,,,,,False,,,,,,,,,,,,,,,,,
Apocalypse,Cigarettes After Sex,1,2017,3,21,13091,17,841749534.0,61,96,790,2,116,94,F,Major,37,17,47,2,46,11,3,2307,364867.59167750325,1,34557d8f-ee4a-44ab-ae6e-49bb8ac604d0,Cigarettes After Sex,Cigarettes After Sex,United States,United States,,dream pop; shoegaze; seen live; slowcore; Lo-Fi; ambient pop; indie; pop; indie pop; USA; bedroomcore; alternative; ambient; american; dreampop; atmospheric; 10s; el paso; United States; rock; soul; new york; indie rock; sad; sadcore; Brooklyn; smooth; NYC; ethereal; darkwave; male vocalists; texas; live gesehen; Neo Soul; boring; soul pop; All; to listen to; showgaze; oon kayny kattomassa; unitedstates; oke; North American; us american; h0t; special-bands; sochilounge; shoegaze ; bedrommcore; my wedding artists; sexo puro; el paso indie,237429.0,6948189.0,False,,,,,,,,,,,,,,,,,
Cheques,Shubh,1,2023,5,19,67,8,47956378.0,7,10,0,0,57,90,E,Minor,74,36,63,26,0,27,5,57,841339.9649122807,1,,,,,,,,,,,,,,,,,,,,,,,,,,,
Pink + White,Frank Ocean,1,2016,8,20,21574,30,806397070.0,112,68,266,1,39,160,A,Major,54,54,55,67,0,42,11,2520,319998.8373015873,2,e520459c-dff4-491d-a6e4-c97be35e0044,Frank Ocean,Frank Ocean,United States,United States,rnb; contemporary r&b,rnb; soul; Hip-Hop; r&b; ofwgkta; Neo-Soul; seen live; alternative rnb; hip hop; american; male vocalists; pop; contemporary r&b; swag; Frank Ocean; Neo Soul; singer-songwriter; contemporary rnb; rap; California; alternative hip-hop; alternative; indie; odd future; electronic; New Orleans; rhythm and blues; queer; 10s; prog-rnb; r'n'b; experimental; USA; funk; bluegrass; slow jams; louisiana; pbrnb; underground hip-hop; art pop; indie rnb; fucking swag; electronica; electropop; gay; 2010s; rhythm & blues; tyler the creator,1205614.0,78738658.0,False,36998.0,Frank Ocean,77.0,0.67,0.544,184516.0,0.552,4.57e-05,A,0.415,-7.45,Major,0.0991,159.738,3-Apr,0.5539999999999999,Rap
Circles,Post Malone,1,2019,8,30,19664,16,2132335812.0,391,73,633,3,37,120,,Major,70,59,75,24,0,9,4,1415,1506951.1038869258,3,b1e26560-60e5-4236-bbdb-9aa5a8d5ee19,Post Malone,Post Malone,United States,,,,565958.0,25657627.0,False,,,,,,,,,,,,,,,,,
Just The Way You Are,Bruno Mars,1,2010,1,1,21106,13,1641426668.0,82,0,"2,946",0,0,109,F,Major,63,46,85,1,0,9,5,4943,332070.94234270684,4,afb680f2-b6eb-4cd7-a70b-a63b25c763d5,Bruno Mars,Bruno Mars,United States,United States,rock; pop; new wave; funk; soul; pop rock; pop soul; r&b; contemporary r&b; synth funk; a filk artist,pop; rnb; male vocalists; r&b; slow jams; Bruno Mars; soul; american; singer-songwriter; seen live; funk; reggae; Hip-Hop; indie; romantic; rock; bruno; hip hop; USA; pop rock; alternative; male vocalist; blues; dance; rhythm and blues; hawaii; 2010s; sexy; soft rock; Grenade; folk; acoustic; english; Hawaiian; r'n'b,1841782.0,54224967.0,False,,,,,,,,,,,,,,,,,
Take Me To Church,Hozier,1,2013,9,13,23804,31,2135158446.0,187,99,"4,623",1,0,129,E,Minor,57,41,66,63,0,12,5,3592,594420.5027839644,1,b4691384-50c3-4afd-9988-51d3ec5db65d,Hozier,Hozier,Ireland,Ireland,blues; indie rock; soul; blues rock; chamber pop; pop soul,blues; indie; soul; singer-songwriter; irish; seen live; indie rock; rock; alternative; folk; male vocalists; ireland; pop; blues rock; indie folk; gospel; chamber pop; pop soul; acoustic; indie pop; 10s; Folk Blues; soul rock; Hozier; Indie-Rock; folk rock; Europop; 2014; acoustic blues; All; bray,890930.0,22980157.0,False,,,,,,,,,,,,,,,,,
Bebe Dame,"Fuerza Regida, Grupo Frontera",2,2022,12,16,849,22,367316268.0,27,129,21,7,111,157,G,Major,54,75,60,30,0,7,5,211,1740835.393364929,1,,,,,,,,,,,,,,,,,,,,,,,,,,,
You Belong With Me (Taylorï¿½ï¿½ï¿½s Ve,Taylor Swift,1,2021,4,9,2619,12,350381515.0,47,90,1,0,7,130,F#,Major,63,49,73,5,0,9,3,827,423677.76904474,34,20244d07-534f-4eff-b4d4-930878889970,Taylor Swift,Taylor Swift,United States,United States,pop; country; electropop; female vocals; dance-pop; pop rock; country pop; contemporary country; teen pop; top 40; country-pop; taylor-swift; singer/songwriter; fixme label mess; hp,country; pop; female vocalists; singer-songwriter; acoustic; taylor swift; country pop; american; seen live; female; pop rock; female vocalist; Love; 00s; contemporary country; USA; beautiful; folk; pop country; modern country; guilty pleasure; rock; amazing; taylor; world; chill; chillout; 3; World Music; sunflower; Skitz0rz; uitluisteren artist; holloween skitz0rz; fav888; my dance room; teen pop; <3; cute; Awesome; sweet; synthpop; Favorite; Female country; legend; talented; love story; 2000s; lovely,2203262.0,171760219.0,False,,,,,,,,,,,,,,,,,
Titi Me Preguntï¿,Bad Bunny,1,2022,5,6,9037,42,1264310836.0,124,133,139,14,166,107,F,Minor,65,19,72,10,0,13,25,435,2906461.691954023,19,89aa5ecb-59ad-46f5-b3eb-2d424e941f19,Bad Bunny,Bad Bunny,United States,,hip hop; latin urban; latin trap,,136813.0,2292156.0,False,,,,,,,,,,,,,,,,,
Better Than Revenge (Taylor's Version),Taylor Swift,1,2023,7,7,86,11,30343206.0,3,33,3,0,1,146,B,Minor,50,67,89,0,0,19,8,8,3792900.75,34,20244d07-534f-4eff-b4d4-930878889970,Taylor Swift,Taylor Swift,United States,United States,pop; country; electropop; female vocals; dance-pop; pop rock; country pop; contemporary country; teen pop; top 40; country-pop; taylor-swift; singer/songwriter; fixme label mess; hp,country; pop; female vocalists; singer-songwriter; acoustic; taylor swift; country pop; american; seen live; female; pop rock; female vocalist; Love; 00s; contemporary country; USA; beautiful; folk; pop country; modern country; guilty pleasure; rock; amazing; taylor; world; chill; chillout; 3; World Music; sunflower; Skitz0rz; uitluisteren artist; holloween skitz0rz; fav888; my dance room; teen pop; <3; cute; Awesome; sweet; synthpop; Favorite; Female country; legend; talented; love story; 2000s; lovely,2203262.0,171760219.0,False,,,,,,,,,,,,,,,,,
Shut up My Moms Calling,Hotel Ugly,1,2020,2,10,1788,14,405136812.0,1,50,19,0,19,139,A,Minor,48,37,41,32,0,10,10,1251,323850.36930455634,2,,,,,,,,,,,,,,,,,,,,,,,,,,,
Have You Ever Seen The Rain?,Creedence Clearwater Revival,1,1968,7,1,15890,14,1145727611.0,71,37,653,0,167,116,,Major,74,76,70,7,0,13,3,20102,56995.70246741618,1,109958eb-a335-4c5e-907e-597ff4c6af46,Creedence Clearwater Revival,Creedence Clearwater Revival,United States,United States,rock; american; 60s; folk rock; blues rock; country rock; southern rock; classic rock; rock and roll; roots rock; swamp rock; classic pop and rock; rock & roll,classic rock; rock; Southern Rock; 60s; folk; blues; Rock and Roll; blues rock; oldies; american; 70s; country rock; folk rock; creedence clearwater revival; swamp rock; country; roots rock; CCR; rock n roll; USA; hard rock; California; classic; male vocalists; americana; Creedence; indie,2362780.0,59206227.0,False,,,,,,,,,,,,,,,,,
Es un Secreto,Plan B,1,2010,7,20,492,36,540654286.0,4,3,19,0,0,95,F#,Minor,84,52,77,12,0,7,4,4743,113989.94012228548,1,17b96086-e99d-4f56-8a1f-5f27a341f500,Plan B,Plan B,Germany,Germany; United Kingdom,,Hip-Hop; british; Grime; rap; hip hop; seen live; soul; Reggaeton; acoustic; UK hip-hop; pop; UK; indie; alternative; UK hip hop; dubstep; electronic; rock; Drum and bass; german; male vocalists; british-garage; london; british rap; punk; experimental; Deutschrap; rnb; brit-hop; english; electronica; jazz; britpop; latin; Retro; alternative hip-hop; plan b; indie pop; indie rock; singer-songwriter; funk; england; dnb; live; british soul; indie soul; Acoustic rap,611937.0,10232094.0,True,,,,,,,,,,,,,,,,,
Es un Secreto,Plan B,1,2010,7,20,492,36,540654286.0,4,3,19,0,0,95,F#,Minor,84,52,77,12,0,7,4,4743,113989.94012228548,1,daf84e36-f78e-4c94-a032-6aed138c0d34,Plan B,Plan B,United Kingdom,Germany; United Kingdom,hip-hop; british; uk; hiphop; rapper; hip hop rnb and dance hall; pop soul; uk hip hop,Hip-Hop; british; Grime; rap; hip hop; seen live; soul; Reggaeton; acoustic; UK hip-hop; pop; UK; indie; alternative; UK hip hop; dubstep; electronic; rock; Drum and bass; german; male vocalists; british-garage; london; british rap; punk; experimental; Deutschrap; rnb; brit-hop; english; electronica; jazz; britpop; latin; Retro; alternative hip-hop; plan b; indie pop; indie rock; singer-songwriter; funk; england; dnb; live; british soul; indie soul; Acoustic rap,611937.0,10232094.0,True,,,,,,,,,,,,,,,,,
Es un Secreto,Plan B,1,2010,7,20,492,36,540654286.0,4,3,19,0,0,95,F#,Minor,84,52,77,12,0,7,4,4743,113989.94012228548,1,d56ff6b5-7b90-4662-8222-a75ff86a6bc3,Plan B,Plan B,United Kingdom,Germany; United Kingdom,,Hip-Hop; british; Grime; rap; hip hop; seen live; soul; Reggaeton; acoustic; UK hip-hop; pop; UK; indie; alternative; UK hip hop; dubstep; electronic; rock; Drum and bass; german; male vocalists; british-garage; london; british rap; punk; experimental; Deutschrap; rnb; brit-hop; english; electronica; jazz; britpop; latin; Retro; alternative hip-hop; plan b; indie pop; indie rock; singer-songwriter; funk; england; dnb; live; british soul; indie soul; Acoustic rap,611937.0,10232094.0,True,,,,,,,,,,,,,,,,,
Es un Secreto,Plan B,1,2010,7,20,492,36,540654286.0,4,3,19,0,0,95,F#,Minor,84,52,77,12,0,7,4,4743,113989.94012228548,1,e3e7a076-ee69-4f19-84db-d092f7e38e40,Plan B,Plan B,United States,Germany; United Kingdom,latin; reggaeton; latin urban,Hip-Hop; british; Grime; rap; hip hop; seen live; soul; Reggaeton; acoustic; UK hip-hop; pop; UK; indie; alternative; UK hip hop; dubstep; electronic; rock; Drum and bass; german; male vocalists; british-garage; london; british rap; punk; experimental; Deutschrap; rnb; brit-hop; english; electronica; jazz; britpop; latin; Retro; alternative hip-hop; plan b; indie pop; indie rock; singer-songwriter; funk; england; dnb; live; british soul; indie soul; Acoustic rap,611937.0,10232094.0,True,,,,,,,,,,,,,,,,,
Es un Secreto,Plan B,1,2010,7,20,492,36,540654286.0,4,3,19,0,0,95,F#,Minor,84,52,77,12,0,7,4,4743,113989.94012228548,1,b5259712-3a01-4d11-b190-760c23339539,Plan B,Plan B,United States,Germany; United Kingdom,,Hip-Hop; british; Grime; rap; hip hop; seen live; soul; Reggaeton; acoustic; UK hip-hop; pop; UK; indie; alternative; UK hip hop; dubstep; electronic; rock; Drum and bass; german; male vocalists; british-garage; london; british rap; punk; experimental; Deutschrap; rnb; brit-hop; english; electronica; jazz; britpop; latin; Retro; alternative hip-hop; plan b; indie pop; indie rock; singer-songwriter; funk; england; dnb; live; british soul; indie soul; Acoustic rap,611937.0,10232094.0,True,,,,,,,,,,,,,,,,,
Es un Secreto,Plan B,1,2010,7,20,492,36,540654286.0,4,3,19,0,0,95,F#,Minor,84,52,77,12,0,7,4,4743,113989.94012228548,1,731ae1b0-8ea2-4d7a-ac70-d4abdae1d3bb,Plan B,Plan B,Germany,Germany; United Kingdom,,Hip-Hop; british; Grime; rap; hip hop; seen live; soul; Reggaeton; acoustic; UK hip-hop; pop; UK; indie; alternative; UK hip hop; dubstep; electronic; rock; Drum and bass; german; male vocalists; british-garage; london; british rap; punk; experimental; Deutschrap; rnb; brit-hop; english; electronica; jazz; britpop; latin; Retro; alternative hip-hop; plan b; indie pop; indie rock; singer-songwriter; funk; england; dnb; live; british soul; indie soul; Acoustic rap,611937.0,10232094.0,True,,,,,,,,,,,,,,,,,
Es un Secreto,Plan B,1,2010,7,20,492,36,540654286.0,4,3,19,0,0,95,F#,Minor,84,52,77,12,0,7,4,4743,113989.94012228548,1,14e037e1-222d-407d-b3ba-4d40f0c64d55,Plan B,Plan B,,Germany; United Kingdom,,Hip-Hop; british; Grime; rap; hip hop; seen live; soul; Reggaeton; acoustic; UK hip-hop; pop; UK; indie; alternative; UK hip hop; dubstep; electronic; rock; Drum and bass; german; male vocalists; british-garage; london; british rap; punk; experimental; Deutschrap; rnb; brit-hop; english; electronica; jazz; britpop; latin; Retro; alternative hip-hop; plan b; indie pop; indie rock; singer-songwriter; funk; england; dnb; live; british soul; indie soul; Acoustic rap,611937.0,10232094.0,True,,,,,,,,,,,,,,,,,
Es un Secreto,Plan B,1,2010,7,20,492,36,540654286.0,4,3,19,0,0,95,F#,Minor,84,52,77,12,0,7,4,4743,113989.94012228548,1,49e84f45-e1a3-4865-91ee-5c43ab6f26b4,Plan B,Plan B,Germany,Germany; United Kingdom,,Hip-Hop; british; Grime; rap; hip hop; seen live; soul; Reggaeton; acoustic; UK hip-hop; pop; UK; indie; alternative; UK hip hop; dubstep; electronic; rock; Drum and bass; german; male vocalists; british-garage; london; british rap; punk; experimental; Deutschrap; rnb; brit-hop; english; electronica; jazz; britpop; latin; Retro; alternative hip-hop; plan b; indie pop; indie rock; singer-songwriter; funk; england; dnb; live; british soul; indie soul; Acoustic rap,611937.0,10232094.0,True,,,,,,,,,,,,,,,,,
Es un Secreto,Plan B,1,2010,7,20,492,36,540654286.0,4,3,19,0,0,95,F#,Minor,84,52,77,12,0,7,4,4743,113989.94012228548,1,93d3a80f-28a8-4191-9efa-ceb9800ed964,Plan B,Plan B,Slovenia,Germany; United Kingdom,,Hip-Hop; british; Grime; rap; hip hop; seen live; soul; Reggaeton; acoustic; UK hip-hop; pop; UK; indie; alternative; UK hip hop; dubstep; electronic; rock; Drum and bass; german; male vocalists; british-garage; london; british rap; punk; experimental; Deutschrap; rnb; brit-hop; english; electronica; jazz; britpop; latin; Retro; alternative hip-hop; plan b; indie pop; indie rock; singer-songwriter; funk; england; dnb; live; british soul; indie soul; Acoustic rap,611937.0,10232094.0,True,,,,,,,,,,,,,,,,,
Es un Secreto,Plan B,1,2010,7,20,492,36,540654286.0,4,3,19,0,0,95,F#,Minor,84,52,77,12,0,7,4,4743,113989.94012228548,1,438adbfb-2840-4c82-ab77-aa8403b02cef,Plan B,,Poland,,,,,,False,,,,,,,,,,,,,,,,,
Es un Secreto,Plan B,1,2010,7,20,492,36,540654286.0,4,3,19,0,0,95,F#,Minor,84,52,77,12,0,7,4,4743,113989.94012228548,1,db7ff04f-63c9-4b0b-b944-c37c3307c6c2,Plan B,,,,,,,,False,,,,,,,,,,,,,,,,,
Es un Secreto,Plan B,1,2010,7,20,492,36,540654286.0,4,3,19,0,0,95,F#,Minor,84,52,77,12,0,7,4,4743,113989.94012228548,1,bb9f8816-c7e3-43d0-bc45-f39f6d63144b,Plan B,,,,,,,,False,,,,,,,,,,,,,,,,,
Es un Secreto,Plan B,1,2010,7,20,492,36,540654286.0,4,3,19,0,0,95,F#,Minor,84,52,77,12,0,7,4,4743,113989.94012228548,1,1130efd4-01cf-42ed-a9a6-eb4b97ab2edb,Plan B,,United States,,,,,,False,,,,,,,,,,,,,,,,,
Es un Secreto,Plan B,1,2010,7,20,492,36,540654286.0,4,3,19,0,0,95,F#,Minor,84,52,77,12,0,7,4,4743,113989.94012228548,1,252314c9-1eb6-488d-812e-19a7a6cff38d,Plan B,,,,,,,,False,,,,,,,,,,,,,,,,,
Es un Secreto,Plan B,1,2010,7,20,492,36,540654286.0,4,3,19,0,0,95,F#,Minor,84,52,77,12,0,7,4,4743,113989.94012228548,1,b4e6c3bb-1047-4c92-ac4f-863b8c4854e6,Plan B,,,,,,,,False,,,,,,,,,,,,,,,,,
Es un Secreto,Plan B,1,2010,7,20,492,36,540654286.0,4,3,19,0,0,95,F#,Minor,84,52,77,12,0,7,4,4743,113989.94012228548,1,abf08d05-b6c8-4268-b0a6-6a8a28d31aa4,Plan B,,,,,,,,False,,,,,,,,,,,,,,,,,
Es un Secreto,Plan B,1,2010,7,20,492,36,540654286.0,4,3,19,0,0,95,F#,Minor,84,52,77,12,0,7,4,4743,113989.94012228548,1,3d724728-81e6-4c10-acb9-b867f9e41d45,Plan B,,,,,,,,False,,,,,,,,,,,,,,,,,
POLARIS - Remix,"Feid, Mora, Saiko, Quevedo",4,2023,6,8,773,33,57312735.0,20,46,21,8,99,170,G#,Minor,62,55,80,15,0,37,7,37,1548992.837837838,1,,,,,,,,,,,,,,,,,,,,,,,,,,,
Ditto,NewJeans,1,2022,12,19,1154,22,397582059.0,28,125,11,1,51,134,F#,Minor,81,18,64,3,0,10,11,208,1911452.2067307688,6,,,,,,,,,,,,,,,,,,,,,,,,,,,
Take On Me,a-ha,1,1984,10,19,44927,17,1479115056.0,34,0,"5,108",6,0,84,F#,Minor,57,86,90,2,0,9,5,14148,104545.87616624258,1,,,,,,,,,,,,,,,,,,,,,,,,,,,
"Annihilate (Spider-Man: Across the Spider-Verse) (Metro Boomin & Swae Lee, Lil Wayne, Offset)","Swae Lee, Lil Wayne, Offset, Metro Boomin",4,2023,6,2,551,4,86773632.0,13,46,20,1,10,146,B,Minor,61,20,48,21,0,12,6,43,2017991.441860465,1,,,,,,,,,,,,,,,,,,,,,,,,,,,
"Angel Pt 1 (feat. Jimin of BTS, JVKE & Muni Long)","Kodak Black, NLE Choppa, Muni Long, JVKE, Jimin",5,2023,5,1,577,14,133753727.0,22,18,15,1,0,74,A#,Minor,53,24,67,11,0,10,28,75,1783383.0266666666,1,,,,,,,,,,,,,,,,,,,,,,,,,,,
Acrï¿½ï¿½s,Shakira,1,2023,5,11,955,29,123124076.0,37,50,79,11,31,144,B,Major,75,35,48,84,0,10,12,65,1894216.553846154,1,bf24ca37-25f4-4e34-9aec-460b94364cfc,Shakira,Shakira,Colombia,Colombia; Spain,rock; pop; alternative; electropop; dance-pop; pop rock; latin pop; latin; colombian; merengue; classic pop and rock; barranquilla; atlantico,pop; latin; female vocalists; spanish; rock; Shakira; dance; singer-songwriter; sexy; Colombia; seen live; electronic; hot; legend; latin pop; amazing; experimental; hips; colombian; talented; beautiful; poet; catchy; Talented Ladies; 00s; 90s; acoustic; amazing voice; female; pop rock; latino; synth; Eighth Wonder Of The World; diva; Fierce; female vocalist; awesome vocal; Fusion; Love; wow; cantautor; grammy winner; andean; fun; yes; latina; amazing lyrics; genius; goddess; moves me inexplicably; alternative; Rock en Espanol; Latin Rock; favorites; español; world; Pop Latino; Espanol; english; musica latina; columbian; Pop-Rock; powerful; political,2346168.0,69004922.0,False,,,,,,,,,,,,,,,,,
Acrï¿½ï¿½s,Shakira,1,2023,5,11,955,29,123124076.0,37,50,79,11,31,144,B,Major,75,35,48,84,0,10,12,65,1894216.553846154,1,726cb350-d775-4e07-b006-898555f24b0d,Shakira,,Germany,Colombia; Spain,,,,,False,,,,,,,,,,,,,,,,,
AMG,"Natanael Cano, Gabito Ballesteros, Peso Pluma",3,2022,11,24,995,19,463564958.0,12,117,9,5,3,136,B,Minor,77,79,73,15,0,27,10,233,1989549.175965665,1,,,,,,,,,,,,,,,,,,,,,,,,,,,
"Phir Aur Kya Chahiye (From ""Zara Hatke Zara Bachke"")","Arijit Singh, Sachin-Jigar, Amitabha Bhattacharya",3,2023,5,15,178,6,64533040.0,6,71,1,0,31,100,E,Major,56,53,55,53,0,12,4,61,1057918.68852459,1,,,,,,,,,,,,,,,,,,,,,,,,,,,
S-Class,Stray Kids,1,2023,6,2,290,19,65496046.0,9,101,5,0,73,105,F,Minor,89,67,78,9,0,7,33,43,1523163.8604651163,2,142b343d-bf5a-428c-a64f-6d1a7566bbe9,Stray Kids,STRAY KIDS,South Korea,,,,28917.0,4070622.0,False,,,,,,,,,,,,,,,,,
Hits Different,Taylor Swift,1,2023,5,26,547,0,68616963.0,15,15,6,0,0,106,F,Major,67,24,78,15,0,30,4,50,1372339.26,34,20244d07-534f-4eff-b4d4-930878889970,Taylor Swift,Taylor Swift,United States,United States,pop; country; electropop; female vocals; dance-pop; pop rock; country pop; contemporary country; teen pop; top 40; country-pop; taylor-swift; singer/songwriter; fixme label mess; hp,country; pop; female vocalists; singer-songwriter; acoustic; taylor swift; country pop; american; seen live; female; pop rock; female vocalist; Love; 00s; contemporary country; USA; beautiful; folk; pop country; modern country; guilty pleasure; rock; amazing; taylor; world; chill; chillout; 3; World Music; sunflower; Skitz0rz; uitluisteren artist; holloween skitz0rz; fav888; my dance room; teen pop; <3; cute; Awesome; sweet; synthpop; Favorite; Female country; legend; talented; love story; 2000s; lovely,2203262.0,171760219.0,False,,,,,,,,,,,,,,,,,
Chanel,"Becky G, Peso Pluma",2,2023,3,30,681,10,161460990.0,15,92,21,2,26,132,D,Major,85,53,68,40,0,9,4,107,1508981.214953271,1,,,,,,,,,,,,,,,,,,,,,,,,,,,
Self Love (Spider-Man: Across the Spider-Verse) (Metro Boomin & Coi Leray),"Metro Boomin, Coi Leray",2,2023,6,2,332,5,70106975.0,18,41,5,0,19,120,A,Major,78,5,30,21,0,13,5,43,1630394.7674418604,1,,,,,,,,,,,,,,,,,,,,,,,,,,,
Area Codes,"Kaliii, Kaliii",2,2023,3,17,1197,13,113509496.0,44,34,25,1,171,155,C#,Major,82,51,39,2,0,9,49,120,945912.4666666668,1,,,,,,,,,,,,,,,,,,,,,,,,,,,
Abcdario,"Junior H, Eden Muï¿½ï",2,2023,5,13,262,5,89933133.0,8,60,4,1,109,129,G#,Major,70,42,43,78,0,11,3,63,1427510.0476190476,1,,,,,,,,,,,,,,,,,,,,,,,,,,,
Obsessed,"Abhijay Sharma, Riar Saab",2,2022,9,29,161,6,71007139.0,10,79,2,0,42,135,F,Minor,80,85,74,62,0,8,9,289,245699.4429065744,1,,,,,,,,,,,,,,,,,,,,,,,,,,,
Piï¿½ï¿½man Deï¿,"Semicenk, Doï¿½ï¿½u ",2,2023,6,2,185,3,43522589.0,5,6,4,1,33,98,A#,Minor,73,45,62,28,0,13,13,43,1012153.2325581396,1,,,,,,,,,,,,,,,,,,,,,,,,,,,
FLOWER,JISOO,1,2023,3,31,839,18,232896922.0,20,110,20,0,69,124,A,Minor,84,64,39,3,0,11,4,106,2197140.773584905,1,,,,,,,,,,,,,,,,,,,,,,,,,,,
"All The Way Live (Spider-Man: Across the Spider-Verse) (Metro Boomin & Future, Lil Uzi Vert)","Future, Lil Uzi Vert, Metro Boomin",3,2023,6,2,259,0,37126685.0,5,17,5,0,0,135,A,Minor,77,28,55,18,0,22,15,43,863411.2790697674,1,,,,,,,,,,,,,,,,,,,,,,,,,,,
Eyes Closed,Ed Sheeran,1,2023,3,23,2915,30,195576623.0,116,69,107,3,675,107,D,Major,78,39,53,30,0,11,6,114,1715584.4122807018,9,b8a7c51f-362c-4dcb-a259-bc6e0095f0a6,Ed Sheeran,Ed Sheeran,United Kingdom,United Kingdom,pop; guitarist; folk; uk; singer; dance-pop; pop rap; folk pop; rapper; pop soul; singer/songwriter; ed sheeran does not make sillyname tracks ಠ_ಠ,acoustic; british; singer-songwriter; easy-listening; Grime; pop; seen live; male vocalists; indie; folk; alternative; Ed Sheeran; Hip-Hop; rock; UK; soul; indie pop; indie folk; english; england; overrated; pop rock; male vocalist; folk pop; Love; guitar; rap; cute; folk rock; suffolk; chillout; Mellow; 00s; Acoustic Rock; 10s; ed; fucking AMAZINGGGGGGGGGGGGGGGGGGGGGGGGGGGGGGGGGGGGGGGGGGGGGGGGGGGGGGGGGGGGGGGGGGGGGGGGGGGGGGGGGGGGGGGGGGGGGGGGGGGGGGGGGg; Soundtrack; easy listening; romantic; amazing; Alternative Folk; love at first listen; want to see live; All; ginger,1620379.0,85083256.0,False,,,,,,,,,,,,,,,,,
Eyes Closed,Ed Sheeran,1,2023,3,23,2915,30,195576623.0,116,69,107,3,675,107,D,Major,78,39,53,30,0,11,6,114,1715584.4122807018,9,3bca1168-e7c6-4beb-9af9-db9dc674b1fa,Ed Sheeran,,United Kingdom,United Kingdom,wrong-one,,,,False,,,,,,,,,,,,,,,,,
Escapism.,"RAYE, 070 Shake",2,2022,10,12,5129,25,532336353.0,116,84,114,18,348,96,D,Major,54,25,74,14,0,9,11,276,1928754.902173913,2,,,,,,,,,,,,,,,,,,,,,,,,,,,
La Jumpa,"Arcangel, Bad Bunny",2,2022,11,30,3794,34,538115192.0,47,77,53,10,8,123,G#,Major,71,58,70,30,0,32,19,227,2370551.5066079297,1,,,,,,,,,,,,,,,,,,,,,,,,,,,
Karma (feat. Ice Spice),"Taylor Swift, Ice Spice",2,2023,5,26,588,0,46142772.0,23,21,31,0,0,90,G#,Major,62,7,62,6,0,58,6,50,922855.44,1,,,,,,,,,,,,,,,,,,,,,,,,,,,
Superhero (Heroes & Villains) [with Future & Chris Brown],"Future, Chris Brown, Metro Boomin",3,2022,12,2,2959,16,401036314.0,41,69,38,0,36,117,F,Minor,72,45,59,14,0,20,21,225,1782383.6177777778,1,,,,,,,,,,,,,,,,,,,,,,,,,,,
Las Morras,"BLESSD, Peso Pluma",2,2023,4,4,291,8,127026613.0,8,78,4,1,1,133,A,Minor,78,90,84,31,0,7,4,102,1245358.950980392,1,,,,,,,,,,,,,,,,,,,,,,,,,,,
CHORRITO PA LAS ANIMAS,Feid,1,2022,12,2,2321,36,345031710.0,29,65,34,5,3,96,G#,Minor,74,61,83,11,0,35,6,225,1533474.2666666666,8,eaee97f6-f2e4-414a-966c-f31a1fb4696a,Feid,Feid,Colombia,,reggaeton; latin urban,,12161.0,75471.0,False,,,,,,,,,,,,,,,,,
Ch y la Pizza,"Fuerza Regida, Natanael Cano",2,2022,12,1,536,10,288101651.0,10,72,8,3,14,149,G#,Major,66,85,60,40,0,14,13,226,1274786.0663716814,1,,,,,,,,,,,,,,,,,,,,,,,,,,,
Snow On The Beach (feat. More Lana Del Rey),"Lana Del Rey, Taylor Swift",2,2023,5,26,359,2,60350538.0,1,0,9,0,0,110,F#,Minor,66,32,40,81,0,11,3,50,1207010.76,1,,,,,,,,,,,,,,,,,,,,,,,,,,,
Players,Coi Leray,1,2022,11,30,4096,6,335074782.0,118,48,143,0,240,105,F#,Major,95,62,52,3,0,5,16,227,1476100.3612334805,1,e1115c6a-6705-4d17-bbf2-0efd2ef1bbb2,Coi Leray,Coi Leray,,,,,2272.0,13691.0,False,,,,,,,,,,,,,,,,,
Bite Me,ENHYPEN,1,2023,5,22,349,69,76767396.0,8,96,5,0,56,105,C#,Major,80,69,78,28,0,11,14,54,1421618.4444444445,3,,,,,,,,,,,,,,,,,,,,,,,,,,,
Stand By Me (feat. Morgan Wallen),"Lil Durk, Morgan Wallen",2,2023,5,26,381,5,46065667.0,23,82,6,0,113,134,B,Major,76,61,58,6,0,16,3,50,921313.34,1,,,,,,,,,,,,,,,,,,,,,,,,,,,
Normal,Feid,1,2022,7,8,2461,36,459276435.0,47,66,45,5,6,170,E,Minor,71,59,56,4,0,27,12,372,1234614.072580645,8,eaee97f6-f2e4-414a-966c-f31a1fb4696a,Feid,Feid,Colombia,,reggaeton; latin urban,,12161.0,75471.0,False,,,,,,,,,,,,,,,,,
Hummingbird (Metro Boomin & James Blake),"James Blake, Metro Boomin",2,2023,6,2,277,1,39666245.0,1,20,5,0,1,81,F#,Major,59,26,60,46,1,25,13,43,922470.8139534884,1,,,,,,,,,,,,,,,,,,,,,,,,,,,
Seu Brilho Sumiu - Ao Vivo,"Israel & Rodolffo, Mari Fernandez",2,2023,3,1,967,5,138517666.0,7,29,51,1,29,154,F#,Major,63,75,92,31,0,91,5,136,1018512.25,1,,,,,,,,,,,,,,,,,,,,,,,,,,,
Bad Habit,Steve Lacy,1,2022,6,29,8186,12,822633917.0,155,72,131,16,29,169,C#,Major,69,69,51,63,0,38,4,381,2159144.1391076115,3,ca9766a0-1c30-43e6-a213-bac1334efc4a,Steve Lacy,Steve Lacy,United States,United States,jazz; post-bop; vocal jazz; avant-garde jazz; free jazz; jazz and blues; free improvisation,free jazz; jazz; saxophone; Avant-Garde Jazz; soprano sax; Avant-Garde; american; Steve Lacy; Post-Bop; sax; rnb; avant-jazz; soul; Hard Bop; jazz saxophone; saxophonist; free-jazz; free improvisation; ESP-Disk; experimental; funk; contemporary jazz; soprano saxophone; improv; improvisation; lesser known yet streamable artists; check out; Neo-Soul; All; jazz sax; Avantgarde Jazz; saxo; soprano saxophonists; seen live; chill; 70s; 80s; new york; Contemporary; abstract; jazz fusion; 90s; bebop; avant garde; unique; Favorite Artists; lofi; electroacoustic; investigate; Recommended; experimental jazz; 00s; interessant; improvisational; Virtuoso; thinking; ofwgkta; tzadik; the internet; jazz instrumental; great jazz musicians; multiple artists; soprano; The best of the best; radical jewish culture; master; ed blackwell; spotify; NWW list; Nice mix; impressionistic; avant garde jazz; clean feed; Avant Jazz; Saravah; cecil taylor; Jazzapedia; gammarec; robertitus global; w1k2 jazz; Radio Unlucido; music genius; RNB SOUL; rex ferric faves; Third Ear; new york city NY; Leo; impropozycja; 3ucho; sweet track; Jazz I like; soprano saxophonist; Lend me your ear; jazz legends; gumfuck; poszukac-jazz; liszaj radio; scott lafaro; jazz saxophonist; snazz,117543.0,1468868.0,False,,,,,,,,,,,,,,,,,
Bad Habit,Steve Lacy,1,2022,6,29,8186,12,822633917.0,155,72,131,16,29,169,C#,Major,69,69,51,63,0,38,4,381,2159144.1391076115,3,b29020d6-5dbf-4c99-b16f-c009f8a712ff,Steve Lacy,,United States,,,,,,False,,,,,,,,,,,,,,,,,
CUFF IT,Beyoncï¿,1,2022,7,29,7842,10,595900742.0,215,88,330,26,23,115,G,Major,78,64,69,4,0,7,14,351,1697722.9116809117,3,,,,,,,,,,,,,,,,,,,,,,,,,,,
Lilith (feat. SUGA of BTS) (Diablo IV Anthem),"Halsey, Suga",2,2023,6,5,215,6,51985779.0,6,14,8,2,4,84,A,Minor,43,14,74,1,0,19,8,40,1299644.475,1,,,,,,,,,,,,,,,,,,,,,,,,,,,
69,"Nicky Jam, Feid",2,2023,5,18,1134,22,57945987.0,39,14,48,2,3,93,G#,Major,79,58,62,11,0,11,23,58,999068.7413793104,1,,,,,,,,,,,,,,,,,,,,,,,,,,,
Niï¿½ï¿½a Bo,"Sean Paul, Feid",2,2023,4,21,1305,34,115010040.0,29,26,43,5,44,91,G,Major,82,47,62,10,0,10,15,85,1353059.294117647,1,,,,,,,,,,,,,,,,,,,,,,,,,,,
Search & Rescue,Drake,1,2023,4,7,2066,6,175097833.0,58,70,43,0,182,142,A#,Minor,82,54,44,6,0,33,7,99,1768664.9797979798,4,9fff2f8a-21e6-47de-a2b8-7f449929d43f,Drake,Drake,Canada,Canada,hip hop; pop rap; rapper; contemporary r&b; alternative r&b; trap rap; rap us; hardcore hip; cotm candidate,Hip-Hop; rap; rnb; hip hop; Canadian; Drake; seen live; r&b; pop; young money; male vocalists; canada; indie; toronto; drizzy; pop rap; Lil Wayne; soul; sexy; alternative rap; Degrassi; hiphop; Kanye West; alternative hip-hop; Hip Hop/Rap; contemporary rnb; alternative rnb; urban; lyrical; swag; trey songz; chill; 00s; 10s; YMCMB,3379644.0,140245379.0,False,,,,,,,,,,,,,,,,,
Search & Rescue,Drake,1,2023,4,7,2066,6,175097833.0,58,70,43,0,182,142,A#,Minor,82,54,44,6,0,33,7,99,1768664.9797979798,4,131f2976-f781-48df-9aab-71531b4fa0b4,Drake,,Chile,,,,,,False,,,,,,,,,,,,,,,,,
Search & Rescue,Drake,1,2023,4,7,2066,6,175097833.0,58,70,43,0,182,142,A#,Minor,82,54,44,6,0,33,7,99,1768664.9797979798,4,b49b81cc-d5b7-4bdd-aadb-385df8de69a6,Drake,,Poland,Canada,not that drake,,,,False,,,,,,,,,,,,,,,,,
Search & Rescue,Drake,1,2023,4,7,2066,6,175097833.0,58,70,43,0,182,142,A#,Minor,82,54,44,6,0,33,7,99,1768664.9797979798,4,7cf5af7a-afa0-4dca-9473-a13508c64e9d,Drake,,,Canada,trust issues,,,,False,,,,,,,,,,,,,,,,,
AMERICA HAS A PROBLEM (feat. Kendrick Lamar),"Kendrick Lamar, Beyoncï¿",2,2023,5,19,896,0,57089066.0,34,2,33,0,1,126,C#,Major,78,20,70,1,0,16,4,57,1001562.5614035088,1,,,,,,,,,,,,,,,,,,,,,,,,,,,
Lavender Haze,Taylor Swift,1,2022,10,21,3763,8,488386797.0,51,43,38,10,1,97,A#,Major,73,10,44,26,0,16,8,267,1829164.0337078653,34,20244d07-534f-4eff-b4d4-930878889970,Taylor Swift,Taylor Swift,United States,United States,pop; country; electropop; female vocals; dance-pop; pop rock; country pop; contemporary country; teen pop; top 40; country-pop; taylor-swift; singer/songwriter; fixme label mess; hp,country; pop; female vocalists; singer-songwriter; acoustic; taylor swift; country pop; american; seen live; female; pop rock; female vocalist; Love; 00s; contemporary country; USA; beautiful; folk; pop country; modern country; guilty pleasure; rock; amazing; taylor; world; chill; chillout; 3; World Music; sunflower; Skitz0rz; uitluisteren artist; holloween skitz0rz; fav888; my dance room; teen pop; <3; cute; Awesome; sweet; synthpop; Favorite; Female country; legend; talented; love story; 2000s; lovely,2203262.0,171760219.0,False,,,,,,,,,,,,,,,,,
"Link Up (Metro Boomin & Don Toliver, Wizkid feat. BEAM & Toian) - Spider-Verse Remix (Spider-Man: Across the Spider-Verse )","WizKid, Toian, Metro Boomin, Don Toliver, Beam",5,2023,6,2,197,0,32761689.0,3,10,3,0,0,101,F,Major,92,59,51,41,51,26,8,43,761899.7441860465,1,,,,,,,,,,,,,,,,,,,,,,,,,,,
Efecto,Bad Bunny,1,2022,5,6,4004,33,1047480053.0,34,65,43,6,2,98,G,Minor,80,23,48,14,0,6,5,435,2408000.1218390805,19,89aa5ecb-59ad-46f5-b3eb-2d424e941f19,Bad Bunny,Bad Bunny,United States,,hip hop; latin urban; latin trap,,136813.0,2292156.0,False,,,,,,,,,,,,,,,,,
Erro Gostoso - Ao Vivo,Simone Mendes,1,2023,1,27,984,5,153454328.0,8,57,76,2,49,154,F#,Major,59,63,89,18,0,80,9,169,908013.775147929,1,,,,,,,,,,,,,,,,,,,,,,,,,,,
Cupido,Tini,1,2023,2,14,1240,24,217672943.0,51,29,63,4,54,120,A,Major,91,63,58,52,0,31,22,151,1441542.6688741725,1,95bad1d4-ba1f-4060-940b-d415d66e934e,Tini,Martina Stoessel,Argentina,Argentina,latin pop; latin,Disney; violetta; martina Stoessel; espanhol; argentina,12118.0,179990.0,False,,,,,,,,,,,,,,,,,
Cupido,Tini,1,2023,2,14,1240,24,217672943.0,51,29,63,4,54,120,A,Major,91,63,58,52,0,31,22,151,1441542.6688741725,1,082c8518-165b-4a8e-8fd2-fe606953f293,Tini,,Norway,,,,,,False,,,,,,,,,,,,,,,,,
Just Wanna Rock,Lil Uzi Vert,1,2022,10,17,3995,13,457184829.0,72,27,47,0,0,150,B,Major,49,4,55,7,0,6,3,271,1687028.889298893,1,8837b875-3689-4646-b3fd-d8b53815c7a8,Lil Uzi Vert,LIL UZI VERT,United States,,,,296260.0,10771288.0,False,,,,,,,,,,,,,,,,,
Unstoppable,Sia,1,2016,1,21,7681,13,939844851.0,119,66,"1,145",2,,174,A,Major,47,27,78,11,0,10,8,2732,344013.4886530015,2,2f548675-008d-4332-876c-108b0c7ab9c5,Sia,Sia,Australia,Australia,downtempo; pop; australian; electropop; indie pop; dance-pop; acid jazz; chamber pop; pop and chart; mbs-333,female vocalists; chillout; indie; trip-hop; downtempo; australian; pop; singer-songwriter; electronic; alternative; indie pop; female vocalist; seen live; sia; female; Mellow; electronica; chill; australia; beautiful; trip hop; soul; easy listening; ambient; relaxing; 00s; rock; lounge; Aussie; dance; jazz; Love; female vocals; gilbert; acoustic; electropop; six feet under; vocal; indie rock; favorites; piano; Favorite; chill out; alternative rock; sexy; soft; Adelaide; Zero 7,2124548.0,80113588.0,False,,,,,,,,,,,,,,,,,
Until I Found You,Stephen Sanchez,1,2021,9,1,4427,4,726434358.0,69,100,154,20,438,202,A#,Major,34,25,51,69,0,18,4,682,1065153.017595308,1,,,,,,,,,,,,,,,,,,,,,,,,,,,
Rich Flex,"Drake, 21 Savage",2,2022,11,4,4657,18,573633020.0,84,84,42,0,23,153,B,Minor,56,42,52,5,0,36,24,253,2267324.1897233203,8,,,,,,,,,,,,,,,,,,,,,,,,,,,
Easy On Me,Adele,1,2021,10,14,10195,20,1406111294.0,258,87,657,22,9,142,F,Major,60,13,37,58,0,13,3,639,2200487.158059468,4,cc2c9c3c-b7bc-4b8b-84d8-4fbd8779e493,Adele,Adele,United Kingdom,United Kingdom,pop; jazz; singer; soul; adult contemporary; blue-eyed soul; film soundtrack; pop and chart; pop soul; blue eyed soul; adele; alternative/indie rock; adult alternative pop/rock; english singer,soul; female vocalists; british; singer-songwriter; indie; pop; Adele; jazz; acoustic; female vocalist; UK; alternative; britpop; blues; indie pop; female; chillout; 00s; beautiful voice; rnb; Neo-Soul; folk; seen live; england; london; piano; Mellow; rock; Blue-Eyed Soul; english; Love; r&b; beautiful; smooth; jazz-soul; easy listening; Sandy Leah,2856839.0,128162302.0,False,,,,,,,,,,,,,,,,,
Easy On Me,Adele,1,2021,10,14,10195,20,1406111294.0,258,87,657,22,9,142,F,Major,60,13,37,58,0,13,3,639,2200487.158059468,4,95d47069-e8e4-4fc3-abf1-cde19b9aac92,Adele,,Norway,,,,,,False,,,,,,,,,,,,,,,,,
Easy On Me,Adele,1,2021,10,14,10195,20,1406111294.0,258,87,657,22,9,142,F,Major,60,13,37,58,0,13,3,639,2200487.158059468,4,1de93a63-3a9f-443a-ba8a-a43b5fe0121e,Adele,,,United Kingdom,,,,,False,,,,,,,,,,,,,,,,,
Cartï¿½ï¿½o B,"MC Caverinha, KayBlack",2,2023,5,11,269,4,71573339.0,7,2,30,1,11,108,A,Minor,84,55,47,26,0,20,64,65,1101128.2923076923,1,,,,,,,,,,,,,,,,,,,,,,,,,,,
Danger (Spider) (Offset & JID),"Offset, JID",2,2023,6,2,214,0,24975653.0,3,3,6,0,0,143,B,Major,83,25,69,4,0,23,12,43,580829.1395348837,1,,,,,,,,,,,,,,,,,,,,,,,,,,,
Oi Balde - Ao Vivo,Zï¿½ï¿½ Neto & Crist,1,2023,2,14,845,2,145458418.0,12,57,47,1,33,108,D,Major,67,55,67,60,0,80,5,151,963300.7814569536,1,,,,,,,,,,,,,,,,,,,,,,,,,,,
The Real Slim Shady,Eminem,1,2000,1,1,20763,27,1424589568.0,81,53,"3,271",1,17,104,F,Minor,95,78,66,3,0,4,6,8596,165727.0321079572,4,b95ce3ff-3d05-4e87-9e01-c97b66af13d4,Eminem,Eminem,United States,United States,turkish; rap; american; hip-hop; hip hop; hiphop; midwest hip-hop; detroit hip-hop; pop rap; horrorcore; rapper; us; pop and chart; eminem; 8 mile; boom bap; v; comedy rap; hardcore hip hop,rap; Hip-Hop; Eminem; hip hop; pop; american; detroit; seen live; hiphop; Gangsta Rap; male vocalists; slim shady; rock; alternative; hardcore rap; 00s; 90s; USA; singer-songwriter; Shady; d12; emo; Horrorcore; Aftermath; dance; Michigan; white rap,4517997.0,199507511.0,False,,,,,,,,,,,,,,,,,
MERCHO,"Migrantes, LiL CaKe, Nico Valdi",3,2022,12,16,1267,20,231332117.0,41,22,56,4,84,93,F#,Minor,84,96,79,43,0,18,11,211,1096360.7440758294,1,,,,,,,,,,,,,,,,,,,,,,,,,,,
The Color Violet,Tory Lanez,1,2021,12,10,2585,32,415932686.0,3,79,21,1,54,105,F#,Minor,65,46,53,16,0,9,5,582,714660.972508591,1,5b8ec72b-9e39-4a06-a2bf-964166b92a71,Tory Lanez,Tory Lanez,Canada,Canada,tha12gaugeminx@yahoo.com dot,Hip-Hop; rnb; rap; Canadian; hip hop,211399.0,3469511.0,False,,,,,,,,,,,,,,,,,
Glimpse of Us,Joji,1,2022,6,10,6330,6,988515741.0,109,42,158,3,31,170,G#,Major,44,27,32,89,0,14,5,400,2471289.3525,3,74922d42-c3ec-4f7d-8a24-20da6eda6ba6,Joji,,United States,,,,,,False,,,,,,,,,,,,,,,,,
Glimpse of Us,Joji,1,2022,6,10,6330,6,988515741.0,109,42,158,3,31,170,G#,Major,44,27,32,89,0,14,5,400,2471289.3525,3,fa8bf53c-89d7-4753-9e1d-e4372740dbb7,Joji,,,,,,,,False,,,,,,,,,,,,,,,,,
Mejor Que Yo,"Mambo Kingz, DJ Luian, Anuel Aa",3,2023,5,4,675,1,50847624.0,9,13,11,0,1,178,C#,Minor,62,56,66,18,0,12,5,72,706217.0,2,,,,,,,,,,,,,,,,,,,,,,,,,,,
Curtains,Ed Sheeran,1,2023,5,5,715,0,39893489.0,37,3,27,0,50,176,F#,Minor,50,44,76,10,0,32,5,71,561880.1267605633,9,b8a7c51f-362c-4dcb-a259-bc6e0095f0a6,Ed Sheeran,Ed Sheeran,United Kingdom,United Kingdom,pop; guitarist; folk; uk; singer; dance-pop; pop rap; folk pop; rapper; pop soul; singer/songwriter; ed sheeran does not make sillyname tracks ಠ_ಠ,acoustic; british; singer-songwriter; easy-listening; Grime; pop; seen live; male vocalists; indie; folk; alternative; Ed Sheeran; Hip-Hop; rock; UK; soul; indie pop; indie folk; english; england; overrated; pop rock; male vocalist; folk pop; Love; guitar; rap; cute; folk rock; suffolk; chillout; Mellow; 00s; Acoustic Rock; 10s; ed; fucking AMAZINGGGGGGGGGGGGGGGGGGGGGGGGGGGGGGGGGGGGGGGGGGGGGGGGGGGGGGGGGGGGGGGGGGGGGGGGGGGGGGGGGGGGGGGGGGGGGGGGGGGGGGGGGg; Soundtrack; easy listening; romantic; amazing; Alternative Folk; love at first listen; want to see live; All; ginger,1620379.0,85083256.0,False,,,,,,,,,,,,,,,,,
Curtains,Ed Sheeran,1,2023,5,5,715,0,39893489.0,37,3,27,0,50,176,F#,Minor,50,44,76,10,0,32,5,71,561880.1267605633,9,3bca1168-e7c6-4beb-9af9-db9dc674b1fa,Ed Sheeran,,United Kingdom,United Kingdom,wrong-one,,,,False,,,,,,,,,,,,,,,,,
UNFORGIVEN (feat. Nile Rodgers),"Nile Rodgers, LE SSERAFIM",2,2023,5,1,327,13,92035115.0,14,110,9,0,49,104,E,Minor,80,38,88,11,0,11,5,75,1227134.8666666667,1,,,,,,,,,,,,,,,,,,,,,,,,,,,
Haegeum,Agust D,1,2023,4,21,244,12,118810253.0,6,84,10,2,9,85,G,Major,70,83,84,31,0,47,30,85,1397767.6823529413,1,,,,,,,,,,,,,,,,,,,,,,,,,,,
Conexï¿½ï¿½es de Mï¿½ï¿½fia (feat. Rich ,"Rich The Kid, Matuï¿",2,2023,4,30,385,4,77233241.0,17,7,41,1,29,117,F#,Minor,77,69,58,39,0,26,5,76,1016226.855263158,1,,,,,,,,,,,,,,,,,,,,,,,,,,,
MIENTRAS ME CURO DEL CORA,Karol G,1,2023,2,24,1020,35,206399629.0,15,26,30,6,0,80,,Major,52,57,48,86,0,15,39,141,1463827.1560283687,4,0f1a58c0-be64-4fb3-9332-e741ad50768f,Karol G,,Spain,,,,,,False,,,,,,,,,,,,,,,,,
MIENTRAS ME CURO DEL CORA,Karol G,1,2023,2,24,1020,35,206399629.0,15,26,30,6,0,80,,Major,52,57,48,86,0,15,39,141,1463827.1560283687,4,de22adae-f8ac-414f-b653-b0162611bd60,Karol G,,Colombia,,reggaeton; latin urban,,,,False,,,,,,,,,,,,,,,,,
Never Felt So Alone,Labrinth,1,2023,4,7,1730,3,117747907.0,46,5,51,0,20,98,F,Major,44,36,41,50,0,38,5,99,1189372.797979798,7,dc99e6fd-c710-4f79-b74b-127b4d0b7849,Labrinth,Labrinth,United Kingdom,United Kingdom,hip-hop; uk; singer; producer,electronic; british; rnb; dance; r&b; pop; Hip-Hop; seen live; Grime; UK; dubstep; male vocalists; electronica; hip hop; soul; england; Labrinth; indie; r'n'b; chillout; electropop; electro; dance-pop; london; Drum; bass; nu soul; My; garage; gospel; rhythm and blues; popular; english; 4 Stars; gaming; United Kingdom; not; geohash:u10j0j252j81; hackney; Electro-Hop; All; britain; listen to more; alternative hip hop; spotify; bands ive seen live; 6 stars; lovin' it; need more; Need to Rate,577569.0,4883245.0,False,,,,,,,,,,,,,,,,,
X SI VOLVEMOS,"Karol G, Romeo Santos",2,2023,2,2,2127,33,266624541.0,45,80,53,8,4,178,C#,Minor,79,58,78,34,0,11,25,163,1635733.3803680982,1,,,,,,,,,,,,,,,,,,,,,,,,,,,
ceilings,Lizzy McAlpine,1,2022,4,8,3242,9,293186992.0,67,55,48,0,6,148,A,Major,51,27,33,48,0,22,3,463,633233.2440604751,1,,,,,,,,,,,,,,,,,,,,,,,,,,,
Cupid,Fifty Fifty,1,2023,2,24,526,10,139681964.0,15,93,30,0,320,120,D,Major,77,94,66,65,0,38,3,141,990652.2269503546,2,2b8546f6-1ccf-4b59-8eee-2d3a3360d55f,Fifty Fifty,Fifty Fifty,,,,punk rock; pop punk; under 2000 listeners; artistartist; these bands are highly under rated preach preach preach educate the masses and tell em bobi sent ya,665.0,4532.0,True,,,,,,,,,,,,,,,,,
Cupid,Fifty Fifty,1,2023,2,24,526,10,139681964.0,15,93,30,0,320,120,D,Major,77,94,66,65,0,38,3,141,990652.2269503546,2,be1088c7-16ca-4549-94d9-22063ecae779,Fifty Fifty,Fifty Fifty,United States,,,punk rock; pop punk; under 2000 listeners; artistartist; these bands are highly under rated preach preach preach educate the masses and tell em bobi sent ya,665.0,4532.0,True,,,,,,,,,,,,,,,,,
Cupid,Fifty Fifty,1,2023,2,24,526,10,139681964.0,15,93,30,0,320,120,D,Major,77,94,66,65,0,38,3,141,990652.2269503546,2,aa3ae9de-45be-45c6-87f5-656829e78897,Fifty Fifty,,Indonesia,,,,,,False,,,,,,,,,,,,,,,,,
Cupid,Fifty Fifty,1,2023,2,24,526,10,139681964.0,15,93,30,0,320,120,D,Major,77,94,66,65,0,38,3,141,990652.2269503546,2,6d6eea35-52bb-4aeb-b4e6-3fd5b47654d2,Fifty Fifty,,Germany,,,,,,False,,,,,,,,,,,,,,,,,
I AM,IVE,1,2023,4,10,366,15,123132751.0,16,102,7,0,55,122,E,Minor,68,38,88,1,0,8,5,96,1282632.8229166667,4,a92e9703-929f-45bb-aa78-b78dfde731a4,IVE,,,,,,,,False,,,,,,,,,,,,,,,,,
Cupid ï¿½ï¿½ï¿½ Twin Ver. (FIFTY FIFTY) ï¿½ï¿½ï¿½ Spe,sped up 8282,1,1997,1,1,472,2,103762518.0,0,0,6,0,0,144,F,Major,74,75,73,42,0,9,4,9691,10707.101227943453,1,,,,,,,,,,,,,,,,,,,,,,,,,,,
Shorty Party,"Cartel De Santa, La Kelly",2,2023,3,4,432,12,162887075.0,8,14,12,2,33,96,D,Major,93,47,47,33,0,10,36,133,1224714.84962406,1,,,,,,,,,,,,,,,,,,,,,,,,,,,
Super,SEVENTEEN,1,2023,4,24,271,12,91221625.0,16,103,9,0,55,137,G#,Major,77,35,88,16,0,17,9,82,1112458.8414634147,1,e04d239e-9fa8-49b3-b9b7-9e439c3cb1d1,SEVENTEEN,Seventeen,South Korea,,,,67535.0,5726121.0,True,,,,,,,,,,,,,,,,,
Slut Me Out,NLE Choppa,1,2022,4,22,816,4,190490915.0,21,4,13,0,4,121,F#,Minor,94,71,61,12,0,53,42,449,424255.9354120267,1,,,,,,,,,,,,,,,,,,,,,,,,,,,
Double Fantasy (with Future),"The Weeknd, Future",2,2023,4,21,1169,0,96180277.0,36,65,28,0,0,119,A,Minor,60,10,57,1,0,50,3,85,1131532.6705882354,1,,,,,,,,,,,,,,,,,,,,,,,,,,,
All Of The Girls You Loved Before,Taylor Swift,1,2019,8,23,1282,6,185240616.0,26,6,19,0,5,96,D,Major,72,40,47,71,0,13,4,1422,130267.6624472574,34,20244d07-534f-4eff-b4d4-930878889970,Taylor Swift,Taylor Swift,United States,United States,pop; country; electropop; female vocals; dance-pop; pop rock; country pop; contemporary country; teen pop; top 40; country-pop; taylor-swift; singer/songwriter; fixme label mess; hp,country; pop; female vocalists; singer-songwriter; acoustic; taylor swift; country pop; american; seen live; female; pop rock; female vocalist; Love; 00s; contemporary country; USA; beautiful; folk; pop country; modern country; guilty pleasure; rock; amazing; taylor; world; chill; chillout; 3; World Music; sunflower; Skitz0rz; uitluisteren artist; holloween skitz0rz; fav888; my dance room; teen pop; <3; cute; Awesome; sweet; synthpop; Favorite; Female country; legend; talented; love story; 2000s; lovely,2203262.0,171760219.0,False,,,,,,,,,,,,,,,,,
PROVENZA,Karol G,1,2022,4,21,6587,34,885093467.0,114,104,147,11,20,111,C#,Major,87,53,52,66,1,11,5,450,1966874.371111111,4,0f1a58c0-be64-4fb3-9332-e741ad50768f,Karol G,,Spain,,,,,,False,,,,,,,,,,,,,,,,,
PROVENZA,Karol G,1,2022,4,21,6587,34,885093467.0,114,104,147,11,20,111,C#,Major,87,53,52,66,1,11,5,450,1966874.371111111,4,de22adae-f8ac-414f-b653-b0162611bd60,Karol G,,Colombia,,reggaeton; latin urban,,,,False,,,,,,,,,,,,,,,,,
Princess Diana (with Nicki Minaj),"Nicki Minaj, Ice Spice",2,2023,4,14,1444,4,104992946.0,0,0,0,0,0,148,A,Major,90,74,68,14,0,10,19,92,1141227.6739130437,1,,,,,,,,,,,,,,,,,,,,,,,,,,,
Di Que Si,"Grupo Marca Registrada, Grupo Frontera",2,2023,2,3,356,10,147290338.0,4,64,4,2,37,182,A,Major,57,80,59,8,0,6,5,162,909199.6172839506,1,,,,,,,,,,,,,,,,,,,,,,,,,,,
Shivers,Ed Sheeran,1,2021,9,9,10147,30,1302184087.0,234,71,543,18,,141,D,Major,79,82,86,28,0,4,9,674,1932023.8679525224,9,b8a7c51f-362c-4dcb-a259-bc6e0095f0a6,Ed Sheeran,Ed Sheeran,United Kingdom,United Kingdom,pop; guitarist; folk; uk; singer; dance-pop; pop rap; folk pop; rapper; pop soul; singer/songwriter; ed sheeran does not make sillyname tracks ಠ_ಠ,acoustic; british; singer-songwriter; easy-listening; Grime; pop; seen live; male vocalists; indie; folk; alternative; Ed Sheeran; Hip-Hop; rock; UK; soul; indie pop; indie folk; english; england; overrated; pop rock; male vocalist; folk pop; Love; guitar; rap; cute; folk rock; suffolk; chillout; Mellow; 00s; Acoustic Rock; 10s; ed; fucking AMAZINGGGGGGGGGGGGGGGGGGGGGGGGGGGGGGGGGGGGGGGGGGGGGGGGGGGGGGGGGGGGGGGGGGGGGGGGGGGGGGGGGGGGGGGGGGGGGGGGGGGGGGGGGg; Soundtrack; easy listening; romantic; amazing; Alternative Folk; love at first listen; want to see live; All; ginger,1620379.0,85083256.0,False,,,,,,,,,,,,,,,,,
Shivers,Ed Sheeran,1,2021,9,9,10147,30,1302184087.0,234,71,543,18,,141,D,Major,79,82,86,28,0,4,9,674,1932023.8679525224,9,3bca1168-e7c6-4beb-9af9-db9dc674b1fa,Ed Sheeran,,United Kingdom,United Kingdom,wrong-one,,,,False,,,,,,,,,,,,,,,,,
Igualito a Mi Apï¿,"Fuerza Regida, Peso Pluma",2,2022,12,30,265,6,158950978.0,8,84,5,1,4,145,E,Minor,76,80,81,19,0,6,9,197,806857.7563451777,1,,,,,,,,,,,,,,,,,,,,,,,,,,,
Shoong! (feat. LISA of BLACKPINK),"TAEYANG, Lisa",2,2023,4,25,351,9,76910644.0,16,90,10,0,64,110,B,Minor,76,26,70,1,0,41,6,81,949514.12345679,1,,,,,,,,,,,,,,,,,,,,,,,,,,,
Komang,Raim Laode,1,2022,8,16,158,4,137123880.0,5,6,1,1,18,134,G,Major,70,35,41,41,0,10,3,333,411783.4234234234,1,,,,,,,,,,,,,,,,,,,,,,,,,,,
DESPECHï¿,ROSALï¿½,1,2022,7,28,7613,33,782369383.0,180,90,422,15,55,130,G,Major,92,78,62,18,0,6,10,352,2222640.292613636,2,,,,,,,,,,,,,,,,,,,,,,,,,,,
Made You Look,Meghan Trainor,1,2022,10,21,3956,6,502574952.0,142,23,127,3,16,145,A#,Major,84,88,53,35,0,8,7,267,1882303.191011236,1,b2029169-2574-4305-820f-252a5fde3697,Meghan Trainor,Meghan Trainor,United States,United States,pop; soul; female vocals; dance-pop; blue-eyed soul; pop rap; pop soul; top 40; doo-wop; great songs; a filk artist,pop; soul; female vocalists; american; jazz; rock; singer-songwriter; rnb; doo wop; 10s; Badabes; USA; dance; Blue-Eyed Soul; easy listening; female vocalist; Officially Shit; pop rock; acoustic; love at first listen; Massachusetts; fatcore; Ariana Grande; Nick Jonas; who the fuck gave this bitch a microphone; Ella Henderson; Hip-Hop; electronic; seen live; female; hip hop; 2009; indie pop; catchy; dance-pop; Awesome; Retro; upbeat; fat; Radio; r&b; party; Favorite Artists; death metal; relaxing; doo-wop; singer-songwriters; harmonies; drum & bass; annoying; awful; 2010s; Girl; soul pop; us; United States; 2014; all things annoying in the world put together into one stupid bitch; horrible; Scene; love at first sound; retro pop; talented; bitch; farofeira; chubby; fat bitch; strong voice; american pop; who gave this bitch a microphone; listened but not scrobbled; hitmaker; meghan trainor; massachusettsan; Fifth Harmony; body positive; 2014 favourite; Jessie J Ariana Grande Nicki Minaj; dont cuss; dont deny it she has a great voice; shutup ppl she is awesome; yeah im a cat typing on a computer what are you gonna do about it; mixed-pop; voices i hate; maneimisnou,626665.0,11606331.0,False,,,,,,,,,,,,,,,,,
Watch This - ARIZONATEARS Pluggnb Remix,"sped up nightcore, ARIZONATEARS, Lil Uzi Vert",3,2023,2,5,1638,10,207033255.0,0,0,21,0,0,130,B,Minor,69,36,90,1,10,15,4,160,1293957.84375,1,,,,,,,,,,,,,,,,,,,,,,,,,,,
No Se Va,Grupo Frontera,1,2022,4,28,924,18,404887295.0,17,80,22,9,38,173,,Major,59,69,53,12,0,23,3,443,913966.8058690744,1,,,,,,,,,,,,,,,,,,,,,,,,,,,
Punto G,Quevedo,1,2022,11,4,1985,35,381161027.0,34,26,37,5,1,92,B,Minor,75,55,76,25,0,10,15,253,1506565.324110672,4,,,,,,,,,,,,,,,,,,,,,,,,,,,
Lovers Rock,TV Girl,1,2014,6,5,6339,13,466231982.0,3,1,36,1,37,105,F,Minor,56,57,87,0,1,10,4,3327,140135.85272016833,1,38f0c7ac-46eb-49ca-b3ab-c785ccd05a60,TV Girl,TV Girl,United States,United States,electronic; hip hop; lo-fi; indie pop; dream pop,Lo-Fi; indie; chillwave; indie pop; pop; san diego; american; dream pop; BIRP; seen live; California; lo fi; All; Hip-Hop; chillout; electronic; alternative; folk; USA; trip hop; samples; indie-pop; 10s; Neo-Psychedelia; creative commons; hypnagogic pop; geohash:9mudjgsfeyh0; surf pop; bedroom; plunderphonics; Californian; 5432fun; sample pop; North American; psycho-pop; in the chillwave family; indieclash; radiated sounds,135361.0,2089678.0,False,45159.0,TV Girl,63.0,7.53e-06,0.5589999999999999,213920.0,0.871,0.00524,F,0.096,-5.337999999999999,Minor,0.0392,104.976,4-Apr,0.573,Rock
METAMORPHOSIS,INTERWORLD,1,2021,11,25,1561,24,357580552.0,18,78,24,0,30,175,G,Minor,59,15,64,43,90,12,10,597,598962.3986599665,1,,,,,,,,,,,,,,,,,,,,,,,,,,,
Mami Chula,"Quevedo, Jhayco",2,2023,4,27,875,4,61105704.0,17,13,27,0,43,120,G,Minor,80,33,70,22,0,9,4,79,773489.9240506329,1,,,,,,,,,,,,,,,,,,,,,,,,,,,
En Paris,"El Chachito, Junior H",2,2022,12,24,406,5,198275403.0,3,31,2,1,0,139,D#,Minor,70,77,48,37,0,12,5,203,976726.1231527092,1,,,,,,,,,,,,,,,,,,,,,,,,,,,
Set Me Free Pt.2,Jimin,1,2023,3,17,340,13,168448603.0,4,71,16,1,9,132,,Minor,59,56,82,12,0,12,6,120,1403738.3583333334,3,,,,,,,,,,,,,,,,,,,,,,,,,,,
I Was Never There,"The Weeknd, Gesaffelstein",2,2018,3,29,4188,15,705469769.0,30,70,142,0,27,114,A#,Major,32,17,74,14,0,17,3,1934,364772.3728024819,2,,,,,,,,,,,,,,,,,,,,,,,,,,,
Don't ever say love me (feat. RM of BTS),"RM, Colde",2,2023,5,4,105,0,34502215.0,5,9,5,0,0,145,B,Minor,54,19,48,36,0,37,5,72,479197.4305555556,1,,,,,,,,,,,,,,,,,,,,,,,,,,,
Shut Down,BLACKPINK,1,2022,9,16,1524,17,482175240.0,53,120,62,0,2,110,,Major,82,67,69,0,0,18,4,302,1596606.7549668874,3,48646387-1664-4c9a-9139-9bfd091b823c,BLACKPINK,BLACKPINK,South Korea,,,,138956.0,12488202.0,False,,,,,,,,,,,,,,,,,
Gato de Noche,"Nengo Flow, Bad Bunny",2,2022,12,22,2651,30,304118600.0,21,55,32,3,0,94,G#,Major,89,61,66,17,0,36,16,205,1483505.3658536586,1,,,,,,,,,,,,,,,,,,,,,,,,,,,
Call Out My Name,The Weeknd,1,2018,3,29,11087,6,1449799467.0,151,107,801,1,105,134,C#,Major,45,17,60,21,0,33,4,1934,749637.7802481903,22,c8b03190-306c-4120-bb0b-6f2ebfc06ea9,The Weeknd,The Weeknd,Canada,Canada,rnb; r&b; pbr&b,rnb; electronic; dubstep; Canadian; prog-rnb,1273725.0,77088337.0,False,,,,,,,,,,,,,,,,,
Like Crazy (English Version),Jimin,1,2023,3,24,373,19,173627354.0,4,72,5,0,5,120,G,Major,62,32,76,0,0,39,4,113,1536525.256637168,3,,,,,,,,,,,,,,,,,,,,,,,,,,,
Rosa Pastel,"Jasiel Nuï¿½ï¿½ez, Peso P",2,2023,2,2,200,4,90025258.0,8,77,2,1,1,123,G,Minor,70,86,68,24,0,11,4,163,552302.1963190184,2,,,,,,,,,,,,,,,,,,,,,,,,,,,
Sunroof,"Nicky Youre, Dazy",2,2021,12,3,3741,17,652704649.0,156,35,110,19,0,131,A#,Major,77,84,71,35,0,15,4,589,1108157.298811545,1,,,,,,,,,,,,,,,,,,,,,,,,,,,
Lose Yourself - Soundtrack Version,Eminem,1,2002,1,1,32502,21,1829992958.0,247,54,"5,567",1,51,171,D,Major,70,6,73,1,0,36,26,7865,232675.51913541005,4,b95ce3ff-3d05-4e87-9e01-c97b66af13d4,Eminem,Eminem,United States,United States,turkish; rap; american; hip-hop; hip hop; hiphop; midwest hip-hop; detroit hip-hop; pop rap; horrorcore; rapper; us; pop and chart; eminem; 8 mile; boom bap; v; comedy rap; hardcore hip hop,rap; Hip-Hop; Eminem; hip hop; pop; american; detroit; seen live; hiphop; Gangsta Rap; male vocalists; slim shady; rock; alternative; hardcore rap; 00s; 90s; USA; singer-songwriter; Shady; d12; emo; Horrorcore; Aftermath; dance; Michigan; white rap,4517997.0,199507511.0,False,56701.0,Eminem,52.0,0.00618,0.6990000000000001,321213.0,0.7390000000000001,1.42e-05,D,0.3379999999999999,-4.71,Major,0.263,171.399,4-Apr,0.0631,Hip-Hop
Superman,"Eminem, Dina Rae",2,2002,5,26,7615,14,655466831.0,18,51,"1,005",0,0,130,E,Minor,80,64,76,2,0,20,6,7720,84905.02992227979,1,,,,,,,,,,,,,,,,,,,,,,,,,,,
Mas Rica Que Ayer,"Mambo Kingz, DJ Luian, Anuel Aa",3,2023,3,2,1208,34,146409671.0,10,41,20,0,1,94,B,Major,82,53,67,34,0,9,8,135,1084516.0814814814,2,,,,,,,,,,,,,,,,,,,,,,,,,,,
People Pt.2 (feat. IU),"IU, Agust D",2,2023,4,7,209,4,95816024.0,4,45,11,2,24,89,G,Minor,73,44,57,39,0,32,6,99,967838.6262626264,1,,,,,,,,,,,,,,,,,,,,,,,,,,,
REMIX EXCLUSIVO,Feid,1,2023,3,17,1235,9,117206995.0,20,8,15,0,6,87,F,Minor,65,71,56,4,0,15,20,120,976724.9583333334,8,eaee97f6-f2e4-414a-966c-f31a1fb4696a,Feid,Feid,Colombia,,reggaeton; latin urban,,12161.0,75471.0,False,,,,,,,,,,,,,,,,,
"Arcï¿½ï¿½ngel: Bzrp Music Sessions, Vol","Arcangel, Bizarrap",2,2023,3,22,654,3,100409613.0,11,3,18,1,1,124,B,Minor,72,79,78,55,0,15,30,115,873127.0695652174,1,,,,,,,,,,,,,,,,,,,,,,,,,,,
DOGTOOTH,"Tyler, The Creator",2,2023,3,27,1479,0,80758350.0,23,0,18,0,33,78,G#,Major,71,80,65,51,0,22,32,110,734166.8181818182,3,,,,,,,,,,,,,,,,,,,,,,,,,,,
10:35,"Tiï¿½ï¿½sto, Tate M",2,2022,11,1,4942,26,325592432.0,190,104,147,18,63,120,G#,Major,70,70,79,7,0,18,10,256,1271845.4375,1,,,,,,,,,,,,,,,,,,,,,,,,,,,
SORRY NOT SORRY,"Tyler, The Creator",2,2023,3,31,709,0,58473276.0,8,1,13,0,0,96,F#,Minor,48,50,80,40,0,37,20,106,551634.679245283,3,,,,,,,,,,,,,,,,,,,,,,,,,,,
HAPPY,NF,1,2023,3,25,660,0,52722996.0,22,7,11,0,78,106,G,Major,73,22,86,31,0,12,4,112,470741.03571428574,1,5660a8c7-d0d9-4181-89b4-8e125328e31e,NF,NF,United States,United States,rap; hip hop; rapper,Hip-Hop; rap; hip hop; rnb; christian; Christian Rap; electronic; seen live; underground rap; singer; Drum and bass; darkstep; r&b; satanic; demoscene; United States; christian hip-hop; nf; Melodic Rap; realmusic,188019.0,3825093.0,False,,,,,,,,,,,,,,,,,
La Bebe,Yng Lvcas,1,2021,12,24,489,17,191945597.0,4,11,5,1,2,170,D,Minor,78,75,46,62,0,12,35,568,337932.3890845071,1,,,,,,,,,,,,,,,,,,,,,,,,,,,
I Know - PR1SVX Edit,"Kanii, PR1ISVX",2,2023,3,24,407,0,77377503.0,16,15,5,0,1,134,B,Minor,67,11,76,8,47,30,7,113,684756.6637168141,1,,,,,,,,,,,,,,,,,,,,,,,,,,,
Late Night Talking,Harry Styles,1,2022,5,20,7461,8,743693613.0,166,42,199,16,58,115,A#,Major,71,90,73,30,0,11,5,421,1766493.1425178146,17,7eb1ce54-a355-41f9-8d68-e018b096d427,Harry Styles,Harry Styles,United Kingdom,,rock,,288138.0,7911278.0,False,,,,,,,,,,,,,,,,,
Leï¿½,Marï¿½ï¿½lia Mendo,1,2022,12,9,993,4,267789608.0,30,84,88,1,28,130,F#,Major,74,79,87,45,0,30,3,218,1228392.6972477064,1,,,,,,,,,,,,,,,,,,,,,,,,,,,
Save Your Tears (with Ariana Grande) (Remix),"Ariana Grande, The Weeknd",2,2020,3,20,9161,5,1221813483.0,240,98,468,3,10,118,,Major,65,63,79,3,0,10,3,1212,1008096.9331683168,2,,,,,,,,,,,,,,,,,,,,,,,,,,,
Something in the Orange,Zach Bryan,1,2022,4,22,3282,12,449701773.0,67,84,46,16,117,110,G,Major,59,22,38,42,0,12,3,449,1001562.9688195992,1,,,,,,,,,,,,,,,,,,,,,,,,,,,
VOID,Melanie Martinez,1,2023,3,29,596,0,67070410.0,29,9,12,0,52,100,A,Major,72,42,66,18,4,19,4,108,621022.3148148148,1,0df563ec-1a79-486e-a46d-5b9862a40311,Melanie Martinez,Melanie Martinez,United States,United Kingdom; United States,alternative rock; folk; indie pop,pop; indie; female vocalists; indie pop; alternative; the voice; electropop; gothic pop; dark pop; singer-songwriter; american; rapist; indie folk; electronic; seen live; alternative rock; USA; Gothic; synthpop; alternative pop; Hip-Hop; female; rock; folk; new york; darkwave; female vocalist; dark wave; bubblegum pop; All; famale vocalists; melanie martinez; chillout; electronica; chill; british; experimental; indie rock; RIP; dark; acoustic; world; fantastic; cover; 3; unique; ethereal; rnb; favourite; somber; World Music; lovely; love at first listen; female singers; trap; New York City; 2; 10s; 2010s; uk bass; music; creepy; queens; Long Island; United States; sunflower; sxsw 2015; Astoria; lolipop; rape; art pop; experimental electronic; disgusting; pedocore; contemporary rnb; hip-house; pedophile; great vocals; smutne pipczenie dla 14latek; tumblr; seen life; pop princess; baldwin; BubbleGoth; Ariana Grande; inna; 2019; Skitz0rz; rainha; uitluisteren artist; Gothicpop; famale; tumblr pop; violation; nayer; felon; loli pop; consent; born in 1995; holloween skitz0rz,268793.0,11874503.0,False,,,,,,,,,,,,,,,,,
Dijeron Que No La Iba Lograr,"Fuerza Regida, Chino Pacas",2,2023,3,14,320,6,116334601.0,5,48,2,1,9,142,G,Minor,70,76,79,26,0,11,7,123,945809.7642276424,1,,,,,,,,,,,,,,,,,,,,,,,,,,,
Midnight Rain,Taylor Swift,1,2022,10,21,2612,4,433356509.0,19,29,21,0,0,140,,Major,64,18,37,72,0,12,7,267,1623058.086142322,34,20244d07-534f-4eff-b4d4-930878889970,Taylor Swift,Taylor Swift,United States,United States,pop; country; electropop; female vocals; dance-pop; pop rock; country pop; contemporary country; teen pop; top 40; country-pop; taylor-swift; singer/songwriter; fixme label mess; hp,country; pop; female vocalists; singer-songwriter; acoustic; taylor swift; country pop; american; seen live; female; pop rock; female vocalist; Love; 00s; contemporary country; USA; beautiful; folk; pop country; modern country; guilty pleasure; rock; amazing; taylor; world; chill; chillout; 3; World Music; sunflower; Skitz0rz; uitluisteren artist; holloween skitz0rz; fav888; my dance room; teen pop; <3; cute; Awesome; sweet; synthpop; Favorite; Female country; legend; talented; love story; 2000s; lovely,2203262.0,171760219.0,False,,,,,,,,,,,,,,,,,
If We Ever Broke Up,Mae Stephens,1,2023,2,10,2040,4,165584767.0,81,27,66,9,444,116,G,Major,90,96,73,62,0,9,4,155,1068288.8193548387,1,,,,,,,,,,,,,,,,,,,,,,,,,,,
You Proof,Morgan Wallen,1,2022,5,13,2128,9,367814306.0,37,88,9,0,14,120,A,Major,73,64,85,25,0,61,3,428,859379.2196261683,11,2077273e-eaa1-4f49-903c-f286ededecb9,Morgan Wallen,Morgan Wallen,,,,,19357.0,164995.0,False,,,,,,,,,,,,,,,,,
LA INOCENTE,"Feid, Mora",2,2022,4,1,2598,37,477033549.0,28,57,43,8,85,92,F,Minor,76,46,79,31,0,7,6,470,1014964.9978723404,1,,,,,,,,,,,,,,,,,,,,,,,,,,,
Malas Decisiones,Kenia OS,1,2022,10,26,542,2,156214700.0,23,2,21,0,0,110,G#,Minor,81,64,79,5,0,31,3,262,596239.3129770992,1,,,,,,,,,,,,,,,,,,,,,,,,,,,
Murder In My Mind,Kordhell,1,2022,1,21,2459,20,448843705.0,20,68,50,0,22,120,A#,Major,71,57,97,1,0,13,11,540,831192.0462962963,1,,,,,,,,,,,,,,,,,,,,,,,,,,,
Gangsta's Paradise,"Coolio, L.V.",2,1995,7,11,10624,17,1357608774.0,21,0,386,0,,80,G#,Major,63,40,61,9,0,56,6,10231,132695.60883589092,1,,,,,,,,,,,,,,,,,,,,,,,,,,,
CAIRO,"Karol G, Ovy On The Drums",2,2022,11,13,2418,26,294352144.0,52,66,55,1,16,115,F,Minor,95,43,69,47,0,9,31,244,1206361.245901639,1,,,,,,,,,,,,,,,,,,,,,,,,,,,
I Love You So,The Walters,1,2014,11,28,7536,7,972164968.0,44,19,135,0,6,76,A#,Major,58,46,67,65,0,13,4,3151,308525.8546493177,1,61cdb045-7f89-4eb1-b3ed-35db94d9ab99,The Walters,,United States,,,,,,False,,,,,,,,,,,,,,,,,
Dark Red,Steve Lacy,1,2017,2,20,10431,7,920045682.0,71,53,181,0,10,172,F#,Major,60,77,78,45,0,12,6,2336,393855.1720890411,3,ca9766a0-1c30-43e6-a213-bac1334efc4a,Steve Lacy,Steve Lacy,United States,United States,jazz; post-bop; vocal jazz; avant-garde jazz; free jazz; jazz and blues; free improvisation,free jazz; jazz; saxophone; Avant-Garde Jazz; soprano sax; Avant-Garde; american; Steve Lacy; Post-Bop; sax; rnb; avant-jazz; soul; Hard Bop; jazz saxophone; saxophonist; free-jazz; free improvisation; ESP-Disk; experimental; funk; contemporary jazz; soprano saxophone; improv; improvisation; lesser known yet streamable artists; check out; Neo-Soul; All; jazz sax; Avantgarde Jazz; saxo; soprano saxophonists; seen live; chill; 70s; 80s; new york; Contemporary; abstract; jazz fusion; 90s; bebop; avant garde; unique; Favorite Artists; lofi; electroacoustic; investigate; Recommended; experimental jazz; 00s; interessant; improvisational; Virtuoso; thinking; ofwgkta; tzadik; the internet; jazz instrumental; great jazz musicians; multiple artists; soprano; The best of the best; radical jewish culture; master; ed blackwell; spotify; NWW list; Nice mix; impressionistic; avant garde jazz; clean feed; Avant Jazz; Saravah; cecil taylor; Jazzapedia; gammarec; robertitus global; w1k2 jazz; Radio Unlucido; music genius; RNB SOUL; rex ferric faves; Third Ear; new york city NY; Leo; impropozycja; 3ucho; sweet track; Jazz I like; soprano saxophonist; Lend me your ear; jazz legends; gumfuck; poszukac-jazz; liszaj radio; scott lafaro; jazz saxophonist; snazz,117543.0,1468868.0,False,,,,,,,,,,,,,,,,,
Dark Red,Steve Lacy,1,2017,2,20,10431,7,920045682.0,71,53,181,0,10,172,F#,Major,60,77,78,45,0,12,6,2336,393855.1720890411,3,b29020d6-5dbf-4c99-b16f-c009f8a712ff,Steve Lacy,,United States,,,,,,False,,,,,,,,,,,,,,,,,
Say You Won't Let Go,James Arthur,1,2016,9,9,15722,16,2420461338.0,231,37,"1,509",0,13,99,A#,Major,40,45,56,69,0,9,5,2500,968184.5352,2,56f62fe8-d3a0-46e0-b5df-a64a8b4b4274,James Arthur,James Arthur,United Kingdom,United Kingdom,pop; pop soul,pop; british; indie; acoustic; X factor; male vocalists; alternative; seen live; indie pop; singer-songwriter; rock; english; UK; male vocalist; United Kingdom; All; X-Factor; cant sing; x factor crap; male; soul; instrumental; pop rock; britpop; england; genius; Garage Rock; garage; Singer/Songwriter; Love it; <3; impossible; winner; the worst thing ever to happen to music; loved artists; swag; simply the best; Song Writer; Acoutic; upd; The X Factor;  ; excuse me while i replay this a thousand more times; not k-pop; x factor 2012; kksi; zermatt unplugged 2014; James Arthur; saltburn; X Factor UK; inpossible; staracademy; Your beast,483772.0,7762201.0,False,,,,,,,,,,,,,,,,,
Say You Won't Let Go,James Arthur,1,2016,9,9,15722,16,2420461338.0,231,37,"1,509",0,13,99,A#,Major,40,45,56,69,0,9,5,2500,968184.5352,2,c9ac122e-453c-42ec-b6e5-2e7dbc115520,James Arthur,,United States,,,,,,False,,,,,,,,,,,,,,,,,
The Hills,The Weeknd,1,2015,5,27,25744,4,1947371785.0,122,94,"1,992",0,18,136,,Minor,36,12,57,9,0,14,8,2971,655460.042073376,22,c8b03190-306c-4120-bb0b-6f2ebfc06ea9,The Weeknd,The Weeknd,Canada,Canada,rnb; r&b; pbr&b,rnb; electronic; dubstep; Canadian; prog-rnb,1273725.0,77088337.0,False,,,,,,,,,,,,,,,,,
Heart To Heart,Mac DeMarco,1,2019,5,10,1640,0,244658767.0,27,27,29,1,1,150,G#,Minor,90,64,14,67,35,11,10,1527,160221.85134250164,1,f2492c31-54a8-4347-a1fc-f81f72873bbf,Mac DeMarco,Mac DeMarco,Canada,Canada; United Kingdom,indie rock; indie pop; psychedelic pop; jangle pop; folk pop; singer/songwriter; lo-fi indie,Lo-Fi; indie; seen live; experimental; post-punk; indie rock; jangle pop; 80s-influenced; Jizz Jazz; Canadian; singer-songwriter; indie pop; psychedelic pop; rock; canada; psychedelic; dream pop; Psychedelic Rock; alternative; surf rock; slacker rock; jizz-jazz; pop; Surf; shoegaze; alternative rock; folk; Garage Rock; hypnagogic pop; Lo-Fi Indie; art rock; folk rock; male vocalists; 10s; British Columbia; chill; Experimental Rock; Avant-Garde; glam; chillwave; 2010s; duncan; Alt-country; glam rock; psychedelic folk; Vancouver; Neo-Psychedelia; All; canadians; art pop; surfgaze; goofball,537922.0,37010306.0,False,,,,,,,,,,,,,,,,,
Peaches (from The Super Mario Bros. Movie),Jack Black,1,2023,4,7,34,0,68216992.0,0,0,0,0,0,92,A#,Minor,71,41,31,79,0,10,5,99,689060.5252525252,1,caf8a53e-7f43-4be4-95d6-18d55e1f6e18,Jack Black,Jack Black,United States,United States,rock and indie,comedy; funny; rock; alternative; podcast; male vocalists; God of rock; american; singer-songwriter; odd; Soundtrack; seen live; cool; jack black; alternative rock; english; actor; cover song; tenacious d; rock-humor; Favorite Bands; seattle; hard rock; USA; cute; Comedy Rock; Awesome; r&b; Crap; shit; me likey; different; movie; coachella; god; Where; idols; movie soundtracks; fucking genius; i love you; beautiful voices; Favoritos; singing actors; if this were a pokemon i would catch it; Love him; favorite singers; divertido; nacho libre; rock  True  funny Tenacious; originals; unforgettable songs from when i was a teenager; People with initials JB; rock legend; modern pop and rock; best voice; zagraniczne; carminha; stuff philth takes no responsibility for; soska likes it; actors who think they can sing; everything better; great actor; celebrity crush; voces favoritas; frat pack; maurotozzola,41298.0,198309.0,False,,,,,,,,,,,,,,,,,
Peaches (from The Super Mario Bros. Movie),Jack Black,1,2023,4,7,34,0,68216992.0,0,0,0,0,0,92,A#,Minor,71,41,31,79,0,10,5,99,689060.5252525252,1,45bcb223-ae72-4227-bd98-eac34403b4c5,Jack Black,,United Kingdom,,,,,,False,,,,,,,,,,,,,,,,,
Peaches (from The Super Mario Bros. Movie),Jack Black,1,2023,4,7,34,0,68216992.0,0,0,0,0,0,92,A#,Minor,71,41,31,79,0,10,5,99,689060.5252525252,1,c400d58b-1c87-4a74-ab64-1bb84efbab9d,Jack Black,,United States,United States,,,,,False,,,,,,,,,,,,,,,,,
Marisola - Remix,"Duki, NICKI NICOLE, Cris Mj, Standly, Stars Music Chile",5,2022,12,15,1845,16,223582566.0,20,8,30,2,0,95,C#,Major,77,72,87,17,0,7,5,212,1054634.7452830188,1,,,,,,,,,,,,,,,,,,,,,,,,,,,
LOKERA,"Brray, Rauw Alejandro, Lyanno",3,2022,7,25,3301,30,471819764.0,72,64,64,6,3,102,B,Minor,83,58,83,21,0,10,5,355,1329069.7577464788,1,,,,,,,,,,,,,,,,,,,,,,,,,,,
Low,SZA,1,2022,12,9,1911,0,272377463.0,23,71,14,0,9,145,,Minor,70,34,55,43,0,16,6,218,1249437.9036697247,19,272989c8-5535-492d-a25c-9f58803e027f,SZA,SZA,United States,Jersey; United States,electronic; american; chillwave,soul; electronic; rnb; alternative rnb; female vocalists; Neo-Soul; alternative; american; seen live; Hip-Hop; indie; r&b; Neo Soul; tde; glitter trap; pop; trap; wonky; electronica; dream pop; synthpop; female vocalist; Missouri; rhythm & blues; future rnb; trip-hop; female; downtempo; singer-songwriter; 10s; new jersey; st louis; r'n'b; contemporary rnb; contemporary r&b; sza; perfect vocalists; rap; ambient; experimental; USA; urban; Psychedelic Soul; funk; underground hip-hop; psychedelic; Dreamy; ethereal; f; wishlist; jazzy; queer; rhythm and blues; chillwave; pop rap; 2010s; songwriting; witch house; us; america; alternative soul; All; disappointing; cloud rap; Pussy; neosoul; list; kendrick lamar; saint louis; scorpio; to try; electro soul; Maplewood; newbreed; futuregaze; indie soul; Popstep; rhythm'n'blues; again; jay rock; neo-sul; schoolboy q; Ab-Soul; soultronica; 2 times; isaiah rashad; musical journey to the ends of time; hameryka; underground soul; robertitus coleccion; glyph; best curls; alternative rhythm and blues; alternative R&B; eats tylenol like a muthufuka; scott moyer; buckets and baskets; 9876543210; 3 and 5 and 7 and 9; crnb,340198.0,13267561.0,False,,,,,,,,,,,,,,,,,
Numb,Linkin Park,1,2003,3,24,20111,5,1361425037.0,39,0,"7,341",0,0,110,A,Major,50,24,86,0,0,64,4,7418,183529.9321919655,2,f59c5520-5f46-4d2c-b2c4-822eabf53419,Linkin Park,Linkin Park,United States,United States,rock; alternative rock; industrial rock; metal; american; hip hop; usa; nu metal; new metal; américain; alternative metal; pop rock; rapcore; rap metal; rap rock; alt rock; nu-metal; rock and indie; united states; roxette; the greatest,rock; Nu Metal; alternative rock; alternative; metal; seen live; rapcore; Linkin Park; Nu-metal; alternative metal; american; hard rock; crossover; punk; electronic; pop; rap; rap rock; rap metal; emo; male vocalists; Hip-Hop; pop rock; USA; punk rock; lp; 00s; new metal; favorites; NOT METAL; indie; linkin; shit; California; electronic rock; Rap-Rock,3978390.0,294986508.0,False,,,,,,,,,,,,,,,,,
Tormenta (feat. Bad Bunny),"Gorillaz, Bad Bunny",2,2023,2,24,1529,0,149778242.0,32,18,39,2,0,95,,Major,64,30,77,46,0,38,6,141,1062257.035460993,1,,,,,,,,,,,,,,,,,,,,,,,,,,,
on the street (with J. Cole),"j-hope, J. Cole",2,2023,3,3,615,2,116599790.0,22,82,8,0,9,94,B,Minor,68,81,82,53,0,9,13,134,870147.6865671641,1,,,,,,,,,,,,,,,,,,,,,,,,,,,
One Thing At A Time,Morgan Wallen,1,2022,12,2,811,4,148469433.0,11,58,5,0,21,142,G,Major,61,92,91,0,0,26,3,225,659864.1466666666,11,2077273e-eaa1-4f49-903c-f286ededecb9,Morgan Wallen,Morgan Wallen,,,,,19357.0,164995.0,False,,,,,,,,,,,,,,,,,
Miss You,"Robin Schulz, Oliver Tree",2,2022,8,5,5730,10,497225336.0,108,16,197,3,165,145,F#,Minor,59,20,74,1,0,15,5,344,1445422.488372093,1,,,,,,,,,,,,,,,,,,,,,,,,,,,
Ainï¿½ï¿½ï¿½t Tha,Morgan Wallen,1,2023,3,3,356,4,88791109.0,4,20,0,0,0,121,F#,Minor,64,67,80,0,0,36,3,134,662620.2164179104,11,2077273e-eaa1-4f49-903c-f286ededecb9,Morgan Wallen,Morgan Wallen,,,,,19357.0,164995.0,False,,,,,,,,,,,,,,,,,
Thinkinï¿½ï¿½ï¿½ B,Morgan Wallen,1,2023,3,3,604,6,125917280.0,22,101,0,0,66,140,D#,Minor,66,43,76,49,0,12,3,134,939681.1940298508,11,2077273e-eaa1-4f49-903c-f286ededecb9,Morgan Wallen,Morgan Wallen,,,,,19357.0,164995.0,False,,,,,,,,,,,,,,,,,
Private Landing (feat. Justin Bieber & Future),"Don Toliver, Future, Justin Bieber",3,2023,2,23,1190,0,105062254.0,29,3,18,0,19,137,C#,Minor,84,44,67,8,0,11,6,142,739875.0281690141,1,,,,,,,,,,,,,,,,,,,,,,,,,,,
Everything I Love,Morgan Wallen,1,2023,1,31,579,0,95623148.0,11,54,0,0,103,104,G#,Major,56,72,85,0,0,15,3,165,579534.2303030303,11,2077273e-eaa1-4f49-903c-f286ededecb9,Morgan Wallen,Morgan Wallen,,,,,19357.0,164995.0,False,,,,,,,,,,,,,,,,,
Heaven,Niall Horan,1,2023,2,17,1553,2,144584800.0,61,6,48,0,150,92,F,Major,57,68,76,7,0,33,3,148,976924.3243243244,1,55e6074f-ef78-4ec3-8fff-bd1b8cc8c14a,Niall Horan,Niall Horan,Ireland,,lflores077@gmail.com,,248239.0,5122226.0,False,,,,,,,,,,,,,,,,,
LET GO,Central Cee,1,2022,12,15,2301,20,298063749.0,49,23,110,0,8,146,D,Minor,74,51,45,86,0,21,38,212,1405961.0801886793,2,,,,,,,,,,,,,,,,,,,,,,,,,,,
Sial,Mahalini,1,2023,1,23,134,4,166570053.0,4,6,0,0,23,120,D,Major,56,20,43,89,0,12,4,173,962832.676300578,1,,,,,,,,,,,,,,,,,,,,,,,,,,,
I Wrote The Book,Morgan Wallen,1,2023,1,31,430,0,83021468.0,15,17,0,0,0,144,D,Major,68,83,81,9,0,8,4,165,503160.4121212121,11,2077273e-eaa1-4f49-903c-f286ededecb9,Morgan Wallen,Morgan Wallen,,,,,19357.0,164995.0,False,,,,,,,,,,,,,,,,,
"Apna Bana Le (From ""Bhediya"")","Arijit Singh, Sachin-Jigar",2,2022,11,5,86,0,139836056.0,11,101,0,0,48,94,A,Major,59,44,56,80,0,6,3,252,554904.9841269841,1,,,,,,,,,,,,,,,,,,,,,,,,,,,
SPIT IN MY FACE!,ThxSoMch,1,2022,10,31,629,14,303216294.0,32,3,9,0,0,94,G#,Major,73,65,79,5,2,11,6,257,1179829.937743191,2,,,,,,,,,,,,,,,,,,,,,,,,,,,
PLAYA DEL INGLï¿½,"Myke Towers, Quevedo",2,2022,12,15,1701,15,221409663.0,30,15,34,2,47,113,G,Minor,79,66,74,8,0,11,5,212,1044385.2028301888,1,,,,,,,,,,,,,,,,,,,,,,,,,,,
Man Made A Bar (feat. Eric Church),"Morgan Wallen, Eric Church",2,2023,3,3,329,0,58890931.0,14,35,1,0,0,148,E,Major,50,49,76,12,0,12,3,134,439484.5597014925,1,,,,,,,,,,,,,,,,,,,,,,,,,,,
Red Ruby Da Sleeze,Nicki Minaj,1,2023,3,3,1168,0,81419389.0,45,11,20,0,21,98,C#,Major,70,29,73,12,0,11,26,134,607607.3805970149,2,1036b808-f58c-4a3e-b461-a2c4492ecf1b,Nicki Minaj,Nicki Minaj,United States,Trinidad and Tobago; United States,electronic; pop; rap; hip-hop; hip hop; r&b; a filk artist,Hip-Hop; rap; rnb; pop; hip hop; female vocalists; sexy; nicki minaj; dance; american; r&b; new york; seen live; bitch; pop rap; electropop; barbie; young money; electronic; female vocalist; female rapper; USA; <3; trinidad and tobago; female rap; dance-pop; urban; shit; trinidadian; nicki; queen of rap; diva; hiphop; overrated; Fierce bitch; its barbie bitch; female; alternative; singer-songwriter; Crap; 10s; Love; 3; party; amazing; guilty pleasure; the worst thing ever to happen to music; pink friday; better than iggy azalea; chillout; chill; world; fun; World Music; hot; english; sunflower; female rappers; Skitz0rz; uitluisteren artist; holloween skitz0rz; my dance room,2051684.0,69694864.0,False,,,,,,,,,,,,,,,,,
Kahani Suno 2.0,Kaifi Khalil,1,2022,5,31,162,6,156777415.0,1,10,1,0,1,140,B,Major,58,26,38,91,0,10,4,410,382383.9390243903,1,,,,,,,,,,,,,,,,,,,,,,,,,,,
Nobody Gets Me,SZA,1,2022,12,9,2536,6,284908316.0,59,100,58,13,2,100,G,Major,36,28,28,81,0,18,3,218,1306918.880733945,19,272989c8-5535-492d-a25c-9f58803e027f,SZA,SZA,United States,Jersey; United States,electronic; american; chillwave,soul; electronic; rnb; alternative rnb; female vocalists; Neo-Soul; alternative; american; seen live; Hip-Hop; indie; r&b; Neo Soul; tde; glitter trap; pop; trap; wonky; electronica; dream pop; synthpop; female vocalist; Missouri; rhythm & blues; future rnb; trip-hop; female; downtempo; singer-songwriter; 10s; new jersey; st louis; r'n'b; contemporary rnb; contemporary r&b; sza; perfect vocalists; rap; ambient; experimental; USA; urban; Psychedelic Soul; funk; underground hip-hop; psychedelic; Dreamy; ethereal; f; wishlist; jazzy; queer; rhythm and blues; chillwave; pop rap; 2010s; songwriting; witch house; us; america; alternative soul; All; disappointing; cloud rap; Pussy; neosoul; list; kendrick lamar; saint louis; scorpio; to try; electro soul; Maplewood; newbreed; futuregaze; indie soul; Popstep; rhythm'n'blues; again; jay rock; neo-sul; schoolboy q; Ab-Soul; soultronica; 2 times; isaiah rashad; musical journey to the ends of time; hameryka; underground soul; robertitus coleccion; glyph; best curls; alternative rhythm and blues; alternative R&B; eats tylenol like a muthufuka; scott moyer; buckets and baskets; 9876543210; 3 and 5 and 7 and 9; crnb,340198.0,13267561.0,False,,,,,,,,,,,,,,,,,
PERO Tï¿,"Karol G, Quevedo",2,2023,2,23,387,11,93438910.0,11,15,14,3,1,140,F#,Major,86,68,79,39,0,11,29,142,658020.4929577465,1,,,,,,,,,,,,,,,,,,,,,,,,,,,
Hype Boy,NewJeans,1,2022,8,1,892,17,363472647.0,20,119,12,2,7,100,E,Minor,59,78,94,27,0,29,23,348,1044461.6293103448,6,,,,,,,,,,,,,,,,,,,,,,,,,,,
Bloody Mary,Lady Gaga,1,2011,1,1,3909,0,372476382.0,66,26,277,3,734,100,A,Minor,59,49,65,2,0,13,3,4578,81362.250327654,2,650e7db6-b795-4eb5-a702-5ea2fc46c848,Lady Gaga,Lady Gaga,United States,United States,electronic; synthpop; pop; american; usa; electropop; américain; dance-pop; pop rock; united states; the fame; gata rahe mera dil; edge of glory,pop; dance; electronic; female vocalists; female vocalist; Lady Gaga; electropop; seen live; american; gaga; singer-songwriter; sexy; diva; glam; 00s; dance-pop; electronica; synthpop; legend; dance pop; electro; guilty pleasure; rock; Disco; female; party; poker face; hot; USA; mother monster; new york; club; gay; queen of pop; Queen; amazing; <3; bitch; Love; LADY; techno; alternative; rnb; monster; catchy; icon,3820581.0,285469647.0,False,,,,,,,,,,,,,,,,,
Monotonï¿½,"Ozuna, Shakira",2,2022,10,19,3645,15,380726517.0,118,34,150,4,19,132,,Minor,87,82,70,42,0,21,5,269,1415340.2118959108,1,,,,,,,,,,,,,,,,,,,,,,,,,,,
ýýý98 Braves,Morgan Wallen,1,2023,3,3,282,0,56533272.0,6,15,0,0,0,142,D,Major,49,48,67,10,0,26,3,134,421890.0895522388,11,2077273e-eaa1-4f49-903c-f286ededecb9,Morgan Wallen,Morgan Wallen,,,,,19357.0,164995.0,False,,,,,,,,,,,,,,,,,
WANDA,Quevedo,1,2023,1,20,888,22,175399345.0,11,24,7,1,7,176,E,Minor,72,96,63,25,0,21,7,176,996587.1875,4,,,,,,,,,,,,,,,,,,,,,,,,,,,
Thought You Should Know,Morgan Wallen,1,2022,5,6,968,4,203221468.0,16,53,1,0,61,140,F#,Major,53,51,70,49,0,14,3,435,467175.7885057471,11,2077273e-eaa1-4f49-903c-f286ededecb9,Morgan Wallen,Morgan Wallen,,,,,19357.0,164995.0,False,,,,,,,,,,,,,,,,,
In The End,Linkin Park,1,2000,10,24,25065,6,1624165576.0,63,0,"6,808",2,0,105,D#,Minor,55,40,90,1,0,32,6,8299,195706.178575732,2,f59c5520-5f46-4d2c-b2c4-822eabf53419,Linkin Park,Linkin Park,United States,United States,rock; alternative rock; industrial rock; metal; american; hip hop; usa; nu metal; new metal; américain; alternative metal; pop rock; rapcore; rap metal; rap rock; alt rock; nu-metal; rock and indie; united states; roxette; the greatest,rock; Nu Metal; alternative rock; alternative; metal; seen live; rapcore; Linkin Park; Nu-metal; alternative metal; american; hard rock; crossover; punk; electronic; pop; rap; rap rock; rap metal; emo; male vocalists; Hip-Hop; pop rock; USA; punk rock; lp; 00s; new metal; favorites; NOT METAL; indie; linkin; shit; California; electronic rock; Rap-Rock,3978390.0,294986508.0,False,,,,,,,,,,,,,,,,,
Zona De Perigo,Leo Santana,1,2022,12,8,531,4,134294498.0,20,1,71,2,0,135,F,Major,81,97,77,75,0,35,3,219,613216.8858447488,1,,,,,,,,,,,,,,,,,,,,,,,,,,,
Lovezinho,Treyce,1,2022,7,28,242,0,70069745.0,12,2,13,0,4,128,E,Minor,82,61,59,30,0,12,4,352,199061.77556818185,1,,,,,,,,,,,,,,,,,,,,,,,,,,,
I Like You (A Happier Song) (with Doja Cat),"Post Malone, Doja Cat",2,2022,6,3,5281,14,609293408.0,94,21,80,15,38,101,F,Major,74,43,69,12,0,12,7,407,1497035.4004914004,1,,,,,,,,,,,,,,,,,,,,,,,,,,,
Neverita,Bad Bunny,1,2022,5,6,2590,30,671365962.0,20,64,35,6,0,122,A#,Major,88,43,50,7,0,14,5,435,1543370.0275862068,19,89aa5ecb-59ad-46f5-b3eb-2d424e941f19,Bad Bunny,Bad Bunny,United States,,hip hop; latin urban; latin trap,,136813.0,2292156.0,False,,,,,,,,,,,,,,,,,
Vista Al Mar,Quevedo,1,2022,9,8,1769,34,362361576.0,16,19,21,3,4,105,,Minor,76,49,56,80,12,10,13,310,1168908.3096774193,4,,,,,,,,,,,,,,,,,,,,,,,,,,,
Sem Alianï¿½ï¿½a no ,"MC Xenon, Os Gemeos da Putaria",2,2022,12,23,454,4,93587665.0,6,1,21,0,1,83,C#,Major,53,40,36,73,0,11,33,204,458763.0637254902,1,,,,,,,,,,,,,,,,,,,,,,,,,,,
Enemy (with JID) - from the series Arcane League of Legends,"Imagine Dragons, League of Legends, JID, Arcane",4,2021,9,3,6180,7,1223481149.0,122,88,580,21,10,77,B,Minor,72,59,76,24,0,42,28,680,1799236.9838235294,1,,,,,,,,,,,,,,,,,,,,,,,,,,,
Revenge,XXXTENTACION,1,2017,8,25,3600,11,1022258230.0,7,0,203,0,2,140,B,Minor,75,18,25,78,0,11,26,2150,475468.9441860465,2,61af87f4-16ee-4431-8504-cc06187079fb,XXXTENTACION,,United States,,rap; x; xxxtentacion; jahseh onfroy,,,,False,,,,,,,,,,,,,,,,,
Bombonzinho - Ao Vivo,"Israel & Rodolffo, Ana Castela",2,2022,11,3,1254,6,263453310.0,26,69,73,2,6,158,C#,Major,65,72,95,31,0,92,5,254,1037217.7559055118,1,,,,,,,,,,,,,,,,,,,,,,,,,,,
LA CANCIï¿½,"J Balvin, Bad Bunny",2,2019,6,28,6398,31,1435127549.0,177,109,305,3,5,176,G,Major,75,43,65,15,0,11,32,1478,970992.9289580514,1,,,,,,,,,,,,,,,,,,,,,,,,,,,
Quï¿½ï¿½ Ago,"Yuridia, Angela Aguilar",2,2022,10,20,660,15,236857112.0,19,59,18,5,52,98,B,Major,73,88,57,56,0,5,2,268,883795.1940298508,1,,,,,,,,,,,,,,,,,,,,,,,,,,,
Love Again,The Kid Laroi,1,2023,1,27,1283,0,147538971.0,57,4,48,0,0,107,B,Minor,66,47,40,72,0,11,3,169,873011.6627218935,2,,,,,,,,,,,,,,,,,,,,,,,,,,,
After Hours,The Weeknd,1,2020,2,19,8084,6,698086140.0,45,115,218,1,221,109,F,Minor,66,16,57,10,1,12,3,1242,562066.1352657005,22,c8b03190-306c-4120-bb0b-6f2ebfc06ea9,The Weeknd,The Weeknd,Canada,Canada,rnb; r&b; pbr&b,rnb; electronic; dubstep; Canadian; prog-rnb,1273725.0,77088337.0,False,,,,,,,,,,,,,,,,,
About Damn Time,Lizzo,1,2022,7,15,2332,2,723894473.0,0,0,25,0,0,109,A#,Minor,84,72,74,10,0,34,7,365,1983272.528767124,3,8fb5370b-9568-4b61-9da5-2aa12c9928db,Lizzo,Lizzo,United States,,,,121747.0,1606919.0,False,,,,,,,,,,,,,,,,,
Born With A Beer In My Hand,Morgan Wallen,1,2023,3,3,203,0,34450974.0,5,9,0,0,0,148,,Major,53,61,81,5,0,36,4,134,257096.8208955224,11,2077273e-eaa1-4f49-903c-f286ededecb9,Morgan Wallen,Morgan Wallen,,,,,19357.0,164995.0,False,,,,,,,,,,,,,,,,,
ýýýýýýýýýýýýýýýýýýýýý,Fujii Kaze,1,2020,5,20,685,14,403097450.0,24,94,9,0,23,158,F#,Minor,60,52,76,17,0,19,5,1151,350214.986967854,1,,,,,,,,,,,,,,,,,,,,,,,,,,,
Besos Moja2,"Wisin & Yandel, ROSALï¿½",2,2022,9,29,2460,13,309483971.0,53,7,56,3,1,94,F,Minor,74,64,73,6,0,10,6,289,1070878.7923875432,1,,,,,,,,,,,,,,,,,,,,,,,,,,,
Maan Meri Jaan,King,1,2022,10,12,288,6,319566866.0,11,80,1,0,8,96,F#,Minor,70,40,51,35,0,10,4,276,1157850.963768116,1,e6b770d2-4fb6-4416-8722-471717fdd41d,King,King,United Kingdom,Australia; Canada; Colombia; Mauritius; Slovakia; United Kingdom,,80s; new wave; pop; british; rock; death metal; black metal; new romantic; deathcore; synthpop; metalcore; metal; dubstep; rnb; hardcore; UK; male vocalists; electronic; soul; Melodic Death Metal; english; melodic black metal; symphonic death metal; hard rock; pop rock; australian; 80's; 1980s; Girl Groups; multiple artists; alternative rnb; classic rock; heavy metal; seen live; electropop; indie; female; jazz; hip hop; punk; Grunge; alternative; favorite songs; reggae; rap; Progressive metal; female vocalists; power pop; singer-songwriter; dance; Queen; acoustic; Blue-Eyed Soul; dance-pop; urban; jangle pop; soft rock; blues; 90s; england; JPop; Drum and bass; Drum n Bass; dnb; glam; glam rock; australia; gospel; female vocalist; guilty pleasure; underrated; 00s; Colombia; Nu Metal; black death metal; reprise; Neo Soul; Neo-Soul; math metal; Deutschrap; synth-pop; FUCKING AWESOME; two-tone; United Kingdom; everything; flint; Coventry; black/death metal; groove metal; mtv; 80er; brutal deathcore; canadian metal; beatdown; slovak; 80s vocals; Beat It; Mauritius; forgotten; Highly recommended,138405.0,861559.0,True,,,,,,,,,,,,,,,,,
Maan Meri Jaan,King,1,2022,10,12,288,6,319566866.0,11,80,1,0,8,96,F#,Minor,70,40,51,35,0,10,4,276,1157850.963768116,1,4e3f587e-c4d5-49e1-89db-32b471882daf,King,King,Canada,Australia; Canada; Colombia; Mauritius; Slovakia; United Kingdom,hip hop,80s; new wave; pop; british; rock; death metal; black metal; new romantic; deathcore; synthpop; metalcore; metal; dubstep; rnb; hardcore; UK; male vocalists; electronic; soul; Melodic Death Metal; english; melodic black metal; symphonic death metal; hard rock; pop rock; australian; 80's; 1980s; Girl Groups; multiple artists; alternative rnb; classic rock; heavy metal; seen live; electropop; indie; female; jazz; hip hop; punk; Grunge; alternative; favorite songs; reggae; rap; Progressive metal; female vocalists; power pop; singer-songwriter; dance; Queen; acoustic; Blue-Eyed Soul; dance-pop; urban; jangle pop; soft rock; blues; 90s; england; JPop; Drum and bass; Drum n Bass; dnb; glam; glam rock; australia; gospel; female vocalist; guilty pleasure; underrated; 00s; Colombia; Nu Metal; black death metal; reprise; Neo Soul; Neo-Soul; math metal; Deutschrap; synth-pop; FUCKING AWESOME; two-tone; United Kingdom; everything; flint; Coventry; black/death metal; groove metal; mtv; 80er; brutal deathcore; canadian metal; beatdown; slovak; 80s vocals; Beat It; Mauritius; forgotten; Highly recommended,138405.0,861559.0,True,,,,,,,,,,,,,,,,,
Maan Meri Jaan,King,1,2022,10,12,288,6,319566866.0,11,80,1,0,8,96,F#,Minor,70,40,51,35,0,10,4,276,1157850.963768116,1,ecb31c88-51df-42fd-afa7-37b813fc64d4,King,,Netherlands,,,,,,False,,,,,,,,,,,,,,,,,
Maan Meri Jaan,King,1,2022,10,12,288,6,319566866.0,11,80,1,0,8,96,F#,Minor,70,40,51,35,0,10,4,276,1157850.963768116,1,2c26d109-ad21-45a2-866d-22429586e9c2,King,,United States,,,,,,False,,,,,,,,,,,,,,,,,
Maan Meri Jaan,King,1,2022,10,12,288,6,319566866.0,11,80,1,0,8,96,F#,Minor,70,40,51,35,0,10,4,276,1157850.963768116,1,4d125f14-89d0-4d68-a5fd-70b41805a247,King,,Slovakia,,,,,,False,,,,,,,,,,,,,,,,,
Maan Meri Jaan,King,1,2022,10,12,288,6,319566866.0,11,80,1,0,8,96,F#,Minor,70,40,51,35,0,10,4,276,1157850.963768116,1,388f214b-fb65-4715-a35d-8ecf4580bf00,King,,,,,,,,False,,,,,,,,,,,,,,,,,
Maan Meri Jaan,King,1,2022,10,12,288,6,319566866.0,11,80,1,0,8,96,F#,Minor,70,40,51,35,0,10,4,276,1157850.963768116,1,4b66e95c-a063-4511-adb7-dfbb1d611fcd,King,,Italy,,,,,,False,,,,,,,,,,,,,,,,,
Maan Meri Jaan,King,1,2022,10,12,288,6,319566866.0,11,80,1,0,8,96,F#,Minor,70,40,51,35,0,10,4,276,1157850.963768116,1,32ee1f86-6817-4a7f-bb19-1269ffaceb3a,King,,United States,,,,,,False,,,,,,,,,,,,,,,,,
Maan Meri Jaan,King,1,2022,10,12,288,6,319566866.0,11,80,1,0,8,96,F#,Minor,70,40,51,35,0,10,4,276,1157850.963768116,1,7fdfed1c-e721-4c22-9bfa-fdf9738f1b34,King,,,,,,,,False,,,,,,,,,,,,,,,,,
Maan Meri Jaan,King,1,2022,10,12,288,6,319566866.0,11,80,1,0,8,96,F#,Minor,70,40,51,35,0,10,4,276,1157850.963768116,1,f76fcdff-9e6d-495e-b31e-3f44ff347995,King,,,,,,,,False,,,,,,,,,,,,,,,,,
Maan Meri Jaan,King,1,2022,10,12,288,6,319566866.0,11,80,1,0,8,96,F#,Minor,70,40,51,35,0,10,4,276,1157850.963768116,1,a7cf3fc8-44c8-4743-92f9-17c3c4315166,King,,,,melodic death metal; melodic black metal,,,,False,,,,,,,,,,,,,,,,,
Moscow Mule,Bad Bunny,1,2022,5,6,4572,33,909001996.0,74,113,85,9,2,100,F,Minor,80,29,67,29,0,12,3,435,2089659.76091954,19,89aa5ecb-59ad-46f5-b3eb-2d424e941f19,Bad Bunny,Bad Bunny,United States,,hip hop; latin urban; latin trap,,136813.0,2292156.0,False,,,,,,,,,,,,,,,,,
My Universe,"Coldplay, BTS",2,2021,9,24,6127,13,1061966512.0,0,0,0,0,0,105,A,Major,58,42,68,1,0,14,4,659,1611481.808801214,1,,,,,,,,,,,,,,,,,,,,,,,,,,,
Devil Donï¿½ï¿½ï¿½,Morgan Wallen,1,2023,3,3,166,0,32526947.0,2,10,0,0,0,125,,Major,53,32,66,38,0,9,3,134,242738.4104477612,11,2077273e-eaa1-4f49-903c-f286ededecb9,Morgan Wallen,Morgan Wallen,,,,,19357.0,164995.0,False,,,,,,,,,,,,,,,,,
LLYLM,ROSALï¿½,1,2023,1,27,1838,0,124988687.0,105,41,114,1,59,170,F#,Minor,56,56,63,13,0,19,27,169,739578.0295857989,2,,,,,,,,,,,,,,,,,,,,,,,,,,,
I'm Not Here To Make Friends,"Sam Smith, Calvin Harris, Jessie Reyez",3,2023,1,27,1890,0,103787664.0,86,1,49,0,9,115,,Major,70,84,90,17,0,41,6,169,614128.1893491125,1,,,,,,,,,,,,,,,,,,,,,,,,,,,
TRUSTFALL,P!nk,1,2023,1,27,2098,16,134255790.0,88,24,101,7,451,122,G#,Major,64,25,89,0,0,15,9,169,794412.9585798817,1,f4d5cc07-3bc9-4836-9b15-88a08359bc63,P!nk,P!nk,United States,United States,pop; electropop; dance-pop; pop rock; pop and chart; united states; sober; contemporary r&b,pop; pop rock; female vocalists; rock; female; seen live; pink; american; P!nk; dance; rnb; singer-songwriter; female vocalist; 00s; alternative; punk; Pop-Rock; sexy; USA; Hip-Hop; alternative rock; electronic; r&b; soul; pop punk; indie; Awesome; favorites; party; fun; dance-pop; amazing; cool; english,2495211.0,68613195.0,False,,,,,,,,,,,,,,,,,
ANTIFRAGILE,LE SSERAFIM,1,2022,10,17,761,12,301051721.0,23,95,11,0,3,105,A#,Minor,88,82,80,8,0,11,8,271,1110891.959409594,2,,,,,,,,,,,,,,,,,,,,,,,,,,,
Boy's a liar,PinkPantheress,1,2022,11,30,1225,0,156338624.0,27,0,28,13,0,133,F,Major,66,74,84,25,0,21,4,227,688716.4052863437,1,,,,,,,,,,,,,,,,,,,,,,,,,,,
VIBE (feat. Jimin of BTS),"TAEYANG, Jimin",2,2023,1,13,415,2,152850295.0,15,40,21,1,15,100,,Major,79,60,68,7,0,26,4,183,835247.5136612022,1,,,,,,,,,,,,,,,,,,,,,,,,,,,
Shirt,SZA,1,2022,10,28,3469,0,309653982.0,71,95,31,0,2,120,D#,Minor,82,55,45,15,3,9,10,260,1190976.853846154,19,272989c8-5535-492d-a25c-9f58803e027f,SZA,SZA,United States,Jersey; United States,electronic; american; chillwave,soul; electronic; rnb; alternative rnb; female vocalists; Neo-Soul; alternative; american; seen live; Hip-Hop; indie; r&b; Neo Soul; tde; glitter trap; pop; trap; wonky; electronica; dream pop; synthpop; female vocalist; Missouri; rhythm & blues; future rnb; trip-hop; female; downtempo; singer-songwriter; 10s; new jersey; st louis; r'n'b; contemporary rnb; contemporary r&b; sza; perfect vocalists; rap; ambient; experimental; USA; urban; Psychedelic Soul; funk; underground hip-hop; psychedelic; Dreamy; ethereal; f; wishlist; jazzy; queer; rhythm and blues; chillwave; pop rap; 2010s; songwriting; witch house; us; america; alternative soul; All; disappointing; cloud rap; Pussy; neosoul; list; kendrick lamar; saint louis; scorpio; to try; electro soul; Maplewood; newbreed; futuregaze; indie soul; Popstep; rhythm'n'blues; again; jay rock; neo-sul; schoolboy q; Ab-Soul; soultronica; 2 times; isaiah rashad; musical journey to the ends of time; hameryka; underground soul; robertitus coleccion; glyph; best curls; alternative rhythm and blues; alternative R&B; eats tylenol like a muthufuka; scott moyer; buckets and baskets; 9876543210; 3 and 5 and 7 and 9; crnb,340198.0,13267561.0,False,,,,,,,,,,,,,,,,,
Lift Me Up - From Black Panther: Wakanda Forever - Music From and Inspired By,Rihanna,1,2022,10,28,3311,0,297328960.0,129,31,212,1,41,177,A,Major,25,17,30,90,0,13,3,260,1143572.923076923,1,73e5e69d-3554-40d8-8516-00cb38737a1c,Rihanna,Rihanna,United States,Barbados; United States,pop; dance; hip hop; reggae; contemporary r b; electropop; rnb; barbadian; dance-pop; dancehall; electro house; pop and chart; pop soul; rihanna; barbadien; barbados; barbade; rehab; r&b; contemporary r&b,pop; rnb; female vocalists; dance; Hip-Hop; Rihanna; r&b; seen live; reggae; hip hop; sexy; female; female vocalist; american; dancehall; barbados; soul; barbadian; electronic; 00s; dance-pop; club; urban; r'n'b; guilty pleasure; electropop; hot; party; rhythm and blues; dance pop; Love; diva; beautiful; rock; USA; pop rock; mainstream; r and b; Guilty Pleasures; hiphop; legend; bitch; rap; House; alternative; amazing; english; Britney Spears; umbrella,4558193.0,199248986.0,False,,,,,,,,,,,,,,,,,
STAR WALKIN' (League of Legends Worlds Anthem),Lil Nas X,1,2022,9,22,2616,0,332506354.0,113,17,208,0,192,142,D,Minor,64,31,72,15,0,9,5,296,1123332.277027027,3,,,,,,,,,,,,,,,,,,,,,,,,,,,
"Sex, Drugs, Etc.",Beach Weather,1,2016,11,4,3006,16,480507035.0,47,60,87,12,124,144,E,Minor,57,47,84,1,1,52,4,2444,196606.8064648118,1,ddb0a21a-af9f-4333-aa31-214bdaafad37,Beach Weather,Beach Weather,,,,,17104.0,164325.0,False,,,,,,,,,,,,,,,,,
Boy With Luv (feat. Halsey),"Halsey, BTS",2,2019,4,12,4260,0,1065580332.0,113,92,259,0,1,120,B,Minor,65,80,86,9,0,19,10,1555,685260.6636655949,1,,,,,,,,,,,,,,,,,,,,,,,,,,,
"Hey, Mickey!",Baby Tate,1,2016,9,27,482,0,122763672.0,9,1,12,4,3,135,D,Major,92,73,51,55,0,15,6,2482,49461.59226430298,1,c9fa72a6-b170-479b-be45-708c553370c6,Baby Tate,Baby Tate,United States,,,piedmont blues; All; blues; acoustic blues; mybbqmusic; library test,1085.0,3931.0,False,,,,,,,,,,,,,,,,,
Calm Down,Rï¿½ï,1,2022,2,9,4013,10,445763624.0,107,44,750,22,,107,B,Major,81,82,78,38,0,12,4,521,855592.3685220729,1,,,,,,,,,,,,,,,,,,,,,,,,,,,
Jhoome Jo Pathaan,"Arijit Singh, Vishal Dadlani, Sukriti Kakar, Vishal-Shekhar, Shekhar Ravjiani, Kumaar",6,2022,12,22,138,4,1365184.0,13,78,2,0,0,105,G,Major,82,62,74,10,0,33,7,205,6659.434146341463,1,,,,,,,,,,,,,,,,,,,,,,,,,,,
Escapism. - Sped Up,"RAYE, 070 Shake",2,2022,11,25,1368,0,184308753.0,12,1,11,0,8,108,F#,Minor,44,38,77,9,0,9,20,232,794434.2801724138,2,,,,,,,,,,,,,,,,,,,,,,,,,,,
Space Song,Beach House,1,2015,1,1,17852,4,789753877.0,69,76,335,0,,147,,Minor,51,62,79,22,13,14,3,3117,253369.86750080207,1,d5cc67b8-1cc4-453b-96e8-44487acdebea,Beach House,Beach House,United States,United States,indie pop; dream pop; rock and indie,dream pop; seen live; indie pop; indie; Lo-Fi; Dreamy; shoegaze; female vocalists; american; electronic; pop; indie rock; Baltimore; alternative; psychedelic; ethereal; melancholic; Mellow; folk; ambient; experimental; chillout; maryland; 00s; USA; dreampop; beach house; soft; rock; downtempo; beautiful; chill; electronica; Neo-Psychedelia; baroque pop; Dream; gilbert,1210107.0,70580349.0,False,76682.0,Beach House,67.0,0.218,0.509,320467.0,0.79,0.125,C,0.144,-7.105,Minor,0.0293,147.07299999999998,4-Apr,0.625,Rock
Dreamers [Music from the FIFA World Cup Qatar 2022 Official Soundtrack],"BTS, Jung Kook, FIFA Sound",3,2022,11,20,889,20,323358833.0,11,78,35,0,21,115,,Major,71,34,88,16,0,44,4,237,1364383.2616033754,1,,,,,,,,,,,,,,,,,,,,,,,,,,,
Te Felicito,"Shakira, Rauw Alejandro",2,2022,4,21,4796,9,606361689.0,124,66,212,13,1,174,F,Major,70,57,64,23,0,8,32,450,1347470.42,1,,,,,,,,,,,,,,,,,,,,,,,,,,,
Muï¿½ï¿½,"Steve Aoki, Tini, La Joaqui",3,2023,1,12,658,6,120972253.0,33,7,53,2,0,90,A#,Minor,68,83,71,3,0,31,8,184,657457.8967391305,1,,,,,,,,,,,,,,,,,,,,,,,,,,,
TV,Billie Eilish,1,2022,7,21,3009,2,338564981.0,68,89,65,0,25,141,E,Minor,41,9,25,84,1,14,4,359,943077.9415041782,5,f4abc0b5-3f7a-4eff-8f78-ac078dbce533,Billie Eilish,Billie Eilish,United States,,,,421966.0,19136414.0,False,,,,,,,,,,,,,,,,,
I'm Not The Only One,Sam Smith,1,2014,1,1,17492,3,1606986953.0,136,24,"1,959",0,30,82,F,Major,68,50,49,56,0,8,4,3482,461512.6229178633,1,5a85c140-dcf9-4dd2-b2c8-aff0471549f3,Sam Smith,Sam Smith,United Kingdom,United Kingdom,pop; soul; blue-eyed soul; pop soul; synth funk; alternative r&b,soul; pop; british; electronic; dance; seen live; male vocalists; singer-songwriter; rnb; england; r&b; english; sam smith; indie; alternative; All; UK; Blue-Eyed Soul; london; Neo-Soul; electropop; folk; pop rock; soft rock; male vocalist; queer; Neo Soul; overrated; United Kingdom; 2014; contemporary rnb; sad pop; pop soul,952286.0,27985845.0,False,,,,,,,,,,,,,,,,,
I'm Not The Only One,Sam Smith,1,2014,1,1,17492,3,1606986953.0,136,24,"1,959",0,30,82,F,Major,68,50,49,56,0,8,4,3482,461512.6229178633,1,2b0641e8-c900-41e0-8498-6145aa4c1d32,Sam Smith,,United States,,,,,,False,,,,,,,,,,,,,,,,,
I'm Not The Only One,Sam Smith,1,2014,1,1,17492,3,1606986953.0,136,24,"1,959",0,30,82,F,Major,68,50,49,56,0,8,4,3482,461512.6229178633,1,08837896-1219-4746-823b-20c20ae5f7b2,Sam Smith,,,,,,,,False,,,,,,,,,,,,,,,,,
I'm Not The Only One,Sam Smith,1,2014,1,1,17492,3,1606986953.0,136,24,"1,959",0,30,82,F,Major,68,50,49,56,0,8,4,3482,461512.6229178633,1,70e561a0-a008-487e-9f58-13b2caa7c38e,Sam Smith,,United Kingdom,,,,,,False,,,,,,,,,,,,,,,,,
I'm Not The Only One,Sam Smith,1,2014,1,1,17492,3,1606986953.0,136,24,"1,959",0,30,82,F,Major,68,50,49,56,0,8,4,3482,461512.6229178633,1,10ea95cf-b825-4599-b4fe-bf937dcd0cbd,Sam Smith,,,,,,,,False,,,,,,,,,,,,,,,,,
I'm Not The Only One,Sam Smith,1,2014,1,1,17492,3,1606986953.0,136,24,"1,959",0,30,82,F,Major,68,50,49,56,0,8,4,3482,461512.6229178633,1,15ac6aa0-6e65-47db-8448-32eb506df40a,Sam Smith,,Australia,,,,,,False,,,,,,,,,,,,,,,,,
I'm Not The Only One,Sam Smith,1,2014,1,1,17492,3,1606986953.0,136,24,"1,959",0,30,82,F,Major,68,50,49,56,0,8,4,3482,461512.6229178633,1,1a9862e3-0dda-473f-a9d7-0302e8840b23,Sam Smith,,United Kingdom,,,,,,False,,,,,,,,,,,,,,,,,
Heather,Conan Gray,1,2020,3,20,6170,7,1301799902.0,82,1,231,0,2,92,F,Major,47,25,43,62,0,32,3,1212,1074092.3283828383,1,850a8b03-98a7-4fd3-afbd-5e5520b4ef5f,Conan Gray,Conan Gray,United States,,added for google code-in 2017,,47605.0,590282.0,False,,,,,,,,,,,,,,,,,
"Besharam Rang (From ""Pathaan"")","Vishal-Shekhar, Shilpa Rao, Caralisa Monteiro, Kumaar, Vishal Dadlani, Shekhar Ravjiani",6,2022,12,12,130,4,140187018.0,21,79,2,0,0,116,G#,Minor,77,65,80,6,0,15,4,215,652032.6418604652,1,,,,,,,,,,,,,,,,,,,,,,,,,,,
One Kiss (with Dua Lipa),"Calvin Harris, Dua Lipa",2,2017,6,2,27705,10,1897517891.0,537,122,"2,726",6,,124,A,Minor,79,59,86,4,0,8,11,2234,849381.3299015219,1,,,,,,,,,,,,,,,,,,,,,,,,,,,
Sugar Rush Ride,TOMORROW X TOGETHER,1,2023,1,27,359,0,107642809.0,12,56,13,0,13,125,A#,Minor,71,83,89,1,0,17,9,169,636939.6982248521,1,,,,,,,,,,,,,,,,,,,,,,,,,,,
Pink Venom,BLACKPINK,1,2022,8,19,1963,16,551305895.0,57,119,77,1,13,90,,Major,80,71,69,2,0,27,10,330,1670623.9242424243,3,48646387-1664-4c9a-9139-9bfd091b823c,BLACKPINK,BLACKPINK,South Korea,,,,138956.0,12488202.0,False,,,,,,,,,,,,,,,,,
WAIT FOR U (feat. Drake & Tems),"Drake, Future, Tems",3,2022,4,27,5491,14,556585270.0,128,84,75,0,35,83,C#,Major,46,34,64,31,0,7,34,444,1253570.4279279278,1,,,,,,,,,,,,,,,,,,,,,,,,,,,
Don't Start Now,Dua Lipa,1,2019,10,31,27119,0,2303033973.0,532,77,"1,535",3,8,124,B,Minor,79,68,79,1,0,10,8,1353,1702168.494456763,3,6f1a58bf-9b1b-49cf-a44a-6cefad7ae04f,Dua Lipa,Dua Lipa,United Kingdom,,synthpop; electropop; contemporary r&b,,510281.0,22356378.0,False,,,,,,,,,,,,,,,,,
After Dark,Mr.Kitty,1,2014,8,8,1776,14,646886885.0,1,9,3,0,0,140,G#,Major,58,4,60,7,41,8,3,3263,198249.1219736439,1,4be3b2fa-0b31-445c-babf-475944be8971,Mr.Kitty,Mr.kitty,,United States,,synthpop; electronic; 8-bit; new wave; chiptune; Nintendocore; witch house; breakcore; darkwave; electropop; hxcmotherfucker; american; experimental; Electroclash; synth-pop; seen live; pop; synth pop; dark pop; computer music; newbreed; self-destructive synthpop; electronica; goth; ambient; power pop; electro; Gothic; 8bit; bitpop; Europop; electro-pop; Electro-Punk; synthwave; Disco; 80s; grindcore; singer-songwriter; USA; dance; industrial; post-punk; techno; minimal; idm; new rave; Electro Pop; cosmic; thrash; dark electro; complex; trippy; male vocalists; anime; vocoder; futurepop; dance-punk; visual; cold wave; check later; dark wave; reverb; chillwave; chiptunes; <3; drag; america; want; All; bookmarked; synthpunk; techno-pop; dreamwave; disco-punk; retrowave; cloud rap; dark synth; Tecno; gothic pop; 80s revival; darksynth; music i tried but didnt like; broken-clash; experimental electro-pop; post-kircore; new retro wave; animecore; tecno-pop; crystal castles clone; witchhouse; in the witch house family; us american; darkly; nitendocore; retro wave; AnimePop; Electronic-depressive-post-retro-kircore; emo-cyber-gothic-anus; classical anus; cyber-emo-gothic anus,46587.0,1480596.0,False,,,,,,,,,,,,,,,,,
Eu Gosto Assim - Ao Vivo,"Gustavo Mioto, Mari Fernandez",2,2022,9,16,1473,4,222612678.0,27,64,66,1,4,154,,Major,64,61,91,15,0,72,4,302,737128.0728476822,1,,,,,,,,,,,,,,,,,,,,,,,,,,,
INDUSTRY BABY (feat. Jack Harlow),"Jack Harlow, Lil Nas X",2,2021,7,23,13315,0,1814349763.0,300,47,690,0,,150,D#,Minor,74,89,70,2,0,5,6,722,2512949.810249308,1,,,,,,,,,,,,,,,,,,,,,,,,,,,
MIDDLE OF THE NIGHT,Elley Duhï¿,1,2020,1,10,4057,8,872137015.0,78,21,240,1,52,186,E,Minor,41,9,61,2,0,12,5,1282,680294.0834633386,1,,,,,,,,,,,,,,,,,,,,,,,,,,,
Atlantis,Seafret,1,2015,4,22,3045,6,571386359.0,43,53,134,1,32,166,G#,Minor,40,23,48,5,0,12,3,3006,190081.95575515635,1,1802f74a-21e5-44f4-9da5-8ea3ac6ce34c,Seafret,Seafret,United Kingdom,,,,169744.0,2339761.0,False,86740.0,Seafret,63.0,0.0529,0.4,229173.0,0.479,2.14e-06,G#,0.115,-7.989,Minor,0.0308,166.15900000000002,4-Apr,0.213,Rock
PUNTO 40,"Baby Rasta, Rauw Alejandro",2,2022,9,22,3006,12,304079786.0,54,32,66,2,0,107,,Major,87,20,83,0,4,31,9,296,1027296.5743243244,1,,,,,,,,,,,,,,,,,,,,,,,,,,,
Evoque Prata,"DJ Escobar, MC MENOR SG, MC MENOR HR",3,2022,9,9,852,0,174006928.0,14,1,50,0,0,87,G,Major,87,52,52,31,0,28,24,309,563129.216828479,1,,,,,,,,,,,,,,,,,,,,,,,,,,,
How Do I Say Goodbye,Dean Lewis,1,2022,8,5,2163,15,284785823.0,72,97,58,0,154,82,G#,Major,40,39,64,21,0,7,7,344,827865.7645348837,1,21e9df94-3c2c-4c15-b069-fefa58bcd650,Dean Lewis,Dean Lewis,Australia,,,,156960.0,1613110.0,False,,,,,,,,,,,,,,,,,
Blind,SZA,1,2022,12,9,1484,0,163284000.0,22,51,12,0,0,114,A,Minor,46,60,28,91,0,21,4,218,749009.1743119266,19,272989c8-5535-492d-a25c-9f58803e027f,SZA,SZA,United States,Jersey; United States,electronic; american; chillwave,soul; electronic; rnb; alternative rnb; female vocalists; Neo-Soul; alternative; american; seen live; Hip-Hop; indie; r&b; Neo Soul; tde; glitter trap; pop; trap; wonky; electronica; dream pop; synthpop; female vocalist; Missouri; rhythm & blues; future rnb; trip-hop; female; downtempo; singer-songwriter; 10s; new jersey; st louis; r'n'b; contemporary rnb; contemporary r&b; sza; perfect vocalists; rap; ambient; experimental; USA; urban; Psychedelic Soul; funk; underground hip-hop; psychedelic; Dreamy; ethereal; f; wishlist; jazzy; queer; rhythm and blues; chillwave; pop rap; 2010s; songwriting; witch house; us; america; alternative soul; All; disappointing; cloud rap; Pussy; neosoul; list; kendrick lamar; saint louis; scorpio; to try; electro soul; Maplewood; newbreed; futuregaze; indie soul; Popstep; rhythm'n'blues; again; jay rock; neo-sul; schoolboy q; Ab-Soul; soultronica; 2 times; isaiah rashad; musical journey to the ends of time; hameryka; underground soul; robertitus coleccion; glyph; best curls; alternative rhythm and blues; alternative R&B; eats tylenol like a muthufuka; scott moyer; buckets and baskets; 9876543210; 3 and 5 and 7 and 9; crnb,340198.0,13267561.0,False,,,,,,,,,,,,,,,,,
Die For You,Joji,1,2022,11,4,1703,0,246390068.0,38,45,36,16,0,148,G#,Major,47,15,52,38,13,29,5,253,973873.7865612648,3,74922d42-c3ec-4f7d-8a24-20da6eda6ba6,Joji,,United States,,,,,,False,,,,,,,,,,,,,,,,,
Die For You,Joji,1,2022,11,4,1703,0,246390068.0,38,45,36,16,0,148,G#,Major,47,15,52,38,13,29,5,253,973873.7865612648,3,fa8bf53c-89d7-4753-9e1d-e4372740dbb7,Joji,,,,,,,,False,,,,,,,,,,,,,,,,,
Doja,Central Cee,1,2022,7,20,4169,44,482257456.0,57,44,183,1,11,140,F#,Major,91,97,57,38,0,40,29,360,1339604.0444444444,2,,,,,,,,,,,,,,,,,,,,,,,,,,,
Gatita,Bellakath,1,2022,10,3,1054,0,168684524.0,9,0,15,0,1,101,G,Major,90,76,81,15,24,33,6,285,591875.5228070176,1,,,,,,,,,,,,,,,,,,,,,,,,,,,
Rumble,"Skrillex, Flowdan, Fred again..",3,2022,1,17,2849,0,78489819.0,39,45,27,0,1,140,C#,Minor,81,6,84,5,23,6,6,544,144282.75551470587,1,,,,,,,,,,,,,,,,,,,,,,,,,,,
Niagara Falls (Foot or 2) [with Travis Scott & 21 Savage],"Travis Scott, 21 Savage, Metro Boomin",3,2022,12,2,1602,0,195516622.0,12,22,12,0,2,88,G,Minor,49,24,66,19,0,18,29,225,868962.7644444444,1,,,,,,,,,,,,,,,,,,,,,,,,,,,
Yonaguni,Bad Bunny,1,2021,6,4,9644,28,1260594497.0,120,86,164,4,0,180,C#,Major,64,44,65,28,0,14,12,771,1635012.317769131,19,89aa5ecb-59ad-46f5-b3eb-2d424e941f19,Bad Bunny,Bad Bunny,United States,,hip hop; latin urban; latin trap,,136813.0,2292156.0,False,,,,,,,,,,,,,,,,,
Super Freaky Girl,Nicki Minaj,1,2022,8,12,4827,0,428685680.0,104,17,76,9,2,133,D,Major,95,91,89,6,0,31,24,337,1272064.3323442135,2,1036b808-f58c-4a3e-b461-a2c4492ecf1b,Nicki Minaj,Nicki Minaj,United States,Trinidad and Tobago; United States,electronic; pop; rap; hip-hop; hip hop; r&b; a filk artist,Hip-Hop; rap; rnb; pop; hip hop; female vocalists; sexy; nicki minaj; dance; american; r&b; new york; seen live; bitch; pop rap; electropop; barbie; young money; electronic; female vocalist; female rapper; USA; <3; trinidad and tobago; female rap; dance-pop; urban; shit; trinidadian; nicki; queen of rap; diva; hiphop; overrated; Fierce bitch; its barbie bitch; female; alternative; singer-songwriter; Crap; 10s; Love; 3; party; amazing; guilty pleasure; the worst thing ever to happen to music; pink friday; better than iggy azalea; chillout; chill; world; fun; World Music; hot; english; sunflower; female rappers; Skitz0rz; uitluisteren artist; holloween skitz0rz; my dance room,2051684.0,69694864.0,False,,,,,,,,,,,,,,,,,
Running Up That Hill (A Deal With God),Kate Bush,1,1985,9,16,21811,0,1024858327.0,117,1,676,3,0,108,A#,Minor,63,20,55,72,0,6,6,13816,74179.09141574985,1,4b585938-f271-45e2-b19a-91c634b5e396,Kate Bush,Kate Bush,United Kingdom,United Kingdom,rock; synthpop; pop; alternative rock; 70s; 80s; 90s; folk; british; singer-songwriter; uk; alternative; producer; female vocalists; art rock; baroque pop; pop rock; english; england; kent; bexleyheath; rock and indie; soulful; progressive pop; wuthering heights; ambient pop; singer/songwriter; art pop,female vocalists; singer-songwriter; pop; alternative; 80s; british; rock; Progressive rock; art rock; experimental; female; art pop; Kate Bush; alternative rock; new wave; female vocalist; 70s; baroque pop; indie; Progressive Pop; ethereal; Progressive; Avant-Garde; piano; genius; 90s; pop rock; beautiful; folk; UK; english; electronic; alternative pop; classic rock; england; ambient; 00s; Female Voices; sensual; legend; Eccentric; atmospheric; Favourites; indie pop; dream pop; eclectic; chillout; unique; seen live; college rock; quirky; favourite; goddess; female vocals; sexy; britpop; amazing; female vocal; theatrical; electronica; indie rock; Love; soft rock; romantic; ecto; vocal; acoustic; ambient pop,1160104.0,40349519.0,False,,,,,,,,,,,,,,,,,
Dream On,Aerosmith,1,1973,1,5,168,0,838586769.0,0,0,5,0,0,80,F,Minor,39,24,43,39,0,23,3,18453,45444.46805397496,1,3d2b98e5-556f-4451-a3ff-c50ea18d57cb,Aerosmith,Aerosmith,United States,United States,rock; heavy metal; metal; american; hard rock; blues rock; album rock; soft rock; pop rock; arena rock; blues-rock; classic pop and rock; pop-metal; medley a b; contemporary pop/rock; classic rock. blues rock,rock; classic rock; hard rock; 80s; 70s; seen live; aerosmith; american; blues rock; alternative; 90s; heavy metal; metal; alternative rock; glam rock; male vocalists; rock n roll; blues; USA; hair metal; pop; pop rock; Rock and Roll; classic; oldies,2904687.0,72269474.0,False,,,,,,,,,,,,,,,,,
Limbo,Freddie Dredd,1,2022,8,11,688,0,199386237.0,14,1,17,0,2,75,B,Minor,80,46,62,3,6,11,46,338,589900.1094674557,1,a40ea317-e531-428a-909b-da1e68700573,Freddie Dredd,Freddie Dredd,Canada,,,,8406.0,228523.0,False,,,,,,,,,,,,,,,,,
Where Are You Now,"Lost Frequencies, Calum Scott",2,2021,7,30,10565,44,972509632.0,238,122,557,17,58,121,F#,Minor,67,26,64,52,0,17,10,715,1360153.3314685314,1,,,,,,,,,,,,,,,,,,,,,,,,,,,
WORTH NOTHING,"Twisted, Oliver Tree",2,2022,9,28,1612,0,213438580.0,34,54,34,0,2,140,D,Minor,58,17,62,18,0,20,8,290,735995.1034482758,1,,,,,,,,,,,,,,,,,,,,,,,,,,,
Bad Habits,Ed Sheeran,1,2020,9,3,12755,8,1555511105.0,344,97,945,15,,126,B,Minor,81,59,90,5,0,36,3,1045,1488527.3732057416,9,b8a7c51f-362c-4dcb-a259-bc6e0095f0a6,Ed Sheeran,Ed Sheeran,United Kingdom,United Kingdom,pop; guitarist; folk; uk; singer; dance-pop; pop rap; folk pop; rapper; pop soul; singer/songwriter; ed sheeran does not make sillyname tracks ಠ_ಠ,acoustic; british; singer-songwriter; easy-listening; Grime; pop; seen live; male vocalists; indie; folk; alternative; Ed Sheeran; Hip-Hop; rock; UK; soul; indie pop; indie folk; english; england; overrated; pop rock; male vocalist; folk pop; Love; guitar; rap; cute; folk rock; suffolk; chillout; Mellow; 00s; Acoustic Rock; 10s; ed; fucking AMAZINGGGGGGGGGGGGGGGGGGGGGGGGGGGGGGGGGGGGGGGGGGGGGGGGGGGGGGGGGGGGGGGGGGGGGGGGGGGGGGGGGGGGGGGGGGGGGGGGGGGGGGGGGg; Soundtrack; easy listening; romantic; amazing; Alternative Folk; love at first listen; want to see live; All; ginger,1620379.0,85083256.0,False,,,,,,,,,,,,,,,,,
Bad Habits,Ed Sheeran,1,2020,9,3,12755,8,1555511105.0,344,97,945,15,,126,B,Minor,81,59,90,5,0,36,3,1045,1488527.3732057416,9,3bca1168-e7c6-4beb-9af9-db9dc674b1fa,Ed Sheeran,,United Kingdom,United Kingdom,wrong-one,,,,False,,,,,,,,,,,,,,,,,
KICK BACK,Kenshi Yonezu,1,2022,10,12,574,4,210038833.0,38,101,26,0,0,102,C#,Major,58,29,94,0,0,9,11,276,761010.2644927537,1,,,,,,,,,,,,,,,,,,,,,,,,,,,
Evergreen (You Didnï¿½ï¿½ï¿½t Deserve Me A,Omar Apollo,1,2022,4,8,2499,0,227918678.0,70,0,49,0,0,82,A,Major,70,31,34,60,1,11,4,463,492264.96328293736,1,0b966a38-5ad9-43c1-b86b-c07079523165,Omar Apollo,omar apollo,,,,,62975.0,591534.0,False,,,,,,,,,,,,,,,,,
Good Days,SZA,1,2020,12,24,10426,2,826623384.0,133,109,182,1,10,121,C#,Minor,46,53,78,23,0,72,6,933,885984.3344051447,19,272989c8-5535-492d-a25c-9f58803e027f,SZA,SZA,United States,Jersey; United States,electronic; american; chillwave,soul; electronic; rnb; alternative rnb; female vocalists; Neo-Soul; alternative; american; seen live; Hip-Hop; indie; r&b; Neo Soul; tde; glitter trap; pop; trap; wonky; electronica; dream pop; synthpop; female vocalist; Missouri; rhythm & blues; future rnb; trip-hop; female; downtempo; singer-songwriter; 10s; new jersey; st louis; r'n'b; contemporary rnb; contemporary r&b; sza; perfect vocalists; rap; ambient; experimental; USA; urban; Psychedelic Soul; funk; underground hip-hop; psychedelic; Dreamy; ethereal; f; wishlist; jazzy; queer; rhythm and blues; chillwave; pop rap; 2010s; songwriting; witch house; us; america; alternative soul; All; disappointing; cloud rap; Pussy; neosoul; list; kendrick lamar; saint louis; scorpio; to try; electro soul; Maplewood; newbreed; futuregaze; indie soul; Popstep; rhythm'n'blues; again; jay rock; neo-sul; schoolboy q; Ab-Soul; soultronica; 2 times; isaiah rashad; musical journey to the ends of time; hameryka; underground soul; robertitus coleccion; glyph; best curls; alternative rhythm and blues; alternative R&B; eats tylenol like a muthufuka; scott moyer; buckets and baskets; 9876543210; 3 and 5 and 7 and 9; crnb,340198.0,13267561.0,False,,,,,,,,,,,,,,,,,
Levitating (feat. DaBaby),"Dua Lipa, DaBaby",2,2020,3,27,15894,8,1802514301.0,198,13,544,0,60,103,F#,Minor,70,92,83,1,0,7,6,1205,1495862.4904564316,1,,,,,,,,,,,,,,,,,,,,,,,,,,,
Woman,Doja Cat,1,2021,6,25,9424,0,1329090101.0,202,50,463,4,,108,F,Minor,82,88,76,9,0,12,9,750,1772120.1346666666,6,5df62a88-cac9-490a-b62c-c7c88f4020f4,Doja Cat,Doja Cat,,United States,,pop; rnb; rap; alternative; female vocalists; Dope; r&b; Hip-Hop; hip hop; USA; american; electronic; indie pop; internet; r and b; f; pop rap; 10s; 2010s; us; high; United States; bass music; Hell Yeah; Acid Trip; musical journey to the ends of time; list-en; seapunk hip hop; party city; dogs and cats,99950.0,1555095.0,False,,,,,,,,,,,,,,,,,
Shut up My Moms Calling - (Sped Up),Hotel Ugly,1,2022,9,14,713,7,181831132.0,2,4,6,0,0,85,F,Minor,65,36,47,31,0,12,10,304,598128.7236842106,2,,,,,,,,,,,,,,,,,,,,,,,,,,,
Ferrari,"James Hype, Miggy Dela Rosa",2,2022,3,14,7758,28,462791599.0,173,79,175,0,168,125,C#,Minor,84,70,69,1,0,5,5,488,948343.4405737704,1,,,,,,,,,,,,,,,,,,,,,,,,,,,
"You're On Your Own, Kid",Taylor Swift,1,2022,10,21,2537,2,348647203.0,8,18,20,0,1,120,D,Major,69,40,39,41,0,13,6,267,1305794.767790262,34,20244d07-534f-4eff-b4d4-930878889970,Taylor Swift,Taylor Swift,United States,United States,pop; country; electropop; female vocals; dance-pop; pop rock; country pop; contemporary country; teen pop; top 40; country-pop; taylor-swift; singer/songwriter; fixme label mess; hp,country; pop; female vocalists; singer-songwriter; acoustic; taylor swift; country pop; american; seen live; female; pop rock; female vocalist; Love; 00s; contemporary country; USA; beautiful; folk; pop country; modern country; guilty pleasure; rock; amazing; taylor; world; chill; chillout; 3; World Music; sunflower; Skitz0rz; uitluisteren artist; holloween skitz0rz; fav888; my dance room; teen pop; <3; cute; Awesome; sweet; synthpop; Favorite; Female country; legend; talented; love story; 2000s; lovely,2203262.0,171760219.0,False,,,,,,,,,,,,,,,,,
"Kesariya (From ""Brahmastra"")","Pritam, Arijit Singh, Amitabh Bhattacharya",3,2022,7,17,292,6,366599607.0,26,98,4,0,0,94,,Major,58,44,57,57,0,10,3,363,1009916.2727272728,1,,,,,,,,,,,,,,,,,,,,,,,,,,,
Agudo Mï¿½ï¿½gi,"Styrx, utku INC, Thezth",3,1930,1,1,323,0,90598517.0,4,0,14,0,0,130,F#,Minor,65,49,80,22,4,7,5,34163,2651.948511547581,1,,,,,,,,,,,,,,,,,,,,,,,,,,,
Payphone,"Maroon 5, Wiz Khalifa",2,2012,1,1,14143,4,1479264469.0,56,38,"1,891",1,,110,E,Major,74,51,74,2,0,29,4,4213,351119.0289579872,1,,,,,,,,,,,,,,,,,,,,,,,,,,,
All I Want for Christmas Is You,Mariah Carey,1,1994,10,28,25653,0,1449779435.0,387,132,"2,094",0,,150,G,Major,34,33,63,16,0,7,4,10487,138245.3928673596,1,494e8d09-f85b-4543-892f-a5096aed1cd4,Mariah Carey,Mariah Carey,United States,United States,pop; american; soul; rnb; dance-pop; adult contemporary; girl; whistle register; pop and chart; pop soul; christmas music; contemporary r&b,pop; rnb; female vocalists; soul; Mariah Carey; Hip-Hop; 90s; female; diva; american; r&b; dance; female vocalist; r and b; singer-songwriter; mariah; 00s; hip hop; sexy; legend; urban; Love; Ballad; seen live; christmas; love songs; ballads; beautiful; rhythm and blues; rock; USA; vocal; adult contemporary; 80s; skinny legend; sweet; female vocals; english; romantic; amazing; mimi; alternative; divas; favorites; dance-pop; jazz; female artists; favourite artists; mc,2459108.0,74250907.0,False,,,,,,,,,,,,,,,,,
Last Christmas,Wham!,1,1984,1,1,22153,0,1159176109.0,274,111,"1,302",0,,107,B,Minor,74,88,65,28,0,46,3,14440,80275.35380886427,1,d570bb31-b9ca-45a4-a2d9-11b186d9c159,Wham!,Wham!,United Kingdom,United Kingdom,synthpop; pop; british; uk; dance-pop; blue-eyed soul; pop rap; english; classic pop and rock; christmas music,80s; pop; british; new wave; dance,1226369.0,9103738.0,False,,,,,,,,,,,,,,,,,
Rockin' Around The Christmas Tree,Brenda Lee,1,1958,1,1,14994,0,769213520.0,191,168,206,0,,140,G#,Major,70,85,41,71,0,45,5,23936,32136.260026737968,1,6ca4886a-8f77-4133-b404-46fb3908e24a,Brenda Lee,Brenda Lee,United States,Georgia; United States,rock; pop; american; country; classic pop and rock,oldies; 60s; female vocalists; country; rockabilly; pop; christmas; Brenda Lee; 50s; Rock and Roll; american; jazz; female; female vocalist; rock n roll; classic rock; rock; soul; Rock 'n' Roll; georgia; vocal; USA; rockabilly women; swing; Imelda May; Nina and the Hot Spots; classic; Country-Pop; blues; classic country; atlanta; All; golden oldies; Female rockabilly; vocal jazz; Retro; the ladies that should sit on my sofa or somewhere else in my flat because they are darlings and oh so lovely; rhythm and blues; female vocal; Female Voices; jump blues; brenda; nashville sound; Devil Doll; feminine cavern of love; seen live; 70s; 80s; sexy; easy listening; female vocals; 50's; 60's; The Beatles; Girl Groups; lee; connie francis; new swing; 60s girls; easy listning; pra; pure sex; am pop; my ladies; Just cant get enough; free range caucasians; kittycow; femalie vocalists; rockabilly female vocalists; smell of female,675770.0,3829706.0,False,,,,,,,,,,,,,,,,,
Jingle Bell Rock,Bobby Helms,1,1957,1,1,10326,0,741301563.0,165,99,104,0,,119,D,Major,74,78,37,84,0,6,3,24301,30504.981811448088,1,502b3244-0f7d-470c-99e9-b17fe6bcaabf,Bobby Helms,Bobby Helms,United States,United States,,country; christmas; rockabilly; oldies; male vocalists; 50s; american; xmas; Rock and Roll; Bobby Helms; 60s; USA; easy listening; rock n roll; crooners; Indiana; classic rock; pop; rock; soul; 70s; 80s; singer-songwriter; vocal jazz; blues; holiday; All; male solo artist; vocal; jazz; Dead; favorites; Country-Pop; swing; 90s; male vocalist; classic country; mood; music; old; forever; everything; bloomington; countrypolitan; Christmas Music; Joululaulut; north america; Traditional Country; spotify; mistletunes; Early Rock; good ole homely country folk playing banjo yodeling; nashville sound; jingle bell rock; oir mas; moje standards; jingle bell; christmas list; Christams; rokabilly; Kinescope; 20th century pop; stupid flanders; Jingle bell rocl; Fin di anja; Pasco,500364.0,1644695.0,False,,,,,,,,,,,,,,,,,
It's Beginning To Look A Lot Like Christmas,Michael Bublï¿,1,2011,10,14,12353,0,807561936.0,35,0,549,0,0,93,E,Major,35,38,23,91,0,29,3,4292,188155.1575023299,2,,,,,,,,,,,,,,,,,,,,,,,,,,,
Santa Tell Me,Ariana Grande,1,2013,12,13,9408,0,834129063.0,231,106,439,0,,133,G,Major,46,53,63,5,0,30,18,3501,238254.5167095116,2,f4fdbb4c-e4b7-47a0-b83b-d91bbfcfa387,Ariana Grande,Ariana Grande,United States,United States,pop; electropop; dance-pop; electro house; r&b; contemporary r&b; ag4,pop; female vocalists; rnb; Ariana Grande; nickelodeon; american; r&b; dance; soul; singer-songwriter; florida; dance-pop; electropop; sexy; USA; 3; Bridgit Mendler; Soundtrack; seen live; female vocalist; 10s; teen pop; Mariah Carey; contemporary rnb; chillout; chill; cute; world; World Music; boca raton; All; Selena Gomez; justin bieber; Skitz0rz; uitluisteren artist; holloween skitz0rz; Hip-Hop; electronic; female; beautiful; guilty pleasure; hot; trap; sunflower; Miley Cyrus; my dance room; hip hop; pop rock; Queen; electro house; english; perfect; EDM; United States; Demi Lovato; victorious; fav888; rock; C; urban; House; g; k; 1; f; dance pop; j; 4; shit; R; lovely; Disney; overrated; E; misc; 9; 2; 7; us; songs; 13; 5; 6; i; o; 8; 0; x; bats; r'n'b; d; Shady; s; b; cancer; h; a; w; amazing voice; m,1098133.0,106673207.0,False,,,,,,,,,,,,,,,,,
It's the Most Wonderful Time of the Year,Andy Williams,1,1963,10,14,8879,0,663832097.0,182,107,160,0,1,202,G,Major,24,76,60,77,0,12,4,21824,30417.526438782992,1,57cb4257-9855-4a42-b1be-bfba1d9b520d,Andy Williams,Andy Williams,United States,United States,jazz; easy listening soundtracks and musicals,oldies; 60s; easy listening; pop; male vocalists; american; jazz; lounge; Andy Williams; christmas; classic rock; swing; 50s; crooners; crooner; vocal; Retro; iowa; USA; Smooth Jazz; Soundtrack; 70s; classic pop; country; rock; Traditional Pop; romantic; acid jazz; easy; Andy; All; golden oldies; male; soul; classic; favorites; acoustic; soft rock; funk; blues; groove; Big Band; funky; jecks; deceased; wall lake; Love; vocal jazz; vocals; smooth; male vocalist; 60's; 1960s; everything; david; scott; evergreen; easy listning; The; Christmas Music; Vocal Pop; dexter; w; erotique; and; Williams; schlageroldies; the king of easy listening; where do i beginlove story; moyer; farbel,756473.0,5999545.0,False,28325.0,Andy Williams,68.0,0.7659999999999999,0.24,151933.0,0.598,0.0,G,0.1169999999999999,-8.435,Major,0.037,202.082,3-Apr,0.7759999999999999,Jazz
It's the Most Wonderful Time of the Year,Andy Williams,1,1963,10,14,8879,0,663832097.0,182,107,160,0,1,202,G,Major,24,76,60,77,0,12,4,21824,30417.526438782992,1,ab7c3708-9761-4f7e-9636-68ed38f609ca,Andy Williams,,United Kingdom,,,,,,False,28325.0,Andy Williams,68.0,0.7659999999999999,0.24,151933.0,0.598,0.0,G,0.1169999999999999,-8.435,Major,0.037,202.082,3-Apr,0.7759999999999999,Jazz
It's the Most Wonderful Time of the Year,Andy Williams,1,1963,10,14,8879,0,663832097.0,182,107,160,0,1,202,G,Major,24,76,60,77,0,12,4,21824,30417.526438782992,1,92ffc770-00e4-4274-8344-dc6466c06726,Andy Williams,,United Kingdom,,punk; uk; drums; anarcho; england; milton keynes,,,,False,28325.0,Andy Williams,68.0,0.7659999999999999,0.24,151933.0,0.598,0.0,G,0.1169999999999999,-8.435,Major,0.037,202.082,3-Apr,0.7759999999999999,Jazz
It's the Most Wonderful Time of the Year,Andy Williams,1,1963,10,14,8879,0,663832097.0,182,107,160,0,1,202,G,Major,24,76,60,77,0,12,4,21824,30417.526438782992,1,7ea94a35-7bf8-4a14-bccc-41e6c0d563dd,Andy Williams,,,,,,,,False,28325.0,Andy Williams,68.0,0.7659999999999999,0.24,151933.0,0.598,0.0,G,0.1169999999999999,-8.435,Major,0.037,202.082,3-Apr,0.7759999999999999,Jazz
It's the Most Wonderful Time of the Year,Andy Williams,1,1963,10,14,8879,0,663832097.0,182,107,160,0,1,202,G,Major,24,76,60,77,0,12,4,21824,30417.526438782992,1,5cf8bebf-2685-4223-8497-d264886ddf0f,Andy Williams,,,,,,,,False,28325.0,Andy Williams,68.0,0.7659999999999999,0.24,151933.0,0.598,0.0,G,0.1169999999999999,-8.435,Major,0.037,202.082,3-Apr,0.7759999999999999,Jazz
It's the Most Wonderful Time of the Year,Andy Williams,1,1963,10,14,8879,0,663832097.0,182,107,160,0,1,202,G,Major,24,76,60,77,0,12,4,21824,30417.526438782992,1,157b1e04-c8b5-4fe4-ab0b-02f3a4c830b1,Andy Williams,,United Kingdom,,,,,,False,28325.0,Andy Williams,68.0,0.7659999999999999,0.24,151933.0,0.598,0.0,G,0.1169999999999999,-8.435,Major,0.037,202.082,3-Apr,0.7759999999999999,Jazz
It's the Most Wonderful Time of the Year,Andy Williams,1,1963,10,14,8879,0,663832097.0,182,107,160,0,1,202,G,Major,24,76,60,77,0,12,4,21824,30417.526438782992,1,7924f0b1-8a8c-4cee-a4c9-7f63a822496a,Andy Williams,,United Kingdom,United States,indie rock,,,,False,28325.0,Andy Williams,68.0,0.7659999999999999,0.24,151933.0,0.598,0.0,G,0.1169999999999999,-8.435,Major,0.037,202.082,3-Apr,0.7759999999999999,Jazz
It's the Most Wonderful Time of the Year,Andy Williams,1,1963,10,14,8879,0,663832097.0,182,107,160,0,1,202,G,Major,24,76,60,77,0,12,4,21824,30417.526438782992,1,81e23b53-ede9-4321-a210-d29e94cf1398,Andy Williams,,United Kingdom,United States,,,,,False,28325.0,Andy Williams,68.0,0.7659999999999999,0.24,151933.0,0.598,0.0,G,0.1169999999999999,-8.435,Major,0.037,202.082,3-Apr,0.7759999999999999,Jazz
It's the Most Wonderful Time of the Year,Andy Williams,1,1963,10,14,8879,0,663832097.0,182,107,160,0,1,202,G,Major,24,76,60,77,0,12,4,21824,30417.526438782992,1,499beb76-d760-42da-8585-367601932e2d,Andy Williams,,United States,United States,,,,,False,28325.0,Andy Williams,68.0,0.7659999999999999,0.24,151933.0,0.598,0.0,G,0.1169999999999999,-8.435,Major,0.037,202.082,3-Apr,0.7759999999999999,Jazz
Let It Snow! Let It Snow! Let It Snow!,Dean Martin,1,1959,11,16,6512,0,446390129.0,88,1,277,0,0,134,C#,Major,45,72,24,91,0,18,4,23252,19197.924006537072,1,5e6c760b-42e0-4df4-a221-0269355da00a,Dean Martin,Dean Martin,United States,Italy; United States,pop; american; country pop; big band; vocal jazz; classic pop and rock; standards; traditional pop; christmas music,jazz; swing; oldies; easy listening; lounge; Rat Pack; male vocalists; crooners; Dean Martin; 50s; american; 60s; crooner; pop; vocal jazz; jazz vocal; Big Band; vocal; christmas; blues; romantic; country; Standards; male vocalist; dino; 40s; USA; italian; Ohio; Traditional Pop; Retro; cool; classic rock; classic; Mellow; Vocal Pop,1271988.0,15877991.0,False,,,,,,,,,,,,,,,,,
Snowman,Sia,1,2017,1,1,5140,0,690104769.0,85,110,500,0,,105,C#,Major,72,33,51,48,0,9,3,2386,289230.833612741,2,2f548675-008d-4332-876c-108b0c7ab9c5,Sia,Sia,Australia,Australia,downtempo; pop; australian; electropop; indie pop; dance-pop; acid jazz; chamber pop; pop and chart; mbs-333,female vocalists; chillout; indie; trip-hop; downtempo; australian; pop; singer-songwriter; electronic; alternative; indie pop; female vocalist; seen live; sia; female; Mellow; electronica; chill; australia; beautiful; trip hop; soul; easy listening; ambient; relaxing; 00s; rock; lounge; Aussie; dance; jazz; Love; female vocals; gilbert; acoustic; electropop; six feet under; vocal; indie rock; favorites; piano; Favorite; chill out; alternative rock; sexy; soft; Adelaide; Zero 7,2124548.0,80113588.0,False,,,,,,,,,,,,,,,,,
Underneath the Tree,Kelly Clarkson,1,2013,10,25,6596,0,485285717.0,144,99,251,0,0,160,G#,Major,51,69,81,0,0,21,5,3550,136700.20197183095,1,d339efbb-77b9-4147-ba9e-59f2f24550b2,Kelly Clarkson,Kelly Clarkson,United States,United States,rock; pop; electropop; dance-pop; pop rock; american idol; pop and chart; teen pop; fixme label mess; a filk artist,pop; female vocalists; pop rock; rock; Kelly Clarkson; American Idol; female; alternative; american; seen live; female vocalist; dance; singer-songwriter; 00s; Pop-Rock; indie; alternative rock; Kelly; USA; soul; emo; teen pop; idol; punk; guilty pleasure; english; country; favorites; female artists; rnb; Guilty Pleasures; Officially Shit; electronic; Love; soft rock; Awesome; amazing; texas,2425837.0,64551596.0,False,32214.0,Kelly Clarkson,58.0,0.0013,0.509,229640.0,0.812,1.99e-05,G#,0.214,-5.438,Major,0.0537,159.876,4-Apr,0.6890000000000001,Rock
Feliz Navidad,Josï¿½ï¿½ Felic,1,1970,11,1,3788,0,520034544.0,21,3,10,0,0,148,D,Major,50,96,82,47,0,34,4,19249,27016.18494467245,1,,,,,,,,,,,,,,,,,,,,,,,,,,,
Holly Jolly Christmas,Michael Bublï¿,1,2011,10,14,7655,0,476244795.0,5,0,291,0,0,151,G,Major,65,70,47,87,0,9,4,4292,110961.04263746506,2,,,,,,,,,,,,,,,,,,,,,,,,,,,
Mistletoe,Justin Bieber,1,2011,1,1,9577,0,629173063.0,195,111,310,0,0,162,F#,Minor,67,88,54,51,0,9,4,4578,137434.04608999562,3,e0140a67-e4d1-4f13-8a01-364355bee46e,Justin Bieber,Justin Bieber,Canada,Canada; Norway; United States,pop; black metal; electropop; dance-pop; gay; amazing; teen pop; christmas music; contemporary r&b; tropical house,pop; black metal; justin bieber; rnb; Hip-Hop; r&b; Brutal Death Metal; gay; Canadian; female vocalists; death metal; male vocalists; grindcore; female vocalist; dance; shit; teen pop; rap; True Norwegian Black Metal; national socialist black metal; deathcore; nsbm; Justin; the most frostbitten and grim music from the very very very very very very inverted mountains of Kxziiiimfghhhblaghl; FAGGOT; the worst thing ever to happen to music; goregrind; Brutal as Fuck; seen live; guilty pleasure; electronic; pornogrind; baby; teen; metalcore; sexy; one time; RAC; brutal deathcore; jb; hardcore; doom metal; Crap; Totec Radio; fag; canada; Gay Metal; hip hop; Officially Shit; cute; heavy metal; emo; pop rock; viking metal; all things annoying in the world put together into one stupid bitch; metal; female; screamo; Suicidal Black Metal; better than radiohead; kircore; Miley Cyrus; bieber; trve kvlt norwegian black metal; gayest gay that ever gayed another gay; witch house; deathgrind; post-gangsta; homoerotic wet dream nostalgia metal; homoromantic scrotum-shrinking dream pop with goregrind influences; 00s; Nu Metal; mathcore; porngrind; gaycore; satanic metal; male; hot; <3; raw black metal; swag; indie; Love; thrash metal; male vocalist; love me; female vocal; Blackened Death Metal; blacker than the blackest black times infinity; hatecore; Depressive Suicidal Black Metal; satanic black metal; moshcore; noise; Grunge; american; post-hardcore; Young; children; sucks,1628031.0,53649697.0,False,,,,,,,,,,,,,,,,,
Sleigh Ride,The Ronettes,1,1963,11,22,10114,0,404664135.0,114,74,262,0,0,92,D,Major,53,84,77,40,0,32,3,21785,18575.35620840028,1,393e5448-896f-43e9-b80b-4ee58e1e71a4,The Ronettes,The Ronettes,United States,,pop; american; phil spector; girl group; baroque pop; rock and indie; pop soul; brill building,60s; pop; soul; oldies; motown,709507.0,5053988.0,False,,,,,,,,,,,,,,,,,
Seek & Destroy,SZA,1,2022,12,9,1007,0,98709329.0,5,31,1,0,0,152,C#,Major,65,35,65,44,18,21,7,218,452795.0871559633,19,272989c8-5535-492d-a25c-9f58803e027f,SZA,SZA,United States,Jersey; United States,electronic; american; chillwave,soul; electronic; rnb; alternative rnb; female vocalists; Neo-Soul; alternative; american; seen live; Hip-Hop; indie; r&b; Neo Soul; tde; glitter trap; pop; trap; wonky; electronica; dream pop; synthpop; female vocalist; Missouri; rhythm & blues; future rnb; trip-hop; female; downtempo; singer-songwriter; 10s; new jersey; st louis; r'n'b; contemporary rnb; contemporary r&b; sza; perfect vocalists; rap; ambient; experimental; USA; urban; Psychedelic Soul; funk; underground hip-hop; psychedelic; Dreamy; ethereal; f; wishlist; jazzy; queer; rhythm and blues; chillwave; pop rap; 2010s; songwriting; witch house; us; america; alternative soul; All; disappointing; cloud rap; Pussy; neosoul; list; kendrick lamar; saint louis; scorpio; to try; electro soul; Maplewood; newbreed; futuregaze; indie soul; Popstep; rhythm'n'blues; again; jay rock; neo-sul; schoolboy q; Ab-Soul; soultronica; 2 times; isaiah rashad; musical journey to the ends of time; hameryka; underground soul; robertitus coleccion; glyph; best curls; alternative rhythm and blues; alternative R&B; eats tylenol like a muthufuka; scott moyer; buckets and baskets; 9876543210; 3 and 5 and 7 and 9; crnb,340198.0,13267561.0,False,,,,,,,,,,,,,,,,,
Love Language,SZA,1,2022,12,9,1127,0,110849052.0,16,63,8,0,0,65,A,Minor,71,55,26,85,0,13,8,218,508481.8899082569,19,272989c8-5535-492d-a25c-9f58803e027f,SZA,SZA,United States,Jersey; United States,electronic; american; chillwave,soul; electronic; rnb; alternative rnb; female vocalists; Neo-Soul; alternative; american; seen live; Hip-Hop; indie; r&b; Neo Soul; tde; glitter trap; pop; trap; wonky; electronica; dream pop; synthpop; female vocalist; Missouri; rhythm & blues; future rnb; trip-hop; female; downtempo; singer-songwriter; 10s; new jersey; st louis; r'n'b; contemporary rnb; contemporary r&b; sza; perfect vocalists; rap; ambient; experimental; USA; urban; Psychedelic Soul; funk; underground hip-hop; psychedelic; Dreamy; ethereal; f; wishlist; jazzy; queer; rhythm and blues; chillwave; pop rap; 2010s; songwriting; witch house; us; america; alternative soul; All; disappointing; cloud rap; Pussy; neosoul; list; kendrick lamar; saint louis; scorpio; to try; electro soul; Maplewood; newbreed; futuregaze; indie soul; Popstep; rhythm'n'blues; again; jay rock; neo-sul; schoolboy q; Ab-Soul; soultronica; 2 times; isaiah rashad; musical journey to the ends of time; hameryka; underground soul; robertitus coleccion; glyph; best curls; alternative rhythm and blues; alternative R&B; eats tylenol like a muthufuka; scott moyer; buckets and baskets; 9876543210; 3 and 5 and 7 and 9; crnb,340198.0,13267561.0,False,,,,,,,,,,,,,,,,,
Happy Xmas (War Is Over),"John Lennon, The Harlem Community Choir, The Plastic Ono Band, Yoko Ono",4,1971,12,1,10829,0,460492795.0,130,1,390,0,0,147,D,Major,33,39,61,32,0,77,3,18854,24424.14315264665,1,,,,,,,,,,,,,,,,,,,,,,,,,,,
Used (feat. Don Toliver),"SZA, Don Toliver",2,2022,12,8,1042,0,94005786.0,7,29,3,0,0,150,A#,Minor,73,71,69,53,0,32,9,219,429250.1643835616,1,,,,,,,,,,,,,,,,,,,,,,,,,,,
A Holly Jolly Christmas - Single Version,Burl Ives,1,1952,1,1,7930,0,395591396.0,108,120,73,0,0,140,,Major,67,81,36,64,0,15,3,26128,15140.515768524188,1,086c1936-9eaa-4091-b140-ad33a51a3b71,Burl Ives,Burl Ives,United States,Ireland; United States,american; classic pop and rock,folk; oldies; christmas; male vocalists; golden oldies; country; 50s; burl ives; 60s; american; easy listening; vocal; USA; 40s; male vocalist; crooners; male country; male; rock; classic; 70s; comedy; World Music; crooner; Disney; childhood; vocalist; deceased; Irish Folk; All; Post Grunge; Christmas Music; traditional folk; narrator; the forties; folk-country; xmas fun; old school cartoons; old school disney; jazz; soul; 80s; alternative; alternative rock; Dead; emo; hard rock; folk-pop; film; Retro; male vocal; whimsical; xmas; composer; Like; fun; Smooth Jazz; grammy; post-grunge; Favorite; emocore; food; 1950s; actor; Illinois; beardy; pacific northwest; Gemini; 30s; classic pop; cast recordings; sea shanties; Drunken Sailor; Myjukebox; 1940s; author; songs about dogs; communist; music for dad; north america; Folk Music; goober; menvox; good christmas; academy award winner; Burl Icle Ivanhoe Ives; rock-folk; warm and mellow; granny; true american; oscar winner; tv-movies; Hunt City; weeziemix; too much fun; Need to Rate; ferraille; moje standards; vintage music; 14 june,432463.0,2373097.0,False,,,,,,,,,,,,,,,,,
The Christmas Song (Merry Christmas To You) - Remastered 1999,Nat King Cole,1,1946,11,1,11500,0,389771964.0,140,72,251,0,0,139,C#,Major,36,22,15,84,0,11,4,28015,13912.973906835625,2,fbe054ec-a143-4101-9e9e-64abc5ff5ac9,Nat King Cole,Nat King Cole,United States,United States,pop; jazz; american; usa; easy listening; swing; vocal jazz; jump blues; easy listening soundtracks and musicals; standards; traditional pop; death by lung cancer,jazz; swing; blues; oldies; jazz vocal; vocal jazz; male vocalists; nat king cole; easy listening; american; 50s; piano; 40s; soul; christmas; jazz piano; 60s; vocal; pop; lounge; crooners; crooner; Smooth Jazz; Traditional Pop; Big Band; classic; romantic; jump blues; Standards; male vocalist; USA; singer-songwriter; rhythm and blues; Bossa Nova,1495324.0,18655295.0,False,,,,,,,,,,,,,,,,,
Wonderful Christmastime - Edited Version / Remastered 2011,Paul McCartney,1,1979,11,16,1685,0,403939487.0,1,0,29,0,0,95,B,Major,75,74,58,36,0,9,3,15947,25330.12397316109,1,ba550d0e-adac-4864-b88b-407cab5e76af,Paul McCartney,Paul McCartney,United Kingdom,United Kingdom,rock; classical; synthpop; pop; 70s; 80s; 90s; folk; british; singer-songwriter; uk; 60s; composer; pop rock; rock and roll; english; united kingdom; 00s; classic pop and rock; pop soul; male vocalists; the beatles; standards; grammy winner; singer/songwriter; rock & roll; pop/rock; western classical music,classic rock; rock; british; singer-songwriter; pop; seen live; The Beatles; 70s; beatles; paul mccartney; 80s; soft rock; 60s; male vocalists; pop rock; liverpool; legend; 90s; oldies; Rock and Roll; genius; UK; classic; 00s; rock n roll; Pop-Rock; english; england; Psychedelic Rock; Classical; adult contemporary; psychedelic; male vocalist; folk; favorites; McCartney; hard rock; britpop; alternative; guitar; british invasion; macca,1661640.0,30917213.0,False,,,,,,,,,,,,,,,,,
Do They Know It's Christmas? - 1984 Version,Band Aid,1,1984,11,25,14169,0,481697415.0,209,30,449,0,0,115,,Major,60,23,57,0,2,27,3,14111,34136.306073276166,1,0ecaa896-58fa-4dca-b53d-8da7bc5f59c5,Band Aid,Band Aid,,Ireland; United Kingdom,british,christmas; pop; 80s; rock; british; charity; Supergroup; xmas; new wave; irish; male vocalists; Christmas Songs; alternative christmas; band aid; charity christmas; male; soft rock; duets; alternative; activist; english; bono; 80s Pop; Brutal Death Metal; duran duran; George Michael; nostalgy; Bob Geldof; bestxmasever; Travisrecommends; eighties-pop; Christmas Wonderland; xmas fun; artists for a cause; benefit album; female; instrumental; female vocalists; hard rock; UK; pop rock; world; britpop; Awesome; england; peace; gay; smooth; synthpop; D2; cool; novelty; 80's; Pop-Rock; francais; francophone; Europe; ireland; sting; david bowie; goregrind; collaborations; Officially Shit; dire; Weihnachten; Spandau Ballet; os; paul mccartney; emotions; carols; Heaven 17; Phil Collins; kool and the gang; All; boy george; british rock; Ultravox; supergroups; paul weller; top250artists; contemporary rock; Destroy Rock and Roll; done; 70s80s; My vinyl; Status Quo; big country; live aid; 80er Pop; Simon Le Bon; 60s-90s pop-rock; midge ure; Paul Young; Seen on Beavis and Butt-Head; Happy Birthday Jesus; christmas 1984; bobbys shit; Similar artists; Nachmittagsmusik; uk ftw,480387.0,1790318.0,False,,,,,,,,,,,,,,,,,
Do They Know It's Christmas? - 1984 Version,Band Aid,1,1984,11,25,14169,0,481697415.0,209,30,449,0,0,115,,Major,60,23,57,0,2,27,3,14111,34136.306073276166,1,f46802ad-560e-43f6-ad06-89b1eec0514d,Band Aid,,,,,,,,False,,,,,,,,,,,,,,,,,
Ghost in the Machine (feat. Phoebe Bridgers),"SZA, Phoebe Bridgers",2,2022,12,9,1634,0,110073250.0,16,20,4,0,0,125,F#,Major,62,59,43,84,3,11,5,218,504923.1651376147,1,,,,,,,,,,,,,,,,,,,,,,,,,,,
Special,SZA,1,2022,12,9,906,0,88092256.0,6,21,3,0,0,76,,Major,60,19,20,78,0,11,5,218,404092.9174311927,19,272989c8-5535-492d-a25c-9f58803e027f,SZA,SZA,United States,Jersey; United States,electronic; american; chillwave,soul; electronic; rnb; alternative rnb; female vocalists; Neo-Soul; alternative; american; seen live; Hip-Hop; indie; r&b; Neo Soul; tde; glitter trap; pop; trap; wonky; electronica; dream pop; synthpop; female vocalist; Missouri; rhythm & blues; future rnb; trip-hop; female; downtempo; singer-songwriter; 10s; new jersey; st louis; r'n'b; contemporary rnb; contemporary r&b; sza; perfect vocalists; rap; ambient; experimental; USA; urban; Psychedelic Soul; funk; underground hip-hop; psychedelic; Dreamy; ethereal; f; wishlist; jazzy; queer; rhythm and blues; chillwave; pop rap; 2010s; songwriting; witch house; us; america; alternative soul; All; disappointing; cloud rap; Pussy; neosoul; list; kendrick lamar; saint louis; scorpio; to try; electro soul; Maplewood; newbreed; futuregaze; indie soul; Popstep; rhythm'n'blues; again; jay rock; neo-sul; schoolboy q; Ab-Soul; soultronica; 2 times; isaiah rashad; musical journey to the ends of time; hameryka; underground soul; robertitus coleccion; glyph; best curls; alternative rhythm and blues; alternative R&B; eats tylenol like a muthufuka; scott moyer; buckets and baskets; 9876543210; 3 and 5 and 7 and 9; crnb,340198.0,13267561.0,False,,,,,,,,,,,,,,,,,
Merry Christmas Everyone,Shakin' Stevens,1,1984,1,1,1087,0,351636786.0,90,35,5,0,0,101,C#,Minor,72,91,87,14,0,13,3,14440,24351.577977839333,1,,,,,,,,,,,,,,,,,,,,,,,,,,,
Let It Snow! Let It Snow! Let It Snow!,"Frank Sinatra, B. Swanson Quartet",2,1950,1,1,10585,0,473248298.0,126,108,406,0,0,143,D,Major,60,86,32,88,0,34,6,26858,17620.38491324745,1,,,,,,,,,,,,,,,,,,,,,,,,,,,
SOS,SZA,1,2022,12,9,827,0,73981293.0,6,18,1,0,0,119,G,Minor,51,51,66,67,0,9,23,218,339363.7293577982,19,272989c8-5535-492d-a25c-9f58803e027f,SZA,SZA,United States,Jersey; United States,electronic; american; chillwave,soul; electronic; rnb; alternative rnb; female vocalists; Neo-Soul; alternative; american; seen live; Hip-Hop; indie; r&b; Neo Soul; tde; glitter trap; pop; trap; wonky; electronica; dream pop; synthpop; female vocalist; Missouri; rhythm & blues; future rnb; trip-hop; female; downtempo; singer-songwriter; 10s; new jersey; st louis; r'n'b; contemporary rnb; contemporary r&b; sza; perfect vocalists; rap; ambient; experimental; USA; urban; Psychedelic Soul; funk; underground hip-hop; psychedelic; Dreamy; ethereal; f; wishlist; jazzy; queer; rhythm and blues; chillwave; pop rap; 2010s; songwriting; witch house; us; america; alternative soul; All; disappointing; cloud rap; Pussy; neosoul; list; kendrick lamar; saint louis; scorpio; to try; electro soul; Maplewood; newbreed; futuregaze; indie soul; Popstep; rhythm'n'blues; again; jay rock; neo-sul; schoolboy q; Ab-Soul; soultronica; 2 times; isaiah rashad; musical journey to the ends of time; hameryka; underground soul; robertitus coleccion; glyph; best curls; alternative rhythm and blues; alternative R&B; eats tylenol like a muthufuka; scott moyer; buckets and baskets; 9876543210; 3 and 5 and 7 and 9; crnb,340198.0,13267561.0,False,,,,,,,,,,,,,,,,,
Open Arms (feat. Travis Scott),"SZA, Travis Scott",2,2022,12,8,1420,4,155653938.0,13,87,17,0,46,78,A,Major,67,22,59,76,1,15,16,219,710748.5753424658,1,,,,,,,,,,,,,,,,,,,,,,,,,,,
White Christmas,"Bing Crosby, John Scott Trotter & His Orchestra, Ken Darby Singers",3,1942,1,1,11940,0,395591396.0,73,79,123,0,0,96,A,Major,23,19,25,91,0,40,3,29780,13283.794358629952,1,,,,,,,,,,,,,,,,,,,,,,,,,,,
Driving Home for Christmas - 2019 Remaster,Chris Rea,1,1986,1,1,888,0,429504768.0,50,0,6,0,0,180,A,Major,51,87,58,36,0,18,4,13709,31330.13115471588,1,c707b37e-cb5c-4694-be4d-46beefcb2475,Chris Rea,Chris Rea,United Kingdom,United Kingdom,rock; pop; blues; british; blues rock; soft rock; pop rock; electric blues; british blues; classic pop and rock; rock blues,rock; blues; classic rock; soft rock; singer-songwriter; blues rock; british; 80s; Chris Rea; pop; guitar; male vocalists; seen live; pop rock; jazz; 70s; 90s; guitar virtuoso; adult contemporary; blues-rock; english; UK; christmas; male vocalist; melodic rock; Soft-Rock; hard rock; easy listening; romantic; acoustic; AOR,728103.0,8901121.0,False,,,,,,,,,,,,,,,,,
Christmas (Baby Please Come Home),Darlene Love,1,1963,11,22,9122,0,242767149.0,121,58,212,0,0,126,D#,Major,34,35,76,39,0,8,5,21785,11143.775487720908,1,af953ba2-283b-41ef-93bc-b4cfc5feeebc,Darlene Love,Darlene Love,United States,Australia; Germany; Netherlands; Russia; United States,likedis auto,soul; pop; female vocalists; 60s; christmas; phil spector; oldies; american; Girl Groups; female vocalist; rhythm and blues; rock; USA; California; Darlene Love; 50s; wall of sound; girl group; girl pop; classic rock; female; jazz; 80s; blues; r&b; r and b; rnb; 60s girls; Girl Group Sound; musical theater people; relevant magazine christmas; Hip-Hop; indie; rockabilly; country; 70s; rap; hard rock; singer-songwriter; australian; urban; soft rock; Brill Building Pop; funk; quirky; 90s; Fox; Retro; download; New Orleans; deutsch; Garage Rock; german; dutch; powerpop; doo wop; 00s; 60's; 2013; female vocal; los angeles; Favourites; lesser known yet streamable artists; female singers; Chicago Blues; northern soul; vintage; Old School soul; Weihnachten; Russia; Nederlandstalig; america; hawthorne; actress; All; pra; Christmas Music; xmas motown; all Music; north america; spotify; Blues harmonica blues; Theme Time Radio Hour; Merry Christmas; home alone; spector; the girls; the ugly; early RnB; Leo; phil spector genius; unicornmeat; rnb-urban; variete anglo-saxonne; Home collection; switzerrock; christmas classic; boogiewoogieflu; Need to Rate; blax,332397.0,1638543.0,False,,,,,,,,,,,,,,,,,
Gone Girl,SZA,1,2022,12,9,892,0,65362788.0,3,17,2,0,0,150,F,Major,43,42,44,57,0,15,6,218,299829.3027522936,19,272989c8-5535-492d-a25c-9f58803e027f,SZA,SZA,United States,Jersey; United States,electronic; american; chillwave,soul; electronic; rnb; alternative rnb; female vocalists; Neo-Soul; alternative; american; seen live; Hip-Hop; indie; r&b; Neo Soul; tde; glitter trap; pop; trap; wonky; electronica; dream pop; synthpop; female vocalist; Missouri; rhythm & blues; future rnb; trip-hop; female; downtempo; singer-songwriter; 10s; new jersey; st louis; r'n'b; contemporary rnb; contemporary r&b; sza; perfect vocalists; rap; ambient; experimental; USA; urban; Psychedelic Soul; funk; underground hip-hop; psychedelic; Dreamy; ethereal; f; wishlist; jazzy; queer; rhythm and blues; chillwave; pop rap; 2010s; songwriting; witch house; us; america; alternative soul; All; disappointing; cloud rap; Pussy; neosoul; list; kendrick lamar; saint louis; scorpio; to try; electro soul; Maplewood; newbreed; futuregaze; indie soul; Popstep; rhythm'n'blues; again; jay rock; neo-sul; schoolboy q; Ab-Soul; soultronica; 2 times; isaiah rashad; musical journey to the ends of time; hameryka; underground soul; robertitus coleccion; glyph; best curls; alternative rhythm and blues; alternative R&B; eats tylenol like a muthufuka; scott moyer; buckets and baskets; 9876543210; 3 and 5 and 7 and 9; crnb,340198.0,13267561.0,False,,,,,,,,,,,,,,,,,
F2F,SZA,1,2022,12,9,989,0,67540165.0,5,9,1,0,0,90,D,Major,53,47,74,9,0,34,4,218,309817.2706422018,19,272989c8-5535-492d-a25c-9f58803e027f,SZA,SZA,United States,Jersey; United States,electronic; american; chillwave,soul; electronic; rnb; alternative rnb; female vocalists; Neo-Soul; alternative; american; seen live; Hip-Hop; indie; r&b; Neo Soul; tde; glitter trap; pop; trap; wonky; electronica; dream pop; synthpop; female vocalist; Missouri; rhythm & blues; future rnb; trip-hop; female; downtempo; singer-songwriter; 10s; new jersey; st louis; r'n'b; contemporary rnb; contemporary r&b; sza; perfect vocalists; rap; ambient; experimental; USA; urban; Psychedelic Soul; funk; underground hip-hop; psychedelic; Dreamy; ethereal; f; wishlist; jazzy; queer; rhythm and blues; chillwave; pop rap; 2010s; songwriting; witch house; us; america; alternative soul; All; disappointing; cloud rap; Pussy; neosoul; list; kendrick lamar; saint louis; scorpio; to try; electro soul; Maplewood; newbreed; futuregaze; indie soul; Popstep; rhythm'n'blues; again; jay rock; neo-sul; schoolboy q; Ab-Soul; soultronica; 2 times; isaiah rashad; musical journey to the ends of time; hameryka; underground soul; robertitus coleccion; glyph; best curls; alternative rhythm and blues; alternative R&B; eats tylenol like a muthufuka; scott moyer; buckets and baskets; 9876543210; 3 and 5 and 7 and 9; crnb,340198.0,13267561.0,False,,,,,,,,,,,,,,,,,
Notice Me,SZA,1,2022,12,9,819,0,62019074.0,14,22,0,0,0,160,F,Major,72,78,68,28,0,11,12,218,284491.1651376147,19,272989c8-5535-492d-a25c-9f58803e027f,SZA,SZA,United States,Jersey; United States,electronic; american; chillwave,soul; electronic; rnb; alternative rnb; female vocalists; Neo-Soul; alternative; american; seen live; Hip-Hop; indie; r&b; Neo Soul; tde; glitter trap; pop; trap; wonky; electronica; dream pop; synthpop; female vocalist; Missouri; rhythm & blues; future rnb; trip-hop; female; downtempo; singer-songwriter; 10s; new jersey; st louis; r'n'b; contemporary rnb; contemporary r&b; sza; perfect vocalists; rap; ambient; experimental; USA; urban; Psychedelic Soul; funk; underground hip-hop; psychedelic; Dreamy; ethereal; f; wishlist; jazzy; queer; rhythm and blues; chillwave; pop rap; 2010s; songwriting; witch house; us; america; alternative soul; All; disappointing; cloud rap; Pussy; neosoul; list; kendrick lamar; saint louis; scorpio; to try; electro soul; Maplewood; newbreed; futuregaze; indie soul; Popstep; rhythm'n'blues; again; jay rock; neo-sul; schoolboy q; Ab-Soul; soultronica; 2 times; isaiah rashad; musical journey to the ends of time; hameryka; underground soul; robertitus coleccion; glyph; best curls; alternative rhythm and blues; alternative R&B; eats tylenol like a muthufuka; scott moyer; buckets and baskets; 9876543210; 3 and 5 and 7 and 9; crnb,340198.0,13267561.0,False,,,,,,,,,,,,,,,,,
Merry Christmas,"Ed Sheeran, Elton John",2,2017,11,10,2209,0,135723538.0,72,90,141,0,0,114,,Major,59,60,94,24,0,10,4,2073,65472.039556198746,1,,,,,,,,,,,,,,,,,,,,,,,,,,,
It's Beginning to Look a Lot Like Christmas (with Mitchell Ayres & His Orchestra),"Perry Como, The Fontane Sisters, Mitchell Ayres & His Orchestra",3,1958,1,1,6290,0,295998468.0,89,39,158,0,0,113,G,Major,73,72,32,77,0,15,5,23936,12366.246156417112,1,,,,,,,,,,,,,,,,,,,,,,,,,,,
My Only Wish (This Year),Britney Spears,1,2000,11,7,6952,0,261116938.0,115,53,286,0,0,147,,Major,67,69,72,17,0,19,3,8285,31516.83017501509,1,45a663b5-b1cb-4a91-bff6-2bef7bbfdd76,Britney Spears,Britney Spears,United States,United States,pop; dance; american; usa; electropop; américain; dance-pop; urban pop; electro house; pop and chart; teen pop; contemporary r&b; if you seek amy,pop; dance; female vocalists; Britney Spears; legend; american; seen live; sexy; female; 90s; electronic; 00s; britney; diva; teen pop; bitch; female vocalist; dance-pop; queen of pop; rock; Officially Shit; electropop; guilty pleasure; rnb; hot; Guilty Pleasures; Brutal Death Metal; pop princess; amazing; USA; Love; shit; princess of pop; pop rock; alternative; dance pop; Crap; Queen; all things annoying in the world put together into one stupid bitch; beautiful; gay; Its Britney Bitch; electro; party; Madonna; Hip-Hop; dubstep; princess; emo; singer-songwriter; fun; icon; english; black metal; r&b; living legend; female vocal; Toxic; Wanessa; electronica; Awesome; Favorite; sweet; indie; club; sex; House; trance; death metal,3255085.0,201961724.0,False,26533.0,Britney Spears,50.0,0.1689999999999999,0.6679999999999999,255400.0,0.843,0.0,C,0.195,-3.766,Major,0.0268,147.083,4-Apr,0.7020000000000001,Rap
Antidepresan,"Mabel Matiz, Mert Demir",2,2022,11,4,313,2,136689549.0,10,6,7,1,9,100,B,Minor,70,92,59,3,0,10,3,253,540274.8972332015,1,,,,,,,,,,,,,,,,,,,,,,,,,,,
Wild Flower (with youjeen),RM,1,2022,12,2,353,2,135611421.0,2,74,14,0,2,155,G#,Major,49,42,77,3,0,12,9,225,602717.4266666666,1,3be217fb-2b91-4911-9454-6de69751f53b,RM,RM VS KARUT,South Korea,,,,0.0,0.0,False,,,,,,,,,,,,,,,,,
Wild Flower (with youjeen),RM,1,2022,12,2,353,2,135611421.0,2,74,14,0,2,155,G#,Major,49,42,77,3,0,12,9,225,602717.4266666666,1,58f1e354-ecbc-4fd3-aa25-97eb1d9bd8b9,RM,,South Korea,,,,,,False,,,,,,,,,,,,,,,,,
I Hate U,SZA,1,2021,12,3,4094,0,356709897.0,66,96,43,0,0,107,G,Minor,54,41,39,51,0,11,16,589,605619.519524618,19,272989c8-5535-492d-a25c-9f58803e027f,SZA,SZA,United States,Jersey; United States,electronic; american; chillwave,soul; electronic; rnb; alternative rnb; female vocalists; Neo-Soul; alternative; american; seen live; Hip-Hop; indie; r&b; Neo Soul; tde; glitter trap; pop; trap; wonky; electronica; dream pop; synthpop; female vocalist; Missouri; rhythm & blues; future rnb; trip-hop; female; downtempo; singer-songwriter; 10s; new jersey; st louis; r'n'b; contemporary rnb; contemporary r&b; sza; perfect vocalists; rap; ambient; experimental; USA; urban; Psychedelic Soul; funk; underground hip-hop; psychedelic; Dreamy; ethereal; f; wishlist; jazzy; queer; rhythm and blues; chillwave; pop rap; 2010s; songwriting; witch house; us; america; alternative soul; All; disappointing; cloud rap; Pussy; neosoul; list; kendrick lamar; saint louis; scorpio; to try; electro soul; Maplewood; newbreed; futuregaze; indie soul; Popstep; rhythm'n'blues; again; jay rock; neo-sul; schoolboy q; Ab-Soul; soultronica; 2 times; isaiah rashad; musical journey to the ends of time; hameryka; underground soul; robertitus coleccion; glyph; best curls; alternative rhythm and blues; alternative R&B; eats tylenol like a muthufuka; scott moyer; buckets and baskets; 9876543210; 3 and 5 and 7 and 9; crnb,340198.0,13267561.0,False,,,,,,,,,,,,,,,,,
Raindrops (Insane) [with Travis Scott],"Travis Scott, Metro Boomin",2,2022,12,2,880,0,110649992.0,3,7,10,0,0,112,G#,Major,80,15,54,9,0,38,5,225,491777.7422222222,1,,,,,,,,,,,,,,,,,,,,,,,,,,,
SPIT IN MY FACE!,ThxSoMch,1,2022,10,31,573,0,301869854.0,1,0,18,0,24,166,C#,Major,70,57,57,9,20,11,7,257,1174590.8715953308,2,,,,,,,,,,,,,,,,,,,,,,,,,,,
Deck The Hall - Remastered 1999,Nat King Cole,1,1959,1,1,3299,0,127027715.0,65,39,41,0,0,107,F#,Minor,69,96,36,81,0,8,4,23571,5389.152560349582,2,fbe054ec-a143-4101-9e9e-64abc5ff5ac9,Nat King Cole,Nat King Cole,United States,United States,pop; jazz; american; usa; easy listening; swing; vocal jazz; jump blues; easy listening soundtracks and musicals; standards; traditional pop; death by lung cancer,jazz; swing; blues; oldies; jazz vocal; vocal jazz; male vocalists; nat king cole; easy listening; american; 50s; piano; 40s; soul; christmas; jazz piano; 60s; vocal; pop; lounge; crooners; crooner; Smooth Jazz; Traditional Pop; Big Band; classic; romantic; jump blues; Standards; male vocalist; USA; singer-songwriter; rhythm and blues; Bossa Nova,1495324.0,18655295.0,False,,,,,,,,,,,,,,,,,
Smoking on my Ex Pack,SZA,1,2022,12,9,811,0,57144458.0,6,11,3,0,0,81,G#,Major,47,33,68,24,0,22,38,218,262130.54128440368,19,272989c8-5535-492d-a25c-9f58803e027f,SZA,SZA,United States,Jersey; United States,electronic; american; chillwave,soul; electronic; rnb; alternative rnb; female vocalists; Neo-Soul; alternative; american; seen live; Hip-Hop; indie; r&b; Neo Soul; tde; glitter trap; pop; trap; wonky; electronica; dream pop; synthpop; female vocalist; Missouri; rhythm & blues; future rnb; trip-hop; female; downtempo; singer-songwriter; 10s; new jersey; st louis; r'n'b; contemporary rnb; contemporary r&b; sza; perfect vocalists; rap; ambient; experimental; USA; urban; Psychedelic Soul; funk; underground hip-hop; psychedelic; Dreamy; ethereal; f; wishlist; jazzy; queer; rhythm and blues; chillwave; pop rap; 2010s; songwriting; witch house; us; america; alternative soul; All; disappointing; cloud rap; Pussy; neosoul; list; kendrick lamar; saint louis; scorpio; to try; electro soul; Maplewood; newbreed; futuregaze; indie soul; Popstep; rhythm'n'blues; again; jay rock; neo-sul; schoolboy q; Ab-Soul; soultronica; 2 times; isaiah rashad; musical journey to the ends of time; hameryka; underground soul; robertitus coleccion; glyph; best curls; alternative rhythm and blues; alternative R&B; eats tylenol like a muthufuka; scott moyer; buckets and baskets; 9876543210; 3 and 5 and 7 and 9; crnb,340198.0,13267561.0,False,,,,,,,,,,,,,,,,,
Conceited,SZA,1,2022,12,9,899,0,56870689.0,2,14,2,0,0,150,C#,Major,79,77,46,5,0,11,7,218,260874.72018348624,19,272989c8-5535-492d-a25c-9f58803e027f,SZA,SZA,United States,Jersey; United States,electronic; american; chillwave,soul; electronic; rnb; alternative rnb; female vocalists; Neo-Soul; alternative; american; seen live; Hip-Hop; indie; r&b; Neo Soul; tde; glitter trap; pop; trap; wonky; electronica; dream pop; synthpop; female vocalist; Missouri; rhythm & blues; future rnb; trip-hop; female; downtempo; singer-songwriter; 10s; new jersey; st louis; r'n'b; contemporary rnb; contemporary r&b; sza; perfect vocalists; rap; ambient; experimental; USA; urban; Psychedelic Soul; funk; underground hip-hop; psychedelic; Dreamy; ethereal; f; wishlist; jazzy; queer; rhythm and blues; chillwave; pop rap; 2010s; songwriting; witch house; us; america; alternative soul; All; disappointing; cloud rap; Pussy; neosoul; list; kendrick lamar; saint louis; scorpio; to try; electro soul; Maplewood; newbreed; futuregaze; indie soul; Popstep; rhythm'n'blues; again; jay rock; neo-sul; schoolboy q; Ab-Soul; soultronica; 2 times; isaiah rashad; musical journey to the ends of time; hameryka; underground soul; robertitus coleccion; glyph; best curls; alternative rhythm and blues; alternative R&B; eats tylenol like a muthufuka; scott moyer; buckets and baskets; 9876543210; 3 and 5 and 7 and 9; crnb,340198.0,13267561.0,False,,,,,,,,,,,,,,,,,
Snow On The Beach (feat. Lana Del Rey),"Taylor Swift, Lana Del Rey",2,2022,10,21,2415,0,323437194.0,33,57,30,0,11,110,A,Major,66,19,32,69,0,12,4,267,1211375.2584269664,1,,,,,,,,,,,,,,,,,,,,,,,,,,,
Maroon,Taylor Swift,1,2022,10,21,2304,0,317726339.0,12,16,14,0,0,108,G,Major,64,4,40,6,0,10,6,267,1189986.288389513,34,20244d07-534f-4eff-b4d4-930878889970,Taylor Swift,Taylor Swift,United States,United States,pop; country; electropop; female vocals; dance-pop; pop rock; country pop; contemporary country; teen pop; top 40; country-pop; taylor-swift; singer/songwriter; fixme label mess; hp,country; pop; female vocalists; singer-songwriter; acoustic; taylor swift; country pop; american; seen live; female; pop rock; female vocalist; Love; 00s; contemporary country; USA; beautiful; folk; pop country; modern country; guilty pleasure; rock; amazing; taylor; world; chill; chillout; 3; World Music; sunflower; Skitz0rz; uitluisteren artist; holloween skitz0rz; fav888; my dance room; teen pop; <3; cute; Awesome; sweet; synthpop; Favorite; Female country; legend; talented; love story; 2000s; lovely,2203262.0,171760219.0,False,,,,,,,,,,,,,,,,,
Tubarï¿½ï¿½o Te,"Dj LK da Escï¿½ï¿½cia, Tchakabum, mc jhenny, M",4,2022,9,28,1003,0,116144341.0,21,0,44,0,0,130,E,Minor,89,48,74,30,0,7,36,290,400497.7275862069,1,,,,,,,,,,,,,,,,,,,,,,,,,,,
Bejeweled,Taylor Swift,1,2022,10,21,2699,0,328207708.0,39,35,22,2,0,164,G,Major,70,39,56,6,0,9,7,267,1229242.3520599252,34,20244d07-534f-4eff-b4d4-930878889970,Taylor Swift,Taylor Swift,United States,United States,pop; country; electropop; female vocals; dance-pop; pop rock; country pop; contemporary country; teen pop; top 40; country-pop; taylor-swift; singer/songwriter; fixme label mess; hp,country; pop; female vocalists; singer-songwriter; acoustic; taylor swift; country pop; american; seen live; female; pop rock; female vocalist; Love; 00s; contemporary country; USA; beautiful; folk; pop country; modern country; guilty pleasure; rock; amazing; taylor; world; chill; chillout; 3; World Music; sunflower; Skitz0rz; uitluisteren artist; holloween skitz0rz; fav888; my dance room; teen pop; <3; cute; Awesome; sweet; synthpop; Favorite; Female country; legend; talented; love story; 2000s; lovely,2203262.0,171760219.0,False,,,,,,,,,,,,,,,,,
Tarot,"Bad Bunny, Jhay Cortez",2,2022,5,6,2482,20,608228647.0,27,77,22,2,0,114,B,Minor,80,42,68,2,0,66,4,435,1398226.7747126436,2,,,,,,,,,,,,,,,,,,,,,,,,,,,
You Make It Feel Like Christmas (feat. Blake Shelton),"Gwen Stefani, Blake Shelton",2,2005,9,20,2577,0,180577478.0,108,56,30,0,0,93,F,Major,63,93,88,1,0,12,4,6507,27751.26448440141,1,,,,,,,,,,,,,,,,,,,,,,,,,,,
Desesperados,"Chencho Corleone, Rauw Alejandro",2,2021,6,25,6821,34,809306935.0,83,58,128,7,0,90,C#,Minor,87,51,69,36,0,9,8,750,1079075.913333333,1,,,,,,,,,,,,,,,,,,,,,,,,,,,
Too Late,SZA,1,2022,12,8,714,0,49262961.0,0,9,2,0,0,128,B,Major,45,35,68,78,0,39,8,219,224945.02739726027,19,272989c8-5535-492d-a25c-9f58803e027f,SZA,SZA,United States,Jersey; United States,electronic; american; chillwave,soul; electronic; rnb; alternative rnb; female vocalists; Neo-Soul; alternative; american; seen live; Hip-Hop; indie; r&b; Neo Soul; tde; glitter trap; pop; trap; wonky; electronica; dream pop; synthpop; female vocalist; Missouri; rhythm & blues; future rnb; trip-hop; female; downtempo; singer-songwriter; 10s; new jersey; st louis; r'n'b; contemporary rnb; contemporary r&b; sza; perfect vocalists; rap; ambient; experimental; USA; urban; Psychedelic Soul; funk; underground hip-hop; psychedelic; Dreamy; ethereal; f; wishlist; jazzy; queer; rhythm and blues; chillwave; pop rap; 2010s; songwriting; witch house; us; america; alternative soul; All; disappointing; cloud rap; Pussy; neosoul; list; kendrick lamar; saint louis; scorpio; to try; electro soul; Maplewood; newbreed; futuregaze; indie soul; Popstep; rhythm'n'blues; again; jay rock; neo-sul; schoolboy q; Ab-Soul; soultronica; 2 times; isaiah rashad; musical journey to the ends of time; hameryka; underground soul; robertitus coleccion; glyph; best curls; alternative rhythm and blues; alternative R&B; eats tylenol like a muthufuka; scott moyer; buckets and baskets; 9876543210; 3 and 5 and 7 and 9; crnb,340198.0,13267561.0,False,,,,,,,,,,,,,,,,,
Party,"Bad Bunny, Rauw Alejandro",2,2022,5,6,3185,4,614555082.0,38,64,37,3,36,97,A,Major,83,47,80,2,0,24,9,435,1412770.303448276,1,,,,,,,,,,,,,,,,,,,,,,,,,,,
Run Rudolph Run - Single Version,Chuck Berry,1,1958,1,1,8612,0,245350949.0,120,30,52,0,1,152,G,Minor,69,94,71,79,0,7,8,23936,10250.290315842249,1,592a3b6d-c42b-4567-99c9-ecf63bd66499,Chuck Berry,Chuck Berry,United States,United States,rock; jazz; american; blues; usa; rock n roll; blues rock; rock and roll; classic pop and rock; novelty; rock & roll; rhythm & blues,Rock and Roll; classic rock; blues; rock n roll; rock; rockabilly; oldies; 50s; american; guitar; 60s; seen live; Rock 'n' Roll; chuck berry; rhythm and blues; blues rock; rock'n'roll; singer-songwriter; male vocalists; classic; USA; legend; rock-n-roll; rock & roll; jazz; Missouri; 70s; soul; pop; 50's; Soundtrack; rnb; st. louis; guitar virtuoso,1421709.0,16860769.0,False,24359.0,Chuck Berry,46.0,0.7879999999999999,0.688,165733.0,0.711,2.64e-05,G,0.0683,-10.453,Minor,0.0832,152.27700000000002,4-Apr,0.935,Blues
Jingle Bells - Remastered 1999,Frank Sinatra,1,1957,1,1,4326,0,178660459.0,32,3,65,0,0,175,G#,Major,51,94,34,73,0,10,5,24301,7351.979712769022,1,197450cd-0124-4164-b723-3c22dd16494d,Frank Sinatra,Frank Sinatra,United States,United States,pop; jazz; vocal; christmas; swing; big band; columbia; easy listening soundtracks and musicals; garland; chrismas; duets; swing; jazz; big band; christmas,jazz; swing; oldies; vocal jazz; easy listening; male vocalists; american; frank sinatra; Big Band; pop; crooner; 50s; jazz vocal; lounge; vocal; classic; 60s; legend; Rat Pack; blues; 40s; Sinatra; crooners; classic rock; Traditional Pop; singer-songwriter; christmas; Standards; USA; 80s; male vocalist; 70s,2357629.0,65804306.0,False,,,,,,,,,,,,,,,,,
Far,SZA,1,2022,12,9,680,0,51641685.0,2,15,1,0,0,116,D,Major,61,48,55,67,0,16,8,218,236888.4633027523,19,272989c8-5535-492d-a25c-9f58803e027f,SZA,SZA,United States,Jersey; United States,electronic; american; chillwave,soul; electronic; rnb; alternative rnb; female vocalists; Neo-Soul; alternative; american; seen live; Hip-Hop; indie; r&b; Neo Soul; tde; glitter trap; pop; trap; wonky; electronica; dream pop; synthpop; female vocalist; Missouri; rhythm & blues; future rnb; trip-hop; female; downtempo; singer-songwriter; 10s; new jersey; st louis; r'n'b; contemporary rnb; contemporary r&b; sza; perfect vocalists; rap; ambient; experimental; USA; urban; Psychedelic Soul; funk; underground hip-hop; psychedelic; Dreamy; ethereal; f; wishlist; jazzy; queer; rhythm and blues; chillwave; pop rap; 2010s; songwriting; witch house; us; america; alternative soul; All; disappointing; cloud rap; Pussy; neosoul; list; kendrick lamar; saint louis; scorpio; to try; electro soul; Maplewood; newbreed; futuregaze; indie soul; Popstep; rhythm'n'blues; again; jay rock; neo-sul; schoolboy q; Ab-Soul; soultronica; 2 times; isaiah rashad; musical journey to the ends of time; hameryka; underground soul; robertitus coleccion; glyph; best curls; alternative rhythm and blues; alternative R&B; eats tylenol like a muthufuka; scott moyer; buckets and baskets; 9876543210; 3 and 5 and 7 and 9; crnb,340198.0,13267561.0,False,,,,,,,,,,,,,,,,,
On Time (with John Legend),"John Legend, Metro Boomin",2,2022,12,2,398,0,78139948.0,2,2,6,0,2,80,F,Minor,33,51,59,76,0,44,6,225,347288.65777777776,1,,,,,,,,,,,,,,,,,,,,,,,,,,,
GATï¿½ï¿½,"Maldy, Karol G",2,2022,8,25,3328,13,322336177.0,39,50,57,3,1,93,B,Minor,63,34,86,26,0,21,39,324,994864.7438271604,1,,,,,,,,,,,,,,,,,,,,,,,,,,,
ýýýabcdefu,Gayle,1,2021,8,13,7215,0,1007612429.0,170,12,575,18,,122,E,Major,70,42,54,30,0,37,5,701,1437392.9087018543,1,85f5cd52-e007-4d31-9eae-58e95aa57840,Gayle,Gayle,,,,,294.0,820.0,False,,,,,,,,,,,,,,,,,
Sacrifice,The Weeknd,1,2022,1,7,4440,0,326792833.0,81,77,133,0,,122,G,Major,70,91,79,3,0,7,10,554,589878.7599277978,22,c8b03190-306c-4120-bb0b-6f2ebfc06ea9,The Weeknd,The Weeknd,Canada,Canada,rnb; r&b; pbr&b,rnb; electronic; dubstep; Canadian; prog-rnb,1273725.0,77088337.0,False,,,,,,,,,,,,,,,,,
Is There Someone Else?,The Weeknd,1,2022,1,7,2881,6,391251368.0,13,89,34,0,3,135,A,Minor,70,60,58,4,0,16,3,554,706229.9061371841,22,c8b03190-306c-4120-bb0b-6f2ebfc06ea9,The Weeknd,The Weeknd,Canada,Canada,rnb; r&b; pbr&b,rnb; electronic; dubstep; Canadian; prog-rnb,1273725.0,77088337.0,False,,,,,,,,,,,,,,,,,
Fingers Crossed,"Lauren Spencer Smith, Lauren Spencer Smith, Lauren Spencer Smith",3,2022,1,5,2235,0,349585590.0,65,7,70,16,6,109,F,Major,60,45,47,62,0,31,5,556,628751.0611510791,1,,,,,,,,,,,,,,,,,,,,,,,,,,,
Out of Time,The Weeknd,1,2022,1,7,3711,0,339659802.0,49,88,62,0,,93,,Minor,65,82,74,27,0,32,5,554,613104.3357400722,22,c8b03190-306c-4120-bb0b-6f2ebfc06ea9,The Weeknd,The Weeknd,Canada,Canada,rnb; r&b; pbr&b,rnb; electronic; dubstep; Canadian; prog-rnb,1273725.0,77088337.0,False,,,,,,,,,,,,,,,,,
Do It To It,"Cherish, ACRAZE",2,2021,8,20,12403,0,674772936.0,183,63,465,0,11,125,B,Minor,85,64,81,2,5,7,9,694,972295.2968299713,1,,,,,,,,,,,,,,,,,,,,,,,,,,,
We Don't Talk About Bruno,"Adassa, Mauro Castillo, Stephanie Beatriz, Encanto - Cast, Rhenzy Feliz, Diane Guerrero, Carolina Gaitan",7,2021,11,19,2785,0,432719968.0,95,89,44,0,,206,,Minor,58,83,45,36,0,11,8,603,717611.8872305141,1,,,,,,,,,,,,,,,,,,,,,,,,,,,
Pepas,Farruko,1,2021,6,24,14114,17,1309887447.0,252,109,965,20,,130,G,Major,76,44,77,1,0,13,3,751,1744191.0079893474,1,d2b3524f-67e8-45ef-bfc1-693cac525135,Farruko,Farruko,United States,Puerto Rico; Spain,latin; reggaeton; latin urban,Reggaeton; Puerto Rican; mierda; farruko; Brutal Death Metal; black metal; shit; puerto rico; death metal; Crap; reggaeton-boriqua; latin; Officially Shit; All; autotune; metal; spanish; world; humor; male vocalist; Singer/Songwriter; Galicia; b; a; basura; fh; boriqua; chiste; Reggaeton  top-50; Latin Urban; shamanes; my favorite artis; abranlas; Urbano Latino,105986.0,1005977.0,False,,,,,,,,,,,,,,,,,
How Do I Make You Love Me?,The Weeknd,1,2022,1,7,1915,0,119238316.0,7,47,15,0,0,121,G,Minor,80,62,51,2,0,9,8,554,215231.61732851985,22,c8b03190-306c-4120-bb0b-6f2ebfc06ea9,The Weeknd,The Weeknd,Canada,Canada,rnb; r&b; pbr&b,rnb; electronic; dubstep; Canadian; prog-rnb,1273725.0,77088337.0,False,,,,,,,,,,,,,,,,,
Gasoline,The Weeknd,1,2022,1,7,2297,0,116903579.0,11,29,14,0,0,123,F#,Minor,74,35,73,0,0,21,5,554,211017.2906137184,22,c8b03190-306c-4120-bb0b-6f2ebfc06ea9,The Weeknd,The Weeknd,Canada,Canada,rnb; r&b; pbr&b,rnb; electronic; dubstep; Canadian; prog-rnb,1273725.0,77088337.0,False,,,,,,,,,,,,,,,,,
Infinity,Jaymes Young,1,2017,6,23,4375,0,888046992.0,24,0,396,0,0,122,B,Minor,67,50,67,15,0,30,4,2213,401286.4853140533,1,1c494195-f8b9-456f-8516-42695bfae57b,Jaymes Young,Jaymes Young,United States,United Kingdom; United States,,indie; alternative; Experimental Rock; indie rock; rock; indie pop; electronic; electropop; electronica; singer-songwriter; pop; Dreamy; male vocalists; british; folk; dream pop; american; new indie; seen live; alternative rock; USA; calm; other; r&b; deep; synthpop; los angeles; check out; electric; electro-pop; saw live; louise; All; indie alternative; downtemp; prog-rnb; again; North American; los angeles CA; descubierto en 2013; discovered in 2013; NC 50,217155.0,3330716.0,False,,,,,,,,,,,,,,,,,
Less Than Zero,The Weeknd,1,2022,1,7,2800,0,200660871.0,18,77,61,0,1,143,,Major,53,50,79,0,0,8,3,554,362203.738267148,22,c8b03190-306c-4120-bb0b-6f2ebfc06ea9,The Weeknd,The Weeknd,Canada,Canada,rnb; r&b; pbr&b,rnb; electronic; dubstep; Canadian; prog-rnb,1273725.0,77088337.0,False,,,,,,,,,,,,,,,,,
Take My Breath,The Weeknd,1,2021,8,6,2597,0,130655803.0,17,80,38,0,0,121,A#,Minor,70,35,77,1,0,26,4,708,184542.0946327684,22,c8b03190-306c-4120-bb0b-6f2ebfc06ea9,The Weeknd,The Weeknd,Canada,Canada,rnb; r&b; pbr&b,rnb; electronic; dubstep; Canadian; prog-rnb,1273725.0,77088337.0,False,,,,,,,,,,,,,,,,,
good 4 u,Olivia Rodrigo,1,2021,5,14,15563,6,1887039593.0,259,55,461,1,,166,F#,Minor,56,68,66,28,0,11,18,792,2382625.748737374,7,6925db17-f35e-42f3-a4eb-84ee6bf5d4b0,Olivia Rodrigo,Olivia Rodrigo,United States,,,,158.0,643.0,False,,,,,,,,,,,,,,,,,
"Here We Goï¿½ï¿½ï¿½ Again (feat. Tyler, the Cr","The Weeknd, Tyler, The Creator",3,2022,1,7,1420,0,88103848.0,7,18,7,0,0,135,C#,Major,41,27,64,36,0,60,3,554,159032.2166064982,1,,,,,,,,,,,,,,,,,,,,,,,,,,,
Best Friends,The Weeknd,1,2022,1,7,1292,0,101114984.0,3,18,14,0,0,87,E,Minor,49,49,59,44,0,35,21,554,182518.02166064983,22,c8b03190-306c-4120-bb0b-6f2ebfc06ea9,The Weeknd,The Weeknd,Canada,Canada,rnb; r&b; pbr&b,rnb; electronic; dubstep; Canadian; prog-rnb,1273725.0,77088337.0,False,,,,,,,,,,,,,,,,,
Kiss Me More (feat. SZA),"SZA, Doja Cat",2,2021,4,9,15867,0,1575467011.0,382,65,497,0,12,111,G#,Major,77,74,66,30,0,13,3,827,1905038.707376058,1,,,,,,,,,,,,,,,,,,,,,,,,,,,
I Heard You're Married (feat. Lil Wayne),"The Weeknd, Lil Wayne",2,2022,1,7,1178,0,91656026.0,9,10,9,0,0,110,D,Major,75,85,84,10,0,31,19,554,165444.09025270757,1,,,,,,,,,,,,,,,,,,,,,,,,,,,
Need To Know,Doja Cat,1,2021,6,11,6672,0,1042568408.0,125,36,150,0,,130,C#,Major,66,19,61,30,0,9,7,764,1364618.335078534,6,5df62a88-cac9-490a-b62c-c7c88f4020f4,Doja Cat,Doja Cat,,United States,,pop; rnb; rap; alternative; female vocalists; Dope; r&b; Hip-Hop; hip hop; USA; american; electronic; indie pop; internet; r and b; f; pop rap; 10s; 2010s; us; high; United States; bass music; Hell Yeah; Acid Trip; musical journey to the ends of time; list-en; seapunk hip hop; party city; dogs and cats,99950.0,1555095.0,False,,,,,,,,,,,,,,,,,
MONTERO (Call Me By Your Name),Lil Nas X,1,2020,9,18,12329,0,1735441776.0,275,19,738,0,,179,G#,Minor,61,76,51,30,0,38,15,1030,1684894.9281553398,3,,,,,,,,,,,,,,,,,,,,,,,,,,,
love nwantiti (ah ah ah),Ckay,1,2019,7,26,5669,2,726837877.0,74,0,262,14,,93,F,Minor,74,53,73,61,0,13,4,1450,501267.5013793103,1,,,,,,,,,,,,,,,,,,,,,,,,,,,
Dawn FM,The Weeknd,1,2022,1,7,811,0,53933526.0,1,8,6,0,0,78,A,Minor,27,10,49,62,0,49,5,554,97352.93501805054,22,c8b03190-306c-4120-bb0b-6f2ebfc06ea9,The Weeknd,The Weeknd,Canada,Canada,rnb; r&b; pbr&b,rnb; electronic; dubstep; Canadian; prog-rnb,1273725.0,77088337.0,False,,,,,,,,,,,,,,,,,
Surface Pressure,Jessica Darrow,1,2021,11,19,1756,0,267758538.0,38,48,20,0,0,180,D,Major,65,37,58,2,0,4,31,603,444044.0099502488,1,,,,,,,,,,,,,,,,,,,,,,,,,,,
Starry Eyes,The Weeknd,1,2022,1,7,1014,0,74601456.0,1,17,11,0,0,86,A,Minor,28,13,41,50,0,19,3,554,134659.6678700361,22,c8b03190-306c-4120-bb0b-6f2ebfc06ea9,The Weeknd,The Weeknd,Canada,Canada,rnb; r&b; pbr&b,rnb; electronic; dubstep; Canadian; prog-rnb,1273725.0,77088337.0,False,,,,,,,,,,,,,,,,,
THATS WHAT I WANT,Lil Nas X,1,2021,9,17,7963,0,920797189.0,173,7,298,0,4,88,C#,Minor,74,55,85,1,0,5,22,666,1382578.3618618618,3,,,,,,,,,,,,,,,,,,,,,,,,,,,
One Right Now (with The Weeknd),"The Weeknd, Post Malone",2,2021,11,5,4771,0,539595276.0,68,18,75,0,1,97,C#,Major,68,72,78,4,0,7,5,617,874546.6385737439,1,,,,,,,,,,,,,,,,,,,,,,,,,,,
Beggin,Mï¿½ï¿½ne,1,2017,12,8,8559,0,1367810478.0,183,64,964,9,75,134,B,Minor,71,59,80,13,0,36,5,2045,668855.9794621026,4,,,,,,,,,,,,,,,,,,,,,,,,,,,
Mon Amour - Remix,"Aitana, zzoilo",2,2020,9,21,3221,2,578207856.0,67,13,139,0,40,116,D,Major,75,36,76,12,0,10,10,1027,563006.6757546251,1,,,,,,,,,,,,,,,,,,,,,,,,,,,
Lo Siento BB:/ (with Bad Bunny & Julieta Venegas),"Julieta Venegas, Bad Bunny, Tainy",3,2021,10,5,3423,26,775542072.0,61,65,53,6,0,170,E,Minor,64,14,70,9,0,9,8,648,1196824.1851851852,1,,,,,,,,,,,,,,,,,,,,,,,,,,,
MONEY,Lisa,1,2021,9,10,2566,13,863625566.0,44,109,131,0,,140,C#,Minor,83,40,55,16,0,14,23,673,1283247.497771174,1,5a74c3ce-9478-484f-99af-a63b4388a454,Lisa,Lisa,United States,China; Colombia; France; Germany; Italy; Japan; Netherlands; South Korea; Spain,,j-pop; japanese; female vocalists; JPop; anime; Hip-Hop; pop; dance; j-urban; Hi-NRG; italian; J-rock; synthpop; Italo Disco; 80s; italo; rnb; japan; singer-songwriter; Lisa; rock; female; Japanese music; italia; Disco; pop rock; urban; Kpop; j-rnb; san remo; Soundtrack; seen live; r&b; Asian; Italy; english; anime ost; J-music; electronic; hip hop; alternative; solo; r and b; k-pop; dutch; female vocalist; Ballad; chinese; colombian; jrock; eurobeat; C-pop; X-Factor; Aleyster Crowley; mucajai; Argeu California; Don Kalifa; caracarai; Girls Dead Monster; AleysterCrowley; simplesdemais; Os Putos Brothers; Silva Alhandra; Encontro dos Famosos; italian girl; gidemo; spanish; french; alternative rock; reggae; emo; sexy; indie pop; piano; Power ballad; House; singer; Soundtracks; hiphop; punk rock; composer; pop punk; Favorite Artists; California; german; Korean; female vocals; queer; 00s; hot; Pop-Rock; love at first listen; cantonese; omfg; vocalist; dutch artist; music; j-rap; ballads; favourite artists,108332.0,4357678.0,True,,,,,,,,,,,,,,,,,
MONEY,Lisa,1,2021,9,10,2566,13,863625566.0,44,109,131,0,,140,C#,Minor,83,40,55,16,0,14,23,673,1283247.497771174,1,fde67432-278f-4a41-9e2f-0d1b35d8a3dc,Lisa,Lisa,Italy,China; Colombia; France; Germany; Italy; Japan; Netherlands; South Korea; Spain,,j-pop; japanese; female vocalists; JPop; anime; Hip-Hop; pop; dance; j-urban; Hi-NRG; italian; J-rock; synthpop; Italo Disco; 80s; italo; rnb; japan; singer-songwriter; Lisa; rock; female; Japanese music; italia; Disco; pop rock; urban; Kpop; j-rnb; san remo; Soundtrack; seen live; r&b; Asian; Italy; english; anime ost; J-music; electronic; hip hop; alternative; solo; r and b; k-pop; dutch; female vocalist; Ballad; chinese; colombian; jrock; eurobeat; C-pop; X-Factor; Aleyster Crowley; mucajai; Argeu California; Don Kalifa; caracarai; Girls Dead Monster; AleysterCrowley; simplesdemais; Os Putos Brothers; Silva Alhandra; Encontro dos Famosos; italian girl; gidemo; spanish; french; alternative rock; reggae; emo; sexy; indie pop; piano; Power ballad; House; singer; Soundtracks; hiphop; punk rock; composer; pop punk; Favorite Artists; California; german; Korean; female vocals; queer; 00s; hot; Pop-Rock; love at first listen; cantonese; omfg; vocalist; dutch artist; music; j-rap; ballads; favourite artists,108332.0,4357678.0,True,,,,,,,,,,,,,,,,,
MONEY,Lisa,1,2021,9,10,2566,13,863625566.0,44,109,131,0,,140,C#,Minor,83,40,55,16,0,14,23,673,1283247.497771174,1,0eb27d92-3434-46a8-b9a2-76613e29120b,Lisa,Lisa,Ireland,China; Colombia; France; Germany; Italy; Japan; Netherlands; South Korea; Spain,,j-pop; japanese; female vocalists; JPop; anime; Hip-Hop; pop; dance; j-urban; Hi-NRG; italian; J-rock; synthpop; Italo Disco; 80s; italo; rnb; japan; singer-songwriter; Lisa; rock; female; Japanese music; italia; Disco; pop rock; urban; Kpop; j-rnb; san remo; Soundtrack; seen live; r&b; Asian; Italy; english; anime ost; J-music; electronic; hip hop; alternative; solo; r and b; k-pop; dutch; female vocalist; Ballad; chinese; colombian; jrock; eurobeat; C-pop; X-Factor; Aleyster Crowley; mucajai; Argeu California; Don Kalifa; caracarai; Girls Dead Monster; AleysterCrowley; simplesdemais; Os Putos Brothers; Silva Alhandra; Encontro dos Famosos; italian girl; gidemo; spanish; french; alternative rock; reggae; emo; sexy; indie pop; piano; Power ballad; House; singer; Soundtracks; hiphop; punk rock; composer; pop punk; Favorite Artists; California; german; Korean; female vocals; queer; 00s; hot; Pop-Rock; love at first listen; cantonese; omfg; vocalist; dutch artist; music; j-rap; ballads; favourite artists,108332.0,4357678.0,True,,,,,,,,,,,,,,,,,
MONEY,Lisa,1,2021,9,10,2566,13,863625566.0,44,109,131,0,,140,C#,Minor,83,40,55,16,0,14,23,673,1283247.497771174,1,ecbe3b5a-fbec-448d-8c77-bbe0fe8819af,Lisa,Lisa,France,China; Colombia; France; Germany; Italy; Japan; Netherlands; South Korea; Spain,pop; french; france; francophone; français,j-pop; japanese; female vocalists; JPop; anime; Hip-Hop; pop; dance; j-urban; Hi-NRG; italian; J-rock; synthpop; Italo Disco; 80s; italo; rnb; japan; singer-songwriter; Lisa; rock; female; Japanese music; italia; Disco; pop rock; urban; Kpop; j-rnb; san remo; Soundtrack; seen live; r&b; Asian; Italy; english; anime ost; J-music; electronic; hip hop; alternative; solo; r and b; k-pop; dutch; female vocalist; Ballad; chinese; colombian; jrock; eurobeat; C-pop; X-Factor; Aleyster Crowley; mucajai; Argeu California; Don Kalifa; caracarai; Girls Dead Monster; AleysterCrowley; simplesdemais; Os Putos Brothers; Silva Alhandra; Encontro dos Famosos; italian girl; gidemo; spanish; french; alternative rock; reggae; emo; sexy; indie pop; piano; Power ballad; House; singer; Soundtracks; hiphop; punk rock; composer; pop punk; Favorite Artists; California; german; Korean; female vocals; queer; 00s; hot; Pop-Rock; love at first listen; cantonese; omfg; vocalist; dutch artist; music; j-rap; ballads; favourite artists,108332.0,4357678.0,True,,,,,,,,,,,,,,,,,
MONEY,Lisa,1,2021,9,10,2566,13,863625566.0,44,109,131,0,,140,C#,Minor,83,40,55,16,0,14,23,673,1283247.497771174,1,b5a3c48a-2300-4087-a21d-eafa5362c893,Lisa,Lisa,South Korea,China; Colombia; France; Germany; Italy; Japan; Netherlands; South Korea; Spain,,j-pop; japanese; female vocalists; JPop; anime; Hip-Hop; pop; dance; j-urban; Hi-NRG; italian; J-rock; synthpop; Italo Disco; 80s; italo; rnb; japan; singer-songwriter; Lisa; rock; female; Japanese music; italia; Disco; pop rock; urban; Kpop; j-rnb; san remo; Soundtrack; seen live; r&b; Asian; Italy; english; anime ost; J-music; electronic; hip hop; alternative; solo; r and b; k-pop; dutch; female vocalist; Ballad; chinese; colombian; jrock; eurobeat; C-pop; X-Factor; Aleyster Crowley; mucajai; Argeu California; Don Kalifa; caracarai; Girls Dead Monster; AleysterCrowley; simplesdemais; Os Putos Brothers; Silva Alhandra; Encontro dos Famosos; italian girl; gidemo; spanish; french; alternative rock; reggae; emo; sexy; indie pop; piano; Power ballad; House; singer; Soundtracks; hiphop; punk rock; composer; pop punk; Favorite Artists; California; german; Korean; female vocals; queer; 00s; hot; Pop-Rock; love at first listen; cantonese; omfg; vocalist; dutch artist; music; j-rap; ballads; favourite artists,108332.0,4357678.0,True,,,,,,,,,,,,,,,,,
MONEY,Lisa,1,2021,9,10,2566,13,863625566.0,44,109,131,0,,140,C#,Minor,83,40,55,16,0,14,23,673,1283247.497771174,1,c0b489b1-149a-441a-ad56-c51e8c07d15b,Lisa,Lisa,,China; Colombia; France; Germany; Italy; Japan; Netherlands; South Korea; Spain,,j-pop; japanese; female vocalists; JPop; anime; Hip-Hop; pop; dance; j-urban; Hi-NRG; italian; J-rock; synthpop; Italo Disco; 80s; italo; rnb; japan; singer-songwriter; Lisa; rock; female; Japanese music; italia; Disco; pop rock; urban; Kpop; j-rnb; san remo; Soundtrack; seen live; r&b; Asian; Italy; english; anime ost; J-music; electronic; hip hop; alternative; solo; r and b; k-pop; dutch; female vocalist; Ballad; chinese; colombian; jrock; eurobeat; C-pop; X-Factor; Aleyster Crowley; mucajai; Argeu California; Don Kalifa; caracarai; Girls Dead Monster; AleysterCrowley; simplesdemais; Os Putos Brothers; Silva Alhandra; Encontro dos Famosos; italian girl; gidemo; spanish; french; alternative rock; reggae; emo; sexy; indie pop; piano; Power ballad; House; singer; Soundtracks; hiphop; punk rock; composer; pop punk; Favorite Artists; California; german; Korean; female vocals; queer; 00s; hot; Pop-Rock; love at first listen; cantonese; omfg; vocalist; dutch artist; music; j-rap; ballads; favourite artists,108332.0,4357678.0,True,,,,,,,,,,,,,,,,,
MONEY,Lisa,1,2021,9,10,2566,13,863625566.0,44,109,131,0,,140,C#,Minor,83,40,55,16,0,14,23,673,1283247.497771174,1,e413ae3e-0c69-4bc6-b16b-aa7491350652,Lisa,Lisa,Germany,China; Colombia; France; Germany; Italy; Japan; Netherlands; South Korea; Spain,,j-pop; japanese; female vocalists; JPop; anime; Hip-Hop; pop; dance; j-urban; Hi-NRG; italian; J-rock; synthpop; Italo Disco; 80s; italo; rnb; japan; singer-songwriter; Lisa; rock; female; Japanese music; italia; Disco; pop rock; urban; Kpop; j-rnb; san remo; Soundtrack; seen live; r&b; Asian; Italy; english; anime ost; J-music; electronic; hip hop; alternative; solo; r and b; k-pop; dutch; female vocalist; Ballad; chinese; colombian; jrock; eurobeat; C-pop; X-Factor; Aleyster Crowley; mucajai; Argeu California; Don Kalifa; caracarai; Girls Dead Monster; AleysterCrowley; simplesdemais; Os Putos Brothers; Silva Alhandra; Encontro dos Famosos; italian girl; gidemo; spanish; french; alternative rock; reggae; emo; sexy; indie pop; piano; Power ballad; House; singer; Soundtracks; hiphop; punk rock; composer; pop punk; Favorite Artists; California; german; Korean; female vocals; queer; 00s; hot; Pop-Rock; love at first listen; cantonese; omfg; vocalist; dutch artist; music; j-rap; ballads; favourite artists,108332.0,4357678.0,True,,,,,,,,,,,,,,,,,
MONEY,Lisa,1,2021,9,10,2566,13,863625566.0,44,109,131,0,,140,C#,Minor,83,40,55,16,0,14,23,673,1283247.497771174,1,53efd3ad-81cd-4828-995b-b003aeca61b2,Lisa,,United Kingdom,,punk; uk; anarcho; scotland,,,,False,,,,,,,,,,,,,,,,,
MONEY,Lisa,1,2021,9,10,2566,13,863625566.0,44,109,131,0,,140,C#,Minor,83,40,55,16,0,14,23,673,1283247.497771174,1,b4d96efe-f019-4973-b48f-fa29f568b74b,Lisa,,Germany,,,,,,False,,,,,,,,,,,,,,,,,
MONEY,Lisa,1,2021,9,10,2566,13,863625566.0,44,109,131,0,,140,C#,Minor,83,40,55,16,0,14,23,673,1283247.497771174,1,68ce4ce3-8927-4ac0-83b2-9210ada169f6,Lisa,,,,,,,,False,,,,,,,,,,,,,,,,,
MONEY,Lisa,1,2021,9,10,2566,13,863625566.0,44,109,131,0,,140,C#,Minor,83,40,55,16,0,14,23,673,1283247.497771174,1,92087b83-0c15-4c73-9087-58aee0c0c79b,Lisa,,,,,,,,False,,,,,,,,,,,,,,,,,
MONEY,Lisa,1,2021,9,10,2566,13,863625566.0,44,109,131,0,,140,C#,Minor,83,40,55,16,0,14,23,673,1283247.497771174,1,90ffb04f-6016-4609-bb35-3457d34f0a2f,Lisa,,,,,,,,False,,,,,,,,,,,,,,,,,
MONEY,Lisa,1,2021,9,10,2566,13,863625566.0,44,109,131,0,,140,C#,Minor,83,40,55,16,0,14,23,673,1283247.497771174,1,220f1c81-e91a-470d-a46b-5085127f3c04,Lisa,,,,,,,,False,,,,,,,,,,,,,,,,,
MONEY,Lisa,1,2021,9,10,2566,13,863625566.0,44,109,131,0,,140,C#,Minor,83,40,55,16,0,14,23,673,1283247.497771174,1,e0033240-1301-47d5-bd17-14e6c0b5f251,Lisa,,,,,,,,False,,,,,,,,,,,,,,,,,
MONEY,Lisa,1,2021,9,10,2566,13,863625566.0,44,109,131,0,,140,C#,Minor,83,40,55,16,0,14,23,673,1283247.497771174,1,515283ac-964f-4977-8479-c90c32056e03,Lisa,,China,,,,,,False,,,,,,,,,,,,,,,,,
MONEY,Lisa,1,2021,9,10,2566,13,863625566.0,44,109,131,0,,140,C#,Minor,83,40,55,16,0,14,23,673,1283247.497771174,1,ad52e930-a0ca-432d-9cde-4a041398c0a0,Lisa,,Portugal,,,,,,False,,,,,,,,,,,,,,,,,
MONEY,Lisa,1,2021,9,10,2566,13,863625566.0,44,109,131,0,,140,C#,Minor,83,40,55,16,0,14,23,673,1283247.497771174,1,6d604f8b-be39-4920-93bd-b08fe4830f72,Lisa,,,,,,,,False,,,,,,,,,,,,,,,,,
MONEY,Lisa,1,2021,9,10,2566,13,863625566.0,44,109,131,0,,140,C#,Minor,83,40,55,16,0,14,23,673,1283247.497771174,1,ec233d46-bfe1-4ad6-8177-f2797aaa9c7d,Lisa,,,,,,,,False,,,,,,,,,,,,,,,,,
MONEY,Lisa,1,2021,9,10,2566,13,863625566.0,44,109,131,0,,140,C#,Minor,83,40,55,16,0,14,23,673,1283247.497771174,1,283608ce-871b-4c0c-8d4e-7e4fcb94594a,Lisa,,,,,,,,False,,,,,,,,,,,,,,,,,
The Motto,"Tiï¿½ï¿½sto, Ava",2,2021,11,4,9151,6,656013912.0,240,107,268,0,5,118,G,Minor,75,46,76,3,0,9,4,618,1061511.1844660195,1,,,,,,,,,,,,,,,,,,,,,,,,,,,
Happier Than Ever,Billie Eilish,1,2021,7,30,8476,0,1056760045.0,138,133,283,0,,65,,Major,31,31,24,76,0,14,4,715,1477986.076923077,5,f4abc0b5-3f7a-4eff-8f78-ac078dbce533,Billie Eilish,Billie Eilish,United States,,,,421966.0,19136414.0,False,,,,,,,,,,,,,,,,,
Moth To A Flame (with The Weeknd),"The Weeknd, Swedish House Mafia",2,2021,10,22,7495,17,611994237.0,114,172,284,2,,120,,Minor,56,16,67,0,0,11,4,631,969879.9318541996,1,,,,,,,,,,,,,,,,,,,,,,,,,,,
traitor,"Juan Cruz Toledo, Huilen Toledo",2,2021,5,21,5257,6,1230855859.0,85,43,134,0,,176,D#,Major,29,12,33,68,0,12,5,785,1567969.247133758,1,,,,,,,,,,,,,,,,,,,,,,,,,,,
Toxic,BoyWithUke,1,2021,9,10,1795,0,582981380.0,34,23,118,0,,180,G#,Minor,59,69,61,84,0,46,36,673,866242.7637444279,1,,,,,,,,,,,,,,,,,,,,,,,,,,,
drivers license,Olivia Rodrigo,1,2021,1,8,12685,3,1858144199.0,185,61,485,0,,144,A#,Major,59,21,43,76,0,10,7,918,2024122.2211328973,7,6925db17-f35e-42f3-a4eb-84ee6bf5d4b0,Olivia Rodrigo,Olivia Rodrigo,United States,,,,158.0,643.0,False,,,,,,,,,,,,,,,,,
Malvadï¿½ï¿,"Xamï¿½ï¿½, Gustah, Neo B",3,2021,11,30,648,1,240684449.0,14,3,81,0,0,133,F#,Minor,82,52,61,38,0,14,27,592,406561.5692567568,1,,,,,,,,,,,,,,,,,,,,,,,,,,,
All Too Well (10 Minute Version) (Taylor's Version) (From The Vault),Taylor Swift,1,2021,11,12,4635,5,583687007.0,50,49,30,1,2,93,,Major,63,21,52,28,0,9,3,610,956863.9459016392,34,20244d07-534f-4eff-b4d4-930878889970,Taylor Swift,Taylor Swift,United States,United States,pop; country; electropop; female vocals; dance-pop; pop rock; country pop; contemporary country; teen pop; top 40; country-pop; taylor-swift; singer/songwriter; fixme label mess; hp,country; pop; female vocalists; singer-songwriter; acoustic; taylor swift; country pop; american; seen live; female; pop rock; female vocalist; Love; 00s; contemporary country; USA; beautiful; folk; pop country; modern country; guilty pleasure; rock; amazing; taylor; world; chill; chillout; 3; World Music; sunflower; Skitz0rz; uitluisteren artist; holloween skitz0rz; fav888; my dance room; teen pop; <3; cute; Awesome; sweet; synthpop; Favorite; Female country; legend; talented; love story; 2000s; lovely,2203262.0,171760219.0,False,,,,,,,,,,,,,,,,,
Donï¿½ï¿½ï¿½t Break My,The Weeknd,1,2022,1,7,1184,0,63803529.0,1,5,6,0,0,122,A#,Major,77,25,62,34,0,23,3,554,115168.82490974729,22,c8b03190-306c-4120-bb0b-6f2ebfc06ea9,The Weeknd,The Weeknd,Canada,Canada,rnb; r&b; pbr&b,rnb; electronic; dubstep; Canadian; prog-rnb,1273725.0,77088337.0,False,,,,,,,,,,,,,,,,,
Oh My God,Adele,1,2021,11,19,4431,0,466214729.0,105,7,199,0,0,88,C#,Major,53,55,73,9,0,3,5,603,773158.7545605307,4,cc2c9c3c-b7bc-4b8b-84d8-4fbd8779e493,Adele,Adele,United Kingdom,United Kingdom,pop; jazz; singer; soul; adult contemporary; blue-eyed soul; film soundtrack; pop and chart; pop soul; blue eyed soul; adele; alternative/indie rock; adult alternative pop/rock; english singer,soul; female vocalists; british; singer-songwriter; indie; pop; Adele; jazz; acoustic; female vocalist; UK; alternative; britpop; blues; indie pop; female; chillout; 00s; beautiful voice; rnb; Neo-Soul; folk; seen live; england; london; piano; Mellow; rock; Blue-Eyed Soul; english; Love; r&b; beautiful; smooth; jazz-soul; easy listening; Sandy Leah,2856839.0,128162302.0,False,,,,,,,,,,,,,,,,,
Oh My God,Adele,1,2021,11,19,4431,0,466214729.0,105,7,199,0,0,88,C#,Major,53,55,73,9,0,3,5,603,773158.7545605307,4,95d47069-e8e4-4fc3-abf1-cde19b9aac92,Adele,,Norway,,,,,,False,,,,,,,,,,,,,,,,,
Oh My God,Adele,1,2021,11,19,4431,0,466214729.0,105,7,199,0,0,88,C#,Major,53,55,73,9,0,3,5,603,773158.7545605307,4,1de93a63-3a9f-443a-ba8a-a43b5fe0121e,Adele,,,United Kingdom,,,,,False,,,,,,,,,,,,,,,,,
Entre Nosotros (Remix) [con Nicki Nicole],"Lit Killah, Maria Becerra, Tiago pzk, NICKI NICOLE",4,2022,1,5,759,3,236940480.0,32,0,12,0,0,170,F,Minor,70,61,44,40,0,37,4,556,426151.9424460432,1,,,,,,,,,,,,,,,,,,,,,,,,,,,
A Tale By Quincy,The Weeknd,1,2022,1,7,733,0,41924466.0,0,2,2,0,0,94,F,Minor,46,55,50,71,0,10,11,554,75675.93140794223,22,c8b03190-306c-4120-bb0b-6f2ebfc06ea9,The Weeknd,The Weeknd,Canada,Canada,rnb; r&b; pbr&b,rnb; electronic; dubstep; Canadian; prog-rnb,1273725.0,77088337.0,False,,,,,,,,,,,,,,,,,
I AM WOMAN,Emmy Meli,1,2021,11,18,2795,0,225259194.0,45,0,107,0,0,170,A#,Major,65,46,47,12,0,13,16,604,372945.6854304636,1,,,,,,,,,,,,,,,,,,,,,,,,,,,
Medallo,"Justin Quiles, Lenny Tavï¿½ï¿½rez, BL",3,2021,10,27,2780,2,393230256.0,54,21,57,1,0,90,E,Minor,79,79,70,57,0,66,8,626,628163.3482428115,1,,,,,,,,,,,,,,,,,,,,,,,,,,,
It'll Be Okay,Shawn Mendes,1,2021,12,1,1950,0,287201015.0,56,8,104,0,10,78,G,Major,40,7,29,62,0,9,3,591,485957.7241962775,3,b7d92248-97e3-4450-8057-6fe06738f735,Shawn Mendes,Shawn Mendes,Canada,Canada; United Kingdom,pop; pop rock; piano rock; folk pop; teen pop; pop soul,pop; Canadian; folk; acoustic; canada; male vocalists; singer-songwriter; seen live; indie; british; sexy; pop rock; toronto; ontario; metal; alternative; alternative rock; dance-pop; singer; songwriter; drone; gay; Favorite Artists; rnb; piano rock; male vocalist; dance pop; folk pop; hot; shit; 10s; teen pop; 10; male singer; All; drone metal; talented; canadian pop; autistic; bi; farofa; 2019; blak metal; not k-pop; torontonian; fode essa buceta; ten pop; Sexy Male; acoustin; I Heard This Artist Before; shawn mendes; principe teen; underage daddy; MJ teen; daddy af; music for people named mackenzie; patrão do sheeran; cringewave,593270.0,22070953.0,False,,,,,,,,,,,,,,,,,
Softcore,The Neighbourhood,1,2018,3,9,3947,12,599770206.0,33,102,93,0,30,94,D,Major,57,36,58,5,0,15,3,1954,306944.83418628457,3,97b8d224-5660-419c-8dff-4b3bf0c33983,The Neighbourhood,The Neighbourhood,United States,,alternative rock; indie pop,indie; indie rock; indie pop; rock; seen live,787561.0,31254854.0,False,,,,,,,,,,,,,,,,,
Softcore,The Neighbourhood,1,2018,3,9,3947,12,599770206.0,33,102,93,0,30,94,D,Major,57,36,58,5,0,15,3,1954,306944.83418628457,3,53b06622-ec51-4924-a554-58b0affde6b5,The Neighbourhood,,United Kingdom,,,,,,False,,,,,,,,,,,,,,,,,
Super Gremlin,Kodak Black,1,2021,10,30,2551,0,342779426.0,52,15,35,0,1,73,D,Major,83,11,41,0,0,36,14,623,550207.746388443,1,5ec1ecc6-4535-4911-a27a-e26343f4a189,Kodak Black,Kodak Black,United States,,,,219216.0,5286870.0,False,,,,,,,,,,,,,,,,,
Volvï¿,"Aventura, Bad Bunny",2,2021,8,3,5375,10,673801126.0,138,24,133,0,1,176,C#,Major,73,79,86,42,0,7,18,711,947680.9085794656,1,,,,,,,,,,,,,,,,,,,,,,,,,,,
Todo De Ti,Rauw Alejandro,1,2020,11,2,11975,8,1168642797.0,188,75,268,6,16,128,D#,Minor,81,57,63,40,1,10,4,985,1186439.387817259,2,197b70c7-8910-4030-ad03-632d82aa40e3,Rauw Alejandro,Rauw Alejandro,United States,,,,5809.0,26681.0,False,,,,,,,,,,,,,,,,,
Love Nwantiti - Remix,"Ckay, AX'EL, Dj Yo!",3,2019,8,30,2696,0,540539717.0,42,2,57,0,,120,G#,Major,58,44,60,44,9,5,6,1415,382006.8671378092,1,,,,,,,,,,,,,,,,,,,,,,,,,,,
Smokin Out The Window,"Bruno Mars, Anderson .Paak, Silk Sonic",3,2021,11,5,4963,0,383550148.0,63,40,76,0,0,82,D,Major,63,85,62,6,0,35,4,617,621637.1928687196,2,,,,,,,,,,,,,,,,,,,,,,,,,,,
Meet Me At Our Spot,"THE ANXIETY, Willow, Tyler Cole",3,2020,3,13,6734,0,530511203.0,47,14,90,0,1,95,D,Major,77,40,47,2,0,9,3,1219,435201.9712879409,1,,,,,,,,,,,,,,,,,,,,,,,,,,,
Every Angel is Terrifying,The Weeknd,1,2022,1,7,715,0,37307967.0,0,1,2,0,0,118,,Major,44,52,94,11,0,4,29,554,67342.90072202166,22,c8b03190-306c-4120-bb0b-6f2ebfc06ea9,The Weeknd,The Weeknd,Canada,Canada,rnb; r&b; pbr&b,rnb; electronic; dubstep; Canadian; prog-rnb,1273725.0,77088337.0,False,,,,,,,,,,,,,,,,,
Tacones Rojos,Sebastian Yatra,1,2021,10,22,3047,9,510876816.0,77,31,85,5,28,123,B,Minor,75,93,86,8,0,14,3,631,809630.4532488114,2,,,,,,,,,,,,,,,,,,,,,,,,,,,
Peaches (feat. Daniel Caesar & Giveon),"Justin Bieber, Daniel Caesar, Giveon",3,2021,3,19,14140,0,1445941661.0,231,52,612,6,,90,,Major,63,49,68,38,0,42,18,848,1705119.8832547169,1,,,,,,,,,,,,,,,,,,,,,,,,,,,
Dakiti,"Bad Bunny, Jhay Cortez",2,2020,10,30,11215,21,1763363713.0,189,166,525,9,25,110,E,Minor,73,14,57,40,0,11,5,988,1784781.0860323887,2,,,,,,,,,,,,,,,,,,,,,,,,,,,
"Tiago PZK: Bzrp Music Sessions, Vol. 48","Bizarrap, Tiago pzk",2,2021,12,29,1678,12,374191487.0,20,4,15,1,3,96,C#,Minor,66,76,82,47,0,10,32,563,664638.5204262878,1,,,,,,,,,,,,,,,,,,,,,,,,,,,
Lï¿½ï¿½ï¿,Stromae,1,2022,1,9,2035,0,108809090.0,41,122,394,0,2,88,D,Minor,56,58,55,35,0,23,11,552,197117.91666666663,1,ab2528d9-719f-4261-8098-21849222a0f2,Stromae,Stromae,Belgium,Belgium; France,electropop; dance-pop; hip house; electro house; nouvelle chanson française,electronic; dance; belgian; french; electronica; seen live; pop; House; Hip-Hop; Belgium; male vocalists; electro; rap; hip hop; singer-songwriter; Français; one hit wonder; electro house; chanson francaise; party; francophone; overrated; stromae; rap x3; chillout; electropop; catchy; club; rnb; eurodance; france; Belge; european; brussels; depressive; Electro Hip Hop; belgique,676958.0,15378742.0,False,,,,,,,,,,,,,,,,,
Nostï¿½ï¿½l,"Chris Brown, Rvssian, Rauw Alejandro",3,2021,9,8,2780,2,436695353.0,86,76,59,0,16,98,A,Minor,73,60,85,17,0,24,5,675,646956.0785185185,1,,,,,,,,,,,,,,,,,,,,,,,,,,,
Better Days (NEIKED x Mae Muller x Polo G),"NEIKED, Mae Muller, Polo G",3,2021,9,24,4091,0,421040617.0,105,2,73,13,1,110,,Minor,72,67,68,0,0,14,4,659,638908.3717754174,1,,,,,,,,,,,,,,,,,,,,,,,,,,,
Life Goes On,Oliver Tree,1,2020,7,17,2868,0,501541661.0,43,15,116,0,,80,,Major,70,57,49,19,0,12,8,1093,458867.0274473925,1,1fa3bded-908f-47be-9784-3c9ef850682b,Oliver Tree,Oliver Tree,,,,,55040.0,740136.0,False,,,,,,,,,,,,,,,,,
Sad Girlz Luv Money Remix (feat. Kali Uchis),"Kali Uchis, Amaarae, Moliy",3,2021,9,16,3643,0,354065229.0,69,3,70,0,3,110,C#,Minor,86,31,53,43,0,11,6,667,530832.4272863568,1,,,,,,,,,,,,,,,,,,,,,,,,,,,
Butter,BTS,1,2021,5,21,4779,6,1143647827.0,180,135,223,0,5,110,G#,Major,79,70,36,0,0,6,11,785,1456876.2127388534,8,,,,,,,,,,,,,,,,,,,,,,,,,,,
pushin P (feat. Young Thug),"Young Thug, Future, Gunna",3,2022,1,7,3517,0,311395144.0,54,28,43,0,0,78,C#,Minor,77,49,42,1,1,13,19,554,562085.0974729242,1,,,,,,,,,,,,,,,,,,,,,,,,,,,
You Right,"Doja Cat, The Weeknd",2,2021,6,24,5073,0,672656250.0,83,9,100,0,4,129,G#,Major,83,44,62,2,0,8,6,751,895680.7589880159,1,,,,,,,,,,,,,,,,,,,,,,,,,,,
deja vu,Olivia Rodrigo,1,2021,4,1,7545,4,1256880657.0,117,39,141,0,46,181,A,Major,44,22,60,61,0,42,9,835,1505246.2958083833,7,6925db17-f35e-42f3-a4eb-84ee6bf5d4b0,Olivia Rodrigo,Olivia Rodrigo,United States,,,,158.0,643.0,False,,,,,,,,,,,,,,,,,
Dynamite,BTS,1,2020,8,21,8528,5,1692897992.0,239,163,583,0,,114,F#,Minor,75,74,77,1,0,9,10,1058,1600092.6200378072,8,,,,,,,,,,,,,,,,,,,,,,,,,,,
TO THE MOON,Jnr Choi,1,2021,11,5,2979,0,245095641.0,44,0,159,0,0,144,D,Major,74,39,65,5,1,11,35,617,397237.6677471637,1,,,,,,,,,,,,,,,,,,,,,,,,,,,
Lost in the Fire,"The Weeknd, Gesaffelstein",2,2019,1,11,7731,2,686734357.0,110,145,447,0,46,101,D,Major,66,18,68,9,0,12,4,1646,417214.0686512758,2,,,,,,,,,,,,,,,,,,,,,,,,,,,
Salimo de Noche,"Trueno, Tiago pzk",2,2021,10,21,1057,0,261414174.0,17,5,21,0,0,84,D,Major,67,78,63,29,0,12,5,632,413630.0221518987,1,,,,,,,,,,,,,,,,,,,,,,,,,,,
Volando - Remix,"Sech, Bad Bunny, Mora",3,2021,7,8,3272,19,610045621.0,101,34,70,1,2,154,F#,Major,66,63,69,21,0,11,7,737,827741.68385346,1,,,,,,,,,,,,,,,,,,,,,,,,,,,
Leave The Door Open,"Bruno Mars, Anderson .Paak, Silk Sonic",3,2021,3,5,14417,0,1115880852.0,237,123,569,0,10,148,F,Major,59,72,62,18,0,9,3,862,1294525.350348028,2,,,,,,,,,,,,,,,,,,,,,,,,,,,
Knife Talk (with 21 Savage ft. Project Pat),"Drake, Project Pat, 21 Savage",3,2021,9,3,5199,0,594482982.0,45,43,45,0,3,146,F,Minor,85,22,37,13,0,7,30,680,874239.6794117647,1,,,,,,,,,,,,,,,,,,,,,,,,,,,
Don't Be Shy,"Tiï¿½ï¿½sto, Kar",2,2021,8,1,6026,0,566954746.0,171,51,187,1,21,120,B,Minor,77,51,79,20,0,26,6,713,795167.9467040673,1,,,,,,,,,,,,,,,,,,,,,,,,,,,
Love Grows (Where My Rosemary Goes),Edison Lighthouse,1,1970,1,1,2877,0,,16,0,54,0,0,110,A,Major,53,75,69,7,0,17,3,19553,,1,5528ebce-9a4e-4e16-8e75-211e475928d6,Edison Lighthouse,Edison Lighthouse,United Kingdom,United Kingdom,british; uk; rock and indie,pop; classic rock; oldies; 70s; 60s; rock; bubblegum; british; sunshine pop; soft rock; male vocalists; One Hit Wonders; UK; happy; england; edison lighthouse; seen live; vocal; male; pop rock; feel good; smooth; melancholy; british invasion; soft pop; Pop-Rock; Europe; english; sweet; classics; 60; United Kingdom; classic pop; positive; close harmony; All; one hit wonder; 70's; Contemporary pop; am pop; Pop Life; fluff; kesa; pops; pop tart; have to sing along; Candy Pop; Pop Group; this is good for your health; Sounds and memories; weallgetold; Need to Rate; ei oo parempaa; greatrockers; doofusgoofus; Classic Bubblegum; pop 70s; maidavalelover was here; good times artists 98; shohola classics; EDSNLGTHS,88820.0,391582.0,False,,,,,,,,,,,,,,,,,
LA FAMA (with The Weeknd),"The Weeknd, ROSALï¿½",2,2021,11,11,4640,3,374706940.0,81,93,507,6,4,136,,Minor,77,82,30,95,0,13,5,611,613268.3142389526,1,,,,,,,,,,,,,,,,,,,,,,,,,,,
The Family Madrigal,"Olga Merediz, Stephanie Beatriz, Encanto - Cast",3,2021,11,19,1150,0,184937148.0,20,38,12,0,0,141,C#,Major,59,56,63,12,0,6,36,603,306695.10447761195,1,,,,,,,,,,,,,,,,,,,,,,,,,,,
Phantom Regret by Jim,The Weeknd,1,2022,1,7,768,0,31959571.0,1,1,3,0,0,108,A,Minor,46,23,48,75,30,14,4,554,57688.75631768953,22,c8b03190-306c-4120-bb0b-6f2ebfc06ea9,The Weeknd,The Weeknd,Canada,Canada,rnb; r&b; pbr&b,rnb; electronic; dubstep; Canadian; prog-rnb,1273725.0,77088337.0,False,,,,,,,,,,,,,,,,,
Dos Oruguitas,Sebastian Yatra,1,2021,11,19,925,0,167076418.0,24,47,74,0,0,94,,Major,42,47,36,76,0,9,5,603,277075.32006633497,2,,,,,,,,,,,,,,,,,,,,,,,,,,,
Freaks,Surf Curse,1,2015,5,10,3006,3,824420218.0,23,21,121,0,13,180,A,Major,35,41,94,0,63,5,5,2988,275910.3808567604,1,89ea85c2-c90a-46ea-93db-9bed95d5c8f8,Surf Curse,Surf Curse,United States,,,,39479.0,756601.0,False,,,,,,,,,,,,,,,,,
Acapulco,Jason Derulo,1,2021,9,1,3098,0,363467642.0,111,5,182,1,0,122,A#,Major,77,51,79,5,0,16,5,682,532943.7565982405,1,6de0f914-3e60-4418-be3b-42e0feb6eb4d,Jason Derulo,Jason Derülo,United States,Haiti; United States,rock; pop; dance; electropop; dance-pop; r&b; contemporary r&b,rnb; pop; male vocalists; urban; Jason Derulo; Hip-Hop; r&b; american; dance; soul; hip hop; seen live; electronic; jason; dance-pop; justin bieber; Partymusic; rap; singer-songwriter; United States; sexy; USA; House; male vocalist; 00s; english; 2010s; <3; florida; autotune; electropop; rock; favorites; acoustic; smooth; dance pop; shit; miami; male vocals; 2000s; 10s; i; r'n'b; All; Akon; party song; black music; Haitian; Modern hip-hop; in my Head; camryn; jason derulo watcha say,1872933.0,27564385.0,False,,,,,,,,,,,,,,,,,
Daddy Issues,The Neighbourhood,1,2015,10,30,9771,4,1127468248.0,42,70,384,0,3,85,A#,Major,59,33,52,7,15,12,3,2815,400521.580106572,3,97b8d224-5660-419c-8dff-4b3bf0c33983,The Neighbourhood,The Neighbourhood,United States,,alternative rock; indie pop,indie; indie rock; indie pop; rock; seen live,787561.0,31254854.0,False,73379.0,The Neighbourhood,71.0,0.0678,0.588,260173.0,0.521,0.149,A#,0.123,-9.461,Major,0.0329,85.012,4-Apr,0.337,Alternative
Daddy Issues,The Neighbourhood,1,2015,10,30,9771,4,1127468248.0,42,70,384,0,3,85,A#,Major,59,33,52,7,15,12,3,2815,400521.580106572,3,53b06622-ec51-4924-a554-58b0affde6b5,The Neighbourhood,,United Kingdom,,,,,,False,73379.0,The Neighbourhood,71.0,0.0678,0.588,260173.0,0.521,0.149,A#,0.123,-9.461,Major,0.0329,85.012,4-Apr,0.337,Alternative
thought i was playing,"21 Savage, Gunna",2,2022,1,7,807,0,60680939.0,3,0,5,0,0,148,C#,Major,68,29,73,0,0,7,7,554,109532.380866426,1,,,,,,,,,,,,,,,,,,,,,,,,,,,
ELEVEN,IVE,1,2021,12,1,521,1,247737946.0,17,89,11,0,0,120,A,Major,83,59,73,6,0,5,11,591,419184.3417935702,4,a92e9703-929f-45bb-aa78-b78dfde731a4,IVE,,,,,,,,False,,,,,,,,,,,,,,,,,
Mood (feat. Iann Dior),"24kgoldn, Iann Dior",2,2020,7,24,12854,0,1699402402.0,237,27,636,0,,91,G,Minor,70,76,72,22,0,27,4,1086,1564827.2578268878,1,,,,,,,,,,,,,,,,,,,,,,,,,,,
What Else Can I Do?,"Stephanie Beatriz, Diane Guerrero",2,2021,11,19,802,0,154797871.0,13,27,8,0,0,120,E,Major,72,54,71,26,0,10,4,603,256712.88723051408,1,,,,,,,,,,,,,,,,,,,,,,,,,,,
DANCE CRIP,Trueno,1,2021,11,17,731,0,198883004.0,14,14,24,0,4,106,,Major,86,86,79,11,0,8,9,605,328732.2380165289,1,,,,,,,,,,,,,,,,,,,,,,,,,,,
Miserable Man,David Kushner,1,2022,1,7,788,0,124407432.0,13,0,32,1,0,110,A#,Major,63,31,35,93,0,29,3,554,224562.1516245488,2,39b67b8b-d237-4df9-b1a6-7cf4cf749b36,David Kushner,David Kushner,,,,,76.0,458.0,False,,,,,,,,,,,,,,,,,
happier,Olivia Rodrigo,1,2021,5,21,3069,4,850608354.0,25,46,105,0,45,169,F#,Major,39,36,45,81,0,8,13,785,1083577.5210191084,7,6925db17-f35e-42f3-a4eb-84ee6bf5d4b0,Olivia Rodrigo,Olivia Rodrigo,United States,,,,158.0,643.0,False,,,,,,,,,,,,,,,,,
Praise God,Kanye West,1,2021,8,29,4651,0,376333030.0,24,6,105,0,0,118,C#,Major,80,21,55,1,0,26,17,685,549391.2846715328,3,164f0d73-1234-4e2c-8743-d77bf2191051,Kanye West,Kanye West,United States,United States,synthpop; pop; american; hip-hop; hip hop; electropop; producer; pop rap; rapper; us; hip hop rnb and dance hall; experimental hip hop; grammy winner; hardcore hip hop,Hip-Hop; rap; hip hop; rnb; Kanye West; seen live; Gay Fish; american; pop; chicago; hiphop; soul; electronic; gayfish; producer; alternative; male vocalists; 00s; kanye; indie; rock; urban; experimental; dance; r&b; pop rap; alternative rap; electronica; alternative hip-hop; USA; good music; midwest rap,4390502.0,238603850.0,False,,,,,,,,,,,,,,,,,
Get Into It (Yuh),Doja Cat,1,2021,6,25,4999,0,516784627.0,43,19,73,12,0,92,G#,Minor,91,79,66,32,0,9,16,750,689046.1693333334,6,5df62a88-cac9-490a-b62c-c7c88f4020f4,Doja Cat,Doja Cat,,United States,,pop; rnb; rap; alternative; female vocalists; Dope; r&b; Hip-Hop; hip hop; USA; american; electronic; indie pop; internet; r and b; f; pop rap; 10s; 2010s; us; high; United States; bass music; Hell Yeah; Acid Trip; musical journey to the ends of time; list-en; seapunk hip hop; party city; dogs and cats,99950.0,1555095.0,False,,,,,,,,,,,,,,,,,
Before You Go,Lewis Capaldi,1,2019,11,1,8327,24,1608045237.0,205,130,625,0,25,112,D#,Major,45,19,60,63,0,9,6,1352,1189382.571745562,3,526aab94-697f-44a9-b630-41d1c0505953,Lewis Capaldi,Lewis Capaldi,United Kingdom,,,,124429.0,1153857.0,False,,,,,,,,,,,,,,,,,
Sky,Playboi Carti,1,2020,12,25,3297,3,506778838.0,25,3,52,0,1,140,D,Major,79,56,91,26,0,13,21,932,543754.1180257511,1,2baf3276-ed6a-4349-8d2e-f4601e7b2167,Playboi Carti,Playboi Carti,United States,,,,159858.0,8723637.0,False,,,,,,,,,,,,,,,,,
Rolling in the Deep,Adele,1,2010,11,29,35684,6,1472799873.0,195,125,"6,280",2,78,105,G#,Major,73,52,76,13,0,5,3,4611,319410.07872478856,4,cc2c9c3c-b7bc-4b8b-84d8-4fbd8779e493,Adele,Adele,United Kingdom,United Kingdom,pop; jazz; singer; soul; adult contemporary; blue-eyed soul; film soundtrack; pop and chart; pop soul; blue eyed soul; adele; alternative/indie rock; adult alternative pop/rock; english singer,soul; female vocalists; british; singer-songwriter; indie; pop; Adele; jazz; acoustic; female vocalist; UK; alternative; britpop; blues; indie pop; female; chillout; 00s; beautiful voice; rnb; Neo-Soul; folk; seen live; england; london; piano; Mellow; rock; Blue-Eyed Soul; english; Love; r&b; beautiful; smooth; jazz-soul; easy listening; Sandy Leah,2856839.0,128162302.0,False,,,,,,,,,,,,,,,,,
Rolling in the Deep,Adele,1,2010,11,29,35684,6,1472799873.0,195,125,"6,280",2,78,105,G#,Major,73,52,76,13,0,5,3,4611,319410.07872478856,4,95d47069-e8e4-4fc3-abf1-cde19b9aac92,Adele,,Norway,,,,,,False,,,,,,,,,,,,,,,,,
Rolling in the Deep,Adele,1,2010,11,29,35684,6,1472799873.0,195,125,"6,280",2,78,105,G#,Major,73,52,76,13,0,5,3,4611,319410.07872478856,4,1de93a63-3a9f-443a-ba8a-a43b5fe0121e,Adele,,,United Kingdom,,,,,False,,,,,,,,,,,,,,,,,
Sobrio,Maluma,1,2021,7,8,3506,10,513643924.0,103,76,100,1,1,178,F,Major,76,63,77,14,0,15,22,737,696938.8385345998,1,e8979f75-9110-4df8-ac70-898898d080d1,Maluma,Maluma,Colombia,Colombia; Spain; United States,latin; reggaeton; latin urban,mierda; Brutal Death Metal; black metal; shit; metal; basura; death metal; Crap; justin bieber; latin; Reggaeton; pop; Officially Shit; Colombia; latin pop; hot; bullshit; sexy; male vocalists; colombian; caca; justin biever; spanish; female vocalists; american; latino; dance pop; pop en espanol; under 2000 listeners; 10s; deathcore; columbia; All; South America; satanic black metal; thall; popo; guiso; lauris; Lubo; Latin Grammy nominee; antioquia; pop gay; Sexy Male; tagme; reggaeton colombiano; Maluma; latina urbana,170454.0,3026691.0,False,,,,,,,,,,,,,,,,,
Peru,"Ed Sheeran, Fireboy DML",2,2021,12,23,2999,0,261286503.0,60,17,154,0,22,108,G,Minor,96,71,42,57,0,8,9,569,459202.992970123,1,,,,,,,,,,,,,,,,,,,,,,,,,,,
favorite crime,Olivia Rodrigo,1,2021,5,21,3681,0,783706581.0,20,21,99,0,7,173,A,Major,40,19,29,86,0,34,4,785,998352.3324840764,7,6925db17-f35e-42f3-a4eb-84ee6bf5d4b0,Olivia Rodrigo,Olivia Rodrigo,United States,,,,158.0,643.0,False,,,,,,,,,,,,,,,,,
Thunder,"Prezioso, Gabry Ponte, LUM!X",3,2021,5,7,4846,10,422691058.0,54,16,259,0,13,101,C#,Major,67,40,90,3,0,34,6,799,529025.1038798498,1,,,,,,,,,,,,,,,,,,,,,,,,,,,
The Business,Tiï¿½ï¿,1,2020,1,1,14311,0,1062345656.0,255,32,582,0,14,120,G#,Minor,80,24,62,41,2,11,23,1291,822885.8683191325,1,,,,,,,,,,,,,,,,,,,,,,,,,,,
positions,Ariana Grande,1,2020,10,23,8207,0,1252563873.0,175,55,95,0,2,144,,Major,73,66,80,44,0,9,12,995,1258858.1638190956,2,f4fdbb4c-e4b7-47a0-b83b-d91bbfcfa387,Ariana Grande,Ariana Grande,United States,United States,pop; electropop; dance-pop; electro house; r&b; contemporary r&b; ag4,pop; female vocalists; rnb; Ariana Grande; nickelodeon; american; r&b; dance; soul; singer-songwriter; florida; dance-pop; electropop; sexy; USA; 3; Bridgit Mendler; Soundtrack; seen live; female vocalist; 10s; teen pop; Mariah Carey; contemporary rnb; chillout; chill; cute; world; World Music; boca raton; All; Selena Gomez; justin bieber; Skitz0rz; uitluisteren artist; holloween skitz0rz; Hip-Hop; electronic; female; beautiful; guilty pleasure; hot; trap; sunflower; Miley Cyrus; my dance room; hip hop; pop rock; Queen; electro house; english; perfect; EDM; United States; Demi Lovato; victorious; fav888; rock; C; urban; House; g; k; 1; f; dance pop; j; 4; shit; R; lovely; Disney; overrated; E; misc; 9; 2; 7; us; songs; 13; 5; 6; i; o; 8; 0; x; bats; r'n'b; d; Shady; s; b; cancer; h; a; w; amazing voice; m,1098133.0,106673207.0,False,,,,,,,,,,,,,,,,,
I WANNA BE YOUR SLAVE,Mï¿½ï¿½ne,1,2021,3,19,4873,0,851070493.0,65,88,434,3,13,133,C#,Major,75,96,61,0,0,18,4,848,1003620.8643867924,4,,,,,,,,,,,,,,,,,,,,,,,,,,,
Vai Lï¿½ï¿½ Em Casa ,"Marï¿½ï¿½lia Mendonï¿½ï¿½a, George Henrique &",2,2021,10,22,772,0,263894529.0,7,3,89,0,0,158,G#,Minor,46,62,83,53,0,97,28,631,418216.36925515055,1,,,,,,,,,,,,,,,,,,,,,,,,,,,
The Feels,TWICE,1,2021,10,1,1150,0,345903614.0,20,99,44,0,2,120,A,Major,81,92,90,9,0,8,7,652,530527.0153374233,2,8da127cc-c432-418f-b356-ef36210d82ac,TWICE,TWICE,South Korea,,,,80642.0,9488726.0,False,,,,,,,,,,,,,,,,,
HEARTBREAK ANNIVERSARY,Giveon,1,2020,2,21,5398,4,951637566.0,111,127,210,0,37,129,,Major,61,59,46,56,0,13,5,1240,767449.65,1,,,,,,,,,,,,,,,,,,,,,,,,,,,
No Lie,"Sean Paul, Dua Lipa",2,2016,11,18,7370,0,956865266.0,92,127,"1,219",0,62,102,G,Major,74,45,89,5,0,26,13,2430,393771.71440329216,1,,,,,,,,,,,,,,,,,,,,,,,,,,,
OUT OUT (feat. Charli XCX & Saweetie),"Charli XCX, Jax Jones, Joel Corry, Saweetie",4,2021,8,13,6890,0,427486004.0,122,11,201,0,1,124,G#,Minor,79,79,84,2,0,5,5,701,609823.1155492153,1,,,,,,,,,,,,,,,,,,,,,,,,,,,
Pope Is a Rockstar,SALES,1,2016,4,20,1966,0,156658366.0,4,2,50,0,0,90,E,Minor,73,31,45,85,24,11,3,2642,59295.36941710825,1,597d6d84-0316-4e7b-8649-20c576dac29f,SALES,SALES,United States,United States,electronic; pop,Lo-Fi; minimal rock; seen live; indie; indie pop; guitar pop; minimal pop; female vocalists; USA; electronic; pop; experimental; twee pop; pop rock; american; rock n roll; Orlando; Bandcamp; post tropical sadcore; holy favorites1,147774.0,2089123.0,False,,,,,,,,,,,,,,,,,
2055,Sleepy hallow,1,2021,4,14,2226,0,624515457.0,29,0,44,0,0,161,F#,Minor,78,65,52,46,0,12,31,822,759751.1642335766,1,,,,,,,,,,,,,,,,,,,,,,,,,,,
Bored,Billie Eilish,1,2017,3,30,4204,0,777765388.0,39,45,250,0,0,120,G,Major,60,11,33,90,0,8,5,2298,338453.17145343777,5,f4abc0b5-3f7a-4eff-8f78-ac078dbce533,Billie Eilish,Billie Eilish,United States,,,,421966.0,19136414.0,False,,,,,,,,,,,,,,,,,
Happier Than Ever - Edit,Billie Eilish,1,2021,7,28,1959,0,412795151.0,19,0,38,0,0,81,,Major,45,12,57,7,0,23,3,717,575725.4546722454,5,f4abc0b5-3f7a-4eff-8f78-ac078dbce533,Billie Eilish,Billie Eilish,United States,,,,421966.0,19136414.0,False,,,,,,,,,,,,,,,,,
Astronaut In The Ocean,Masked Wolf,1,2019,1,1,7191,0,1138474110.0,146,18,478,0,7,150,E,Minor,78,47,70,18,0,15,9,1656,687484.3659420289,1,,,,,,,,,,,,,,,,,,,,,,,,,,,
Ley Seca,"Anuel Aa, Jhay Cortez",2,2021,9,2,2012,0,355219175.0,101,12,38,0,0,105,G#,Major,76,58,84,10,0,13,10,681,521614.06020558,1,,,,,,,,,,,,,,,,,,,,,,,,,,,
Every Summertime,NIKI,1,2021,8,10,1211,2,290228626.0,30,2,5,0,6,79,F#,Major,63,76,67,38,0,6,4,704,412256.5710227273,1,0073a9e6-b4e5-454d-8d5c-1a0058b40ab5,NIKI,,Indonesia,,,,,,False,,,,,,,,,,,,,,,,,
Every Summertime,NIKI,1,2021,8,10,1211,2,290228626.0,30,2,5,0,6,79,F#,Major,63,76,67,38,0,6,4,704,412256.5710227273,1,babbda81-1131-4b35-8342-7d69dfa539ff,NIKI,,,Estonia; Indonesia; Japan,,,,,False,,,,,,,,,,,,,,,,,
Talking To The Moon,Bruno Mars,1,2010,10,4,7109,2,1062956628.0,5,0,862,0,0,146,C#,Minor,52,7,61,51,0,11,3,4667,227760.1517034497,4,afb680f2-b6eb-4cd7-a70b-a63b25c763d5,Bruno Mars,Bruno Mars,United States,United States,rock; pop; new wave; funk; soul; pop rock; pop soul; r&b; contemporary r&b; synth funk; a filk artist,pop; rnb; male vocalists; r&b; slow jams; Bruno Mars; soul; american; singer-songwriter; seen live; funk; reggae; Hip-Hop; indie; romantic; rock; bruno; hip hop; USA; pop rock; alternative; male vocalist; blues; dance; rhythm and blues; hawaii; 2010s; sexy; soft rock; Grenade; folk; acoustic; english; Hawaiian; r'n'b,1841782.0,54224967.0,False,,,,,,,,,,,,,,,,,
you broke me first,Tate McRae,1,2020,4,17,6638,0,1180094974.0,167,19,318,0,1,124,E,Major,64,8,37,79,0,9,5,1184,996701.8361486486,2,f9133869-f87c-459c-9aa7-2f176cda7e06,Tate McRae,Tate McRae,,,,,7676.0,38308.0,False,,,,,,,,,,,,,,,,,
The Nights,Avicii,1,2014,1,1,17354,8,1456081449.0,92,122,"1,282",0,55,126,F#,Major,53,66,85,2,0,24,4,3482,418173.8796668581,2,c85cfd6b-b1e9-4a50-bd55-eb725f04f7d5,Avicii,Avicii,Sweden,Sweden,house; seen live; electropop; dance-pop; funky house; progressive house; electro house; edm,House; electronic; dance; Progressive House; electro house; swedish; seen live; electronica; EDM; club; Avicii; electro; dj; Sweden; pop; trance; dubstep; techno; tech house; deep house; folktronica; eurodance; stockholm; tim berg,1554261.0,43778295.0,False,,,,,,,,,,,,,,,,,
Take My Breath,The Weeknd,1,2021,8,6,6392,0,432702334.0,174,73,344,0,0,121,G#,Major,75,53,74,2,0,11,5,708,611161.488700565,22,c8b03190-306c-4120-bb0b-6f2ebfc06ea9,The Weeknd,The Weeknd,Canada,Canada,rnb; r&b; pbr&b,rnb; electronic; dubstep; Canadian; prog-rnb,1273725.0,77088337.0,False,,,,,,,,,,,,,,,,,
Way 2 Sexy (with Future & Young Thug),"Drake, Future, Young Thug",3,2021,9,3,5481,0,489945871.0,144,30,86,0,0,136,B,Minor,80,33,60,0,0,32,14,680,720508.6338235295,1,,,,,,,,,,,,,,,,,,,,,,,,,,,
Cï¿½ï¿½,Rauw Alejandro,1,2021,6,25,2636,3,465959382.0,36,82,39,0,5,102,A,Minor,77,26,63,58,0,11,5,750,621279.176,2,197b70c7-8910-4030-ad03-632d82aa40e3,Rauw Alejandro,Rauw Alejandro,United States,,,,5809.0,26681.0,False,,,,,,,,,,,,,,,,,
Enemy - from the series Arcane League of Legends,"Imagine Dragons, League of Legends, Arcane",3,2021,10,27,824,0,1223481149.0,8,8,8,2,0,77,G,Major,73,54,74,23,0,41,23,626,1954442.7300319488,1,,,,,,,,,,,,,,,,,,,,,,,,,,,
Dance Monkey,Tones and I,1,2019,5,10,24529,0,2864791672.0,533,167,"3,595",6,,98,F#,Minor,82,54,59,69,0,18,10,1527,1876091.468238376,1,,,,,,,,,,,,,,,,,,,,,,,,,,,
Lucid Dreams,Juice WRLD,1,2017,6,15,14749,0,2288695111.0,188,34,710,0,5,84,B,Minor,44,22,48,38,0,33,24,2221,1030479.5637100404,2,4e4ebde4-0c56-4dec-844b-6c73adcdd92d,Juice WRLD,Juice WRLD,,,,,182371.0,6647282.0,False,,,,,,,,,,,,,,,,,
Quï¿½ï¿½ Mï¿½ï¿,"J Balvin, Maria Becerra",2,2021,1,28,8087,0,720825549.0,92,34,131,0,0,102,G#,Major,89,77,82,3,0,17,11,898,802701.0567928731,1,,,,,,,,,,,,,,,,,,,,,,,,,,,
All of Me,John Legend,1,2013,8,1,27221,0,2086124197.0,308,118,"4,534",2,77,120,G#,Major,42,33,26,92,0,13,3,3635,573899.3664374141,1,75a72702-a5ef-4513-bca5-c5b944903546,John Legend,John Legend,United States,United States,american; usa; soul; américain; soul and reggae,soul; rnb; Neo-Soul; singer-songwriter; Hip-Hop; seen live; John Legend; male vocalists; Neo Soul; piano; r&b; american; pop; rhythm and blues; r and b; hip hop; smooth; male vocalist; urban; jazz; chillout; USA; 00s; easy listening; sexy; Mellow; favorites; r'n'b; nu soul; urban soul; chill; rap; Ohio; funk; hiphop; alternative; good music,1750440.0,31199454.0,False,,,,,,,,,,,,,,,,,
Smells Like Teen Spirit - Remastered 2021,Nirvana,1,1991,9,10,49991,9,1690192927.0,265,121,"12,367",4,160,117,C#,Major,52,73,91,0,0,11,7,11631,145317.93715071792,2,5b11f4ce-a62d-471e-81fc-a69a8278c7da,Nirvana,Nirvana,United States,United States,rock; alternative rock; 90s; punk; american; experimental; seattle; grunge; band; usa; alternative; américain; legendary; acoustic rock; noise rock; 90; northwest; rock and indie; united states; nirvana; kurt cobain,Grunge; rock; alternative; alternative rock; 90s; punk; Nirvana; indie; american; seattle; hard rock; punk rock; metal; classic rock; Kurt Cobain; Grunge Rock; indie rock; USA; male vocalists; favorites,4272894.0,222303859.0,False,,,,,,,,,,,,,,,,,
Smells Like Teen Spirit - Remastered 2021,Nirvana,1,1991,9,10,49991,9,1690192927.0,265,121,"12,367",4,160,117,C#,Major,52,73,91,0,0,11,7,11631,145317.93715071792,2,3aa878c0-224b-41e5-abd1-63be359d2bca,Nirvana,,,,,,,,False,,,,,,,,,,,,,,,,,
Smells Like Teen Spirit - Remastered 2021,Nirvana,1,1991,9,10,49991,9,1690192927.0,265,121,"12,367",4,160,117,C#,Major,52,73,91,0,0,11,7,11631,145317.93715071792,2,c49d69dc-e008-47cf-b5ff-160fafb1fe1f,Nirvana,,France,,,,,,False,,,,,,,,,,,,,,,,,
Smells Like Teen Spirit - Remastered 2021,Nirvana,1,1991,9,10,49991,9,1690192927.0,265,121,"12,367",4,160,117,C#,Major,52,73,91,0,0,11,7,11631,145317.93715071792,2,28a4618c-38e4-4027-ad2c-db66a14a2d85,Nirvana,,Yugoslavia,,,,,,False,,,,,,,,,,,,,,,,,
Smells Like Teen Spirit - Remastered 2021,Nirvana,1,1991,9,10,49991,9,1690192927.0,265,121,"12,367",4,160,117,C#,Major,52,73,91,0,0,11,7,11631,145317.93715071792,2,9282c8b4-ca0b-4c6b-b7e3-4f7762dfc4d6,Nirvana,,United Kingdom,United States,rock; pop; progressive rock; orchestral; british; power pop; psychedelic rock; baroque pop; soft rock; psychedelic pop; pop rock; symphonic rock; english,,,,False,,,,,,,,,,,,,,,,,
Smells Like Teen Spirit - Remastered 2021,Nirvana,1,1991,9,10,49991,9,1690192927.0,265,121,"12,367",4,160,117,C#,Major,52,73,91,0,0,11,7,11631,145317.93715071792,2,85af0709-95db-4fbc-801a-120e9f4766d0,Nirvana,,Finland,United States,punk; finland,,,,False,,,,,,,,,,,,,,,,,
Arcade,Duncan Laurence,1,2019,3,7,6646,0,991336132.0,107,47,584,1,,72,A,Minor,45,27,33,82,0,14,4,1591,623089.9635449403,1,,,,,,,,,,,,,,,,,,,,,,,,,,,
Fair Trade (with Travis Scott),"Drake, Travis Scott",2,2021,9,3,5403,6,593917618.0,118,116,96,0,3,168,C#,Major,67,29,47,5,0,22,26,680,873408.2617647059,1,,,,,,,,,,,,,,,,,,,,,,,,,,,
Bar,"Tini, L-Gante",2,2021,11,11,755,4,200972675.0,22,3,0,0,0,94,C#,Major,52,68,69,13,0,33,8,611,328924.1816693944,1,,,,,,,,,,,,,,,,,,,,,,,,,,,
The Rumbling (TV Size),SiM,1,2022,1,10,254,0,71014967.0,0,4,23,0,0,145,G#,Major,41,65,88,0,0,26,5,551,128883.78765880218,1,04ea0489-0643-4b49-a7c7-aec63680646d,SiM,Sim,Japan,Finland; Japan; Turkey,,J-rock; japanese; punk rock; rock; ska; alternative metal; punk; post-hardcore; alternative; reggae; metalcore; alternative rock; hardcore; screamo; metal; Nu Metal; ska punk; dub; soft rock; japan; anime; Favorite; j-pop; melodic hardcore; hard core; J-music; reggae punk; mixture rock; reggae-metal; noise; electronic; seen live; heavy; experimental; noise rock; hard rock; post-punk; House; minimal; Awesome; JPop; Asian; finnish; japanese rock; crossover; cool; male vocalists; street punk; turkish rock; jrock; skacore; finland; reggae metal; multiple artists; Punk Metal; dirty house; not screamo; ska metal; melodic metalcore; core; asian music; asian rock; Asian Pop; deep progressive; reggae-punk; electronic ska; finncore; ska-reggae; Japa-reggae; reggae punx; skastep; electro progressive house; sranie eponzi; Benzer Sanatcilar : Almora; Pcyrantha; Cin Seddi; multiple bands with the same name; ska influenced post-hardcore,20406.0,1157499.0,True,,,,,,,,,,,,,,,,,
The Rumbling (TV Size),SiM,1,2022,1,10,254,0,71014967.0,0,4,23,0,0,145,G#,Major,41,65,88,0,0,26,5,551,128883.78765880218,1,6d46353f-81f8-4a20-a33e-a4625475168f,SiM,,,,,,,,False,,,,,,,,,,,,,,,,,
family ties (with Kendrick Lamar),"Kendrick Lamar, Baby Keem",2,2021,8,27,6308,5,560222750.0,114,15,63,0,2,134,C#,Major,71,14,61,1,0,23,33,687,815462.518195051,1,,,,,,,,,,,,,,,,,,,,,,,,,,,
Mr. Brightside,The Killers,1,2003,9,23,51979,15,1806617704.0,306,99,"5,063",2,120,148,C#,Major,35,24,93,0,0,10,8,7235,249705.2804422944,1,95e1ead9-4d31-4808-a7ac-32c3614c116b,The Killers,The Killers,United States,,synthpop; alternative rock; american; new wave; usa; indie rock; alternative; américain; post-punk revival; pop rock; heartland rock; rock and indie; united states,indie; rock; indie rock; alternative; alternative rock,4428868.0,208722092.0,False,24407.0,The Killers,80.0,0.00108,0.33,222587.0,0.936,0.0,C#,0.0926,-3.66,Major,0.0917,148.112,4-Apr,0.2339999999999999,Rock
Mr. Brightside,The Killers,1,2003,9,23,51979,15,1806617704.0,306,99,"5,063",2,120,148,C#,Major,35,24,93,0,0,10,8,7235,249705.2804422944,1,f77bc5fd-bc59-479f-ba2a-64ab9ceee51c,The Killers,,,,,,,,False,24407.0,The Killers,80.0,0.00108,0.33,222587.0,0.936,0.0,C#,0.0926,-3.66,Major,0.0917,148.112,4-Apr,0.2339999999999999,Rock
Mr. Brightside,The Killers,1,2003,9,23,51979,15,1806617704.0,306,99,"5,063",2,120,148,C#,Major,35,24,93,0,0,10,8,7235,249705.2804422944,1,c2058349-c474-411b-b857-2bbfc10de344,The Killers,,Uruguay,,psychedelic rock; blues rock,,,,False,24407.0,The Killers,80.0,0.00108,0.33,222587.0,0.936,0.0,C#,0.0926,-3.66,Major,0.0917,148.112,4-Apr,0.2339999999999999,Rock
Mr. Brightside,The Killers,1,2003,9,23,51979,15,1806617704.0,306,99,"5,063",2,120,148,C#,Major,35,24,93,0,0,10,8,7235,249705.2804422944,1,eb9d89cd-ea04-4fe2-89e8-58d16a42a036,The Killers,,United States,,,,,,False,24407.0,The Killers,80.0,0.00108,0.33,222587.0,0.936,0.0,C#,0.0926,-3.66,Major,0.0917,148.112,4-Apr,0.2339999999999999,Rock
Mr. Brightside,The Killers,1,2003,9,23,51979,15,1806617704.0,306,99,"5,063",2,120,148,C#,Major,35,24,93,0,0,10,8,7235,249705.2804422944,1,4665e836-2c96-4569-9462-bfea34850b69,The Killers,,United Kingdom,,punk; uk; england; brighton,,,,False,24407.0,The Killers,80.0,0.00108,0.33,222587.0,0.936,0.0,C#,0.0926,-3.66,Major,0.0917,148.112,4-Apr,0.2339999999999999,Rock
Mr. Brightside,The Killers,1,2003,9,23,51979,15,1806617704.0,306,99,"5,063",2,120,148,C#,Major,35,24,93,0,0,10,8,7235,249705.2804422944,1,24b4aee8-32ed-4163-98f7-55bae67411ae,The Killers,,Australia,,,,,,False,24407.0,The Killers,80.0,0.00108,0.33,222587.0,0.936,0.0,C#,0.0926,-3.66,Major,0.0917,148.112,4-Apr,0.2339999999999999,Rock
Blessed-Cursed,ENHYPEN,1,2022,1,10,246,0,77337771.0,2,12,10,0,0,127,E,Minor,60,40,89,9,0,60,6,551,140358.93103448275,3,,,,,,,,,,,,,,,,,,,,,,,,,,,
AM Remix,"J Balvin, Nio Garcia, Bad Bunny",3,2021,6,24,6556,0,528544703.0,93,5,67,1,0,172,F#,Minor,74,79,66,11,0,8,16,751,703787.8868175766,1,,,,,,,,,,,,,,,,,,,,,,,,,,,
Streets,Doja Cat,1,2019,11,7,5728,0,865640097.0,85,87,179,0,12,90,B,Major,75,19,46,21,4,34,8,1346,643120.4286775632,6,5df62a88-cac9-490a-b62c-c7c88f4020f4,Doja Cat,Doja Cat,,United States,,pop; rnb; rap; alternative; female vocalists; Dope; r&b; Hip-Hop; hip hop; USA; american; electronic; indie pop; internet; r and b; f; pop rap; 10s; 2010s; us; high; United States; bass music; Hell Yeah; Acid Trip; musical journey to the ends of time; list-en; seapunk hip hop; party city; dogs and cats,99950.0,1555095.0,False,,,,,,,,,,,,,,,,,
Shallow,"Lady Gaga, Bradley Cooper",2,2018,9,27,16636,12,2159346687.0,368,155,"2,854",6,121,96,G,Major,57,30,40,38,0,26,3,1752,1232503.816780822,1,,,,,,,,,,,,,,,,,,,,,,,,,,,
Polaroid Love,ENHYPEN,1,2022,1,10,461,0,211372494.0,10,56,17,0,0,138,G,Minor,74,65,67,46,0,36,4,551,383616.14156079857,3,,,,,,,,,,,,,,,,,,,,,,,,,,,
Leave Before You Love Me (with Jonas Brothers),"Marshmello, Jonas Brothers",2,2021,4,28,4893,4,651732901.0,143,24,110,0,70,120,G,Major,72,67,72,0,0,13,4,808,806600.125,1,,,,,,,,,,,,,,,,,,,,,,,,,,,
Permission to Dance,BTS,1,2021,7,9,1801,2,608334048.0,77,134,74,0,2,125,A,Major,70,65,74,1,0,34,4,736,826540.8260869565,8,,,,,,,,,,,,,,,,,,,,,,,,,,,
Friday (feat. Mufasa & Hypeman) - Dopamine Re-Edit,"Riton, Nightcrawlers, Mufasa & Hypeman, Dopamine",4,2021,1,15,12043,0,863756573.0,209,54,710,0,18,123,D,Major,82,80,86,1,0,30,13,911,948141.1339187706,1,,,,,,,,,,,,,,,,,,,,,,,,,,,
RAPSTAR,Polo G,1,2021,4,9,4731,0,797402345.0,141,12,78,0,0,81,F#,Major,79,44,54,41,0,13,24,827,964210.816203144,1,,,,,,,,,,,,,,,,,,,,,,,,,,,
'Till I Collapse,"Eminem, Nate Dogg",2,2002,5,26,22923,0,1695712020.0,78,46,"2,515",1,0,171,C#,Major,55,10,85,7,0,8,20,7720,219651.81606217616,1,,,,,,,,,,,,,,,,,,,,,,,,,,,
Memories,Maroon 5,1,2019,9,20,9974,2,1759567999.0,272,67,"1,066",1,19,91,B,Major,77,60,32,84,0,8,5,1394,1262243.9017216642,1,0ab49580-c84f-44d4-875f-d83760ea2cfe,Maroon 5,Maroon 5,United States,United States,rock; pop; dance; funk rock; electropop; dance-pop; adult contemporary; pop rock; rock and indie; slow pop; pop/rock; automod ng; fixme label mess,rock; pop; pop rock; alternative; alternative rock; seen live; maroon 5; indie; american; male vocalists; funk; Pop-Rock; soft rock; 00s; indie rock; Funk Rock; favorites; punk; Maroon5; soul; singer-songwriter; dance; Love; USA; emo; indie pop; jazz; California; classic rock; punk rock; Acoustic Rock; chill; acoustic; male vocalist; electronic; male; britpop; metal; english,3507447.0,118003794.0,False,,,,,,,,,,,,,,,,,
Se Le Ve,"Arcangel, De La Ghetto, Justin Quiles, Lenny Tavï¿½ï¿½rez, Sech, Dalex, Dimelo Flow, Rich Music",8,2021,8,12,1560,0,223319934.0,72,0,0,0,0,84,G,Minor,56,61,76,10,0,14,11,702,318119.5641025641,1,,,,,,,,,,,,,,,,,,,,,,,,,,,
25k jacket (feat. Lil Baby),"Gunna, Lil Baby",2,2022,1,7,620,0,54937991.0,17,3,3,0,0,115,F,Minor,90,74,54,16,0,13,28,554,99166.0487364621,1,,,,,,,,,,,,,,,,,,,,,,,,,,,
When Iï¿½ï¿½ï¿½m Gone (with Katy ,"Katy Perry, Alesso",2,2021,12,29,3270,0,226897599.0,89,21,65,0,0,125,,Major,69,70,89,4,0,49,3,563,403015.2735346359,1,,,,,,,,,,,,,,,,,,,,,,,,,,,
Esqueï¿½ï¿½a-Me Se For C,"Marï¿½ï¿½lia Mendonï¿½ï¿½a, Maiara &",2,2021,10,14,580,0,258316038.0,24,92,93,0,0,122,F#,Minor,80,62,69,28,0,13,7,639,404250.4507042253,1,,,,,,,,,,,,,,,,,,,,,,,,,,,
Miï¿½ï¿½n,"Tini, Maria Becerra",2,2021,4,29,3406,16,596152090.0,61,23,70,1,0,92,D,Major,85,92,54,16,0,29,7,807,738726.2577447336,1,,,,,,,,,,,,,,,,,,,,,,,,,,,
Sï¿½ï¿½,"Anuel Aa, Myke Towers, Jhay Cortez",3,2021,11,18,903,0,177129919.0,30,26,15,0,0,90,F#,Minor,63,75,75,17,0,11,8,604,293261.4552980132,1,,,,,,,,,,,,,,,,,,,,,,,,,,,
MAMIII,"Karol G, Becky G",2,2022,2,10,6809,28,716591492.0,151,102,175,5,29,94,E,Minor,84,90,70,9,0,14,8,520,1378060.5615384616,1,,,,,,,,,,,,,,,,,,,,,,,,,,,
Still D.R.E.,"Dr. Dre, Snoop Dogg",2,1999,1,1,33966,0,1210599487.0,141,78,"6,591",1,0,93,B,Major,81,53,78,18,0,6,24,8961,135096.47215712533,2,,,,,,,,,,,,,,,,,,,,,,,,,,,
Stay Alive (Prod. SUGA of BTS),Jung Kook,1,2022,2,11,590,5,246376690.0,4,113,20,0,1,130,D,Minor,51,50,76,30,0,10,7,519,474714.2389210019,2,,,,,,,,,,,,,,,,,,,,,,,,,,,
Boyfriend,Dove Cameron,1,2022,2,11,3766,0,496311364.0,76,0,102,0,2,180,G,Minor,35,23,61,23,0,19,6,519,956283.9383429672,1,831dcf03-b745-436b-922f-6a2baaf45e57,Dove Cameron,Dove Cameron,United States,United States,lead singer of the girl and the dreamcatcher,Disney; pop; better than selena gomez; female vocalists; american; disney channel; Dove Cameron; electronic; USA; dance; pop rock; love at first listen; 10s; us; teen pop; actresses; United States; teen; blond; pop teen; beautiful woman; Ariana Grande; inna; nayer; bella thorne; Olivia Holt; jade laroche; liv and maddie,23754.0,394261.0,False,,,,,,,,,,,,,,,,,
The Joker And The Queen (feat. Taylor Swift),"Ed Sheeran, Taylor Swift",2,2022,2,11,1430,0,146789379.0,46,1,34,0,0,134,,Major,53,31,31,92,0,28,3,519,282831.17341040465,1,,,,,,,,,,,,,,,,,,,,,,,,,,,
The Next Episode,"Dr. Dre, Snoop Dogg",2,1999,1,1,31762,0,843309044.0,142,40,"5,451",1,953,95,D#,Minor,92,31,89,3,0,8,25,8961,94108.8097310568,2,,,,,,,,,,,,,,,,,,,,,,,,,,,
Light Switch,Charlie Puth,1,2022,1,19,4049,0,500340342.0,119,6,85,1,1,184,F#,Major,69,91,63,11,0,9,31,542,923137.1623616236,2,525f1f1c-03f0-4bc8-8dfd-e7521f87631b,Charlie Puth,Charlie Puth,United States,Jersey; United Kingdom; United States,pop; pop soul,pop; rnb; soul; r&b; male vocalists; Singer/Songwriter; singer-songwriter; USA; pop rock; american; All; electronic; seen live; british; sexy; dance-pop; modern; adult contemporary; funky; a cappella; gay; comedy; doo-wop; 4 Stars; new jersey; United States; 2015; one hit wonder; synth funk; spotify; contemporary rnb; funktronica; pop soul; R&B/Soul; strong voice; fucking horrible; Pop/R&B; Charlie Puth; not k-pop; My-discovery-channel; I Heard This Artist Before; bad eyebrows; music for people named mackenzie; cringewave; Rumson,486177.0,9952784.0,False,,,,,,,,,,,,,,,,,
City of Gods,"Kanye West, Alicia Keys, Fivio Foreign",3,2022,2,11,2096,0,107255472.0,34,3,30,0,0,147,G#,Minor,47,50,80,10,0,32,38,519,206657.9421965318,1,,,,,,,,,,,,,,,,,,,,,,,,,,,
Brividi,"Mahmood, Blanco",2,2022,2,2,1175,0,135079152.0,34,1,31,0,0,123,G,Major,52,44,60,40,0,26,3,528,255831.7272727273,1,,,,,,,,,,,,,,,,,,,,,,,,,,,
Lost,Frank Ocean,1,2012,1,1,29499,11,822239726.0,124,27,587,0,4,123,A#,Minor,91,49,61,3,0,17,22,4213,195167.274151436,2,e520459c-dff4-491d-a6e4-c97be35e0044,Frank Ocean,Frank Ocean,United States,United States,rnb; contemporary r&b,rnb; soul; Hip-Hop; r&b; ofwgkta; Neo-Soul; seen live; alternative rnb; hip hop; american; male vocalists; pop; contemporary r&b; swag; Frank Ocean; Neo Soul; singer-songwriter; contemporary rnb; rap; California; alternative hip-hop; alternative; indie; odd future; electronic; New Orleans; rhythm and blues; queer; 10s; prog-rnb; r'n'b; experimental; USA; funk; bluegrass; slow jams; louisiana; pbrnb; underground hip-hop; art pop; indie rnb; fucking swag; electronica; electropop; gay; 2010s; rhythm & blues; tyler the creator,1205614.0,78738658.0,False,,,,,,,,,,,,,,,,,
In Da Club,50 Cent,1,2002,1,1,30427,7,1202722675.0,235,106,"5,221",1,35,90,F#,Minor,90,79,71,26,0,7,37,7865,152920.87412587414,1,8e68819d-71be-4e7d-b41d-f1df81b01d3f,50 Cent,50 Cent,United States,United States,rap; hip-hop; hip hop; gangsta rap; pop rap; hip hop rnb and dance hall; gangster rap; hip-hop/rap; east coast hip hop; hardcore hip hop,rap; Hip-Hop; Gangsta Rap; hip hop; 50 Cent; Officially Shit; seen live; hiphop; Crap; G-Unit; pop; the worst thing ever to happen to music; american; new york; shit; gangsta; east coast rap; gay; rnb; East Coast; emo; male vocalists; ponyrape; dance; 50cent; Eminem; rock; USA; 50; terrible; hip-hop and rap; alternative; 00s; Aftermath; overrated; queens; stupid; g unit,2645222.0,39383493.0,False,63720.0,50 Cent,73.0,0.283,0.865,193467.0,0.73,0.0,F#,0.0753,-2.813,Minor,0.373,90.096,4-Apr,0.8079999999999999,Rap
she's all i wanna be,Tate McRae,1,2022,2,4,2711,0,343197054.0,105,12,51,0,12,160,D,Minor,61,65,64,1,0,12,4,526,652465.8821292776,2,f9133869-f87c-459c-9aa7-2f176cda7e06,Tate McRae,Tate McRae,,,,,7676.0,38308.0,False,,,,,,,,,,,,,,,,,
Ginseng Strip 2002,Yung Lean,1,2013,8,16,4310,0,240769997.0,13,0,113,1,3,115,C#,Major,60,37,71,8,0,48,4,3620,66511.04889502762,1,757ed661-fbad-4e45-b1cd-a6b09f06f54a,Yung Lean,Yung Lean,Sweden,,hip hop; trap; cloud rap,Hip-Hop; cloud rap; sad; based; real recognize real and this nigga the realest,176657.0,13190866.0,False,,,,,,,,,,,,,,,,,
All For Us - from the HBO Original Series Euphoria,"Labrinth, Zendaya",2,2019,8,4,5342,0,426204830.0,33,123,7,0,4,141,D#,Major,37,17,67,2,0,34,9,1441,295770.1804302568,1,,,,,,,,,,,,,,,,,,,,,,,,,,,
Notion,The Rare Occasions,1,2016,8,5,2393,0,421135627.0,22,13,65,0,6,160,A,Major,31,30,88,7,0,8,8,2535,166128.45246548322,1,37177491-dc86-4536-8ac2-51887ccfa0bb,The Rare Occasions,,United States,,,,,,False,,,,,,,,,,,,,,,,,
Formula,Labrinth,1,2019,10,4,3444,7,554875730.0,24,85,102,0,1,145,B,Major,57,23,66,4,6,15,4,1380,402083.8623188406,7,dc99e6fd-c710-4f79-b74b-127b4d0b7849,Labrinth,Labrinth,United Kingdom,United Kingdom,hip-hop; uk; singer; producer,electronic; british; rnb; dance; r&b; pop; Hip-Hop; seen live; Grime; UK; dubstep; male vocalists; electronica; hip hop; soul; england; Labrinth; indie; r'n'b; chillout; electropop; electro; dance-pop; london; Drum; bass; nu soul; My; garage; gospel; rhythm and blues; popular; english; 4 Stars; gaming; United Kingdom; not; geohash:u10j0j252j81; hackney; Electro-Hop; All; britain; listen to more; alternative hip hop; spotify; bands ive seen live; 6 stars; lovin' it; need more; Need to Rate,577569.0,4883245.0,False,,,,,,,,,,,,,,,,,
Mount Everest,Labrinth,1,2019,6,21,5443,0,467727006.0,45,1,80,0,12,89,,Minor,46,43,43,23,8,8,22,1485,314967.6808080808,7,dc99e6fd-c710-4f79-b74b-127b4d0b7849,Labrinth,Labrinth,United Kingdom,United Kingdom,hip-hop; uk; singer; producer,electronic; british; rnb; dance; r&b; pop; Hip-Hop; seen live; Grime; UK; dubstep; male vocalists; electronica; hip hop; soul; england; Labrinth; indie; r'n'b; chillout; electropop; electro; dance-pop; london; Drum; bass; nu soul; My; garage; gospel; rhythm and blues; popular; english; 4 Stars; gaming; United Kingdom; not; geohash:u10j0j252j81; hackney; Electro-Hop; All; britain; listen to more; alternative hip hop; spotify; bands ive seen live; 6 stars; lovin' it; need more; Need to Rate,577569.0,4883245.0,False,,,,,,,,,,,,,,,,,
Excuses,"Intense, AP Dhillon, Gurinder Gill",3,2020,7,24,272,4,327498031.0,7,21,2,0,0,95,F,Minor,84,49,72,8,0,15,8,1086,301563.56445672194,1,,,,,,,,,,,,,,,,,,,,,,,,,,,
Cigarettes,Juice WRLD,1,2021,12,10,975,0,185408548.0,11,0,10,0,0,160,D,Major,60,47,62,3,0,38,4,582,318571.3883161512,2,4e4ebde4-0c56-4dec-844b-6c73adcdd92d,Juice WRLD,Juice WRLD,,,,,182371.0,6647282.0,False,,,,,,,,,,,,,,,,,
"Cayï¿½ï¿½ La Noche (feat. Cruz Cafunï¿½ï¿½, Abhir Hathi, Bejo, EL IMA)","Quevedo, La Pantera, Juseph, Cruz Cafunï¿½ï¿½, Bï¿½ï¿½jo, Abhir Hathi",7,2022,1,14,1034,1,245400167.0,19,5,12,0,0,174,F,Minor,67,74,75,44,0,7,30,547,448629.1901279708,1,,,,,,,,,,,,,,,,,,,,,,,,,,,
California Love - Original Version (Explicit),"Dr. Dre, 2Pac, Roger",3,1995,12,28,18773,0,579395142.0,128,17,"1,663",0,0,92,G,Major,77,76,84,3,0,38,4,10061,57588.22602127025,1,,,,,,,,,,,,,,,,,,,,,,,,,,,
Forgot About Dre,"Eminem, Dr. Dre",2,1999,1,1,19067,0,675039469.0,78,15,"1,674",0,3,134,G#,Major,93,61,74,9,0,17,8,8961,75330.81899341592,2,,,,,,,,,,,,,,,,,,,,,,,,,,,
Down Under (feat. Colin Hay),"Luude, Colin Hay",2,2021,11,19,3541,2,252871192.0,57,13,50,1,7,172,B,Minor,31,4,86,1,0,28,17,603,419355.2106135987,1,,,,,,,,,,,,,,,,,,,,,,,,,,,
Mujeriego,Ryan Castro,1,2021,12,17,1492,0,231996128.0,44,63,91,0,24,80,A,Major,76,92,62,6,0,8,13,575,403471.5269565217,2,,,,,,,,,,,,,,,,,,,,,,,,,,,
HUMBLE.,Kendrick Lamar,1,2017,3,30,33206,1,1929770265.0,284,114,"1,481",0,5,150,C#,Minor,91,42,60,0,0,9,12,2298,839760.776762402,12,381086ea-f511-4aba-bdf9-71c753dc5077,Kendrick Lamar,Kendrick Lamar,United States,United States,pop; hip hop; pop rap; west coast hip hop; boom bap; jazz rap; conscious hip hop; hardcore hip hop,Hip-Hop; rap; seen live; west coast; compton; California; hip hop; american; jazz rap; West Coast Rap; Conscious Hip Hop; underground hip-hop; west coast hip-hop; black hippy; kendrick lamar; conscious hip-hop; west coast hip hop; los angeles; hiphop; underground rap; USA; male vocalists; tde; funk; Jazz Hop; 10s; hardcore hip-hop; swag; Gangsta Rap; alternative hip-hop; pop rap; abstract hip-hop; 2010s; experimental hip hop,1472390.0,103146720.0,False,,,,,,,,,,,,,,,,,
Stan,"Eminem, Dido",2,1999,11,21,17115,0,918915401.0,83,63,"4,180",0,0,80,F#,Minor,78,53,74,4,0,45,21,8637,106392.89116591409,1,,,,,,,,,,,,,,,,,,,,,,,,,,,
Contection,"GODZZ__-, Zakaria",2,2020,1,16,6955,0,1180896317.0,65,45,398,0,1,166,A#,Minor,81,83,75,14,0,29,34,1276,925467.3330721004,1,,,,,,,,,,,,,,,,,,,,,,,,,,,
Swim,Chase Atlantic,1,2017,10,4,2742,0,498960285.0,5,1,62,0,0,120,G#,Major,67,8,54,27,0,8,4,2110,236474.06872037915,1,ecab255c-3af3-4154-87ec-2685041ce297,Chase Atlantic,Chase Atlantic,Australia,,,,64243.0,1244958.0,False,,,,,,,,,,,,,,,,,
A Tu Merced,Bad Bunny,1,2020,2,29,4214,11,685071800.0,21,20,40,0,0,92,,Major,86,89,79,17,0,11,6,1232,556064.7727272727,19,89aa5ecb-59ad-46f5-b3eb-2d424e941f19,Bad Bunny,Bad Bunny,United States,,hip hop; latin urban; latin trap,,136813.0,2292156.0,False,,,,,,,,,,,,,,,,,
Numb Little Bug,Em Beihold,1,2022,1,28,2026,0,258714692.0,47,3,42,12,6,85,G#,Minor,74,61,52,30,0,26,9,533,485393.41838649154,1,,,,,,,,,,,,,,,,,,,,,,,,,,,
212,"Mainstreet, Chefin",2,2022,1,15,352,0,143139338.0,10,0,39,0,0,154,D,Minor,79,86,52,66,0,9,7,546,262159.9597069597,1,,,,,,,,,,,,,,,,,,,,,,,,,,,
Problemï¿½,"Alvaro Diaz, Rauw Alejandro",2,2021,10,22,1517,0,209768491.0,42,7,15,0,4,92,D,Minor,73,37,74,28,0,14,6,631,332438.1790808241,1,,,,,,,,,,,,,,,,,,,,,,,,,,,
Bussin,"Nicki Minaj, Lil Baby",2,2022,2,11,847,0,64714573.0,25,0,14,0,0,140,B,Major,89,75,70,6,0,13,5,519,124690.89210019268,2,,,,,,,,,,,,,,,,,,,,,,,,,,,
Worst Day,Future,1,2022,2,11,910,0,50746620.0,20,3,24,0,0,89,C#,Major,65,60,60,11,0,10,40,519,97777.68786127168,2,48262e82-db9f-4a92-b650-dfef979b73ec,Future,Future,United States,France; Georgia; United States,hip hop; contemporary r&b,Hip-Hop; rap; Dirty South; atlanta; trap; hip hop; trap rap; american; future; rnb; seen live; southern rap; shoegaze; Gangsta Rap; weezy f aka yancy tate; southern hip-hop; Southern Hip Hop; new wave; post-punk; cold wave; pop rap; Post punk; georgia; ATL; electronic; pop; r&b; futuristic; future hendrix; mumble rap; noise; electronica; soul; USA; underground hip-hop; darkwave; male vocalists; 10s; All; down syndrome; goat; contemporary rnb; dungeon family; meme rap; Futuristic swag; racks on racks; yancy tate; french; goth; ambient; post-rock; electro; synth pop; urban; funk; Gothic; techno; me; postpunk; hiphop; Crunk; space rock; wave; North Carolina; drugs; checkout; magic; 2010s; east coast rap; jay-z; Rare; powerviolence; 34; rappers; sxsw 2012; codeine; SXSW 2014; multiple artists; hi-tech; slow jam; trap music; PURPLE; cloud rap; post-internet; raggae; swag; romantic ballads; contemporary r&b; HHC; auto-tune; stephanie; xanax; Trill; slap; tumblr; GTA; T-Pain; rennes; gd; greatest of all time,683164.0,22598670.0,False,,,,,,,,,,,,,,,,,
Worst Day,Future,1,2022,2,11,910,0,50746620.0,20,3,24,0,0,89,C#,Major,65,60,60,11,0,10,40,519,97777.68786127168,2,822ae482-d77f-4e93-8d99-267725d65fab,Future,Future feat. Canon,,,,,1.0,2.0,False,,,,,,,,,,,,,,,,,
Worst Day,Future,1,2022,2,11,910,0,50746620.0,20,3,24,0,0,89,C#,Major,65,60,60,11,0,10,40,519,97777.68786127168,2,6fe5bd53-aac5-4db5-b221-5102bf18a89f,Future,,Italy,,,,,,False,,,,,,,,,,,,,,,,,
Worst Day,Future,1,2022,2,11,910,0,50746620.0,20,3,24,0,0,89,C#,Major,65,60,60,11,0,10,40,519,97777.68786127168,2,768b4363-8448-4a5b-a5ef-b1f727300a6c,Future,,United Kingdom,France; Georgia; United States,,,,,False,,,,,,,,,,,,,,,,,
Worst Day,Future,1,2022,2,11,910,0,50746620.0,20,3,24,0,0,89,C#,Major,65,60,60,11,0,10,40,519,97777.68786127168,2,9f1195cf-9900-45db-bf9c-21c205672ae0,Future,,,France; Georgia; United States,,,,,False,,,,,,,,,,,,,,,,,
Malvada,Zï¿½ï¿½ Fe,1,2022,1,28,601,0,154119539.0,28,73,64,0,0,135,F,Minor,89,89,86,16,0,8,5,533,289154.8574108818,1,,,,,,,,,,,,,,,,,,,,,,,,,,,
Hrs and Hrs,Muni Long,1,2021,11,19,1800,0,181328253.0,43,36,46,13,4,140,G#,Minor,51,66,53,60,0,11,18,603,300710.2039800995,1,,,,,,,,,,,,,,,,,,,,,,,,,,,
Alien Blues,Vundabar,1,2015,7,24,1930,0,370068639.0,3,0,28,0,1,82,D#,Major,47,44,76,8,91,9,3,2913,127040.3841400618,1,e9113fb7-350c-4975-9b16-af633f23cf66,Vundabar,,United States,,,,,,False,32856.0,Vundabar,52.0,0.0768,0.4639999999999999,-1.0,0.682,0.8320000000000001,A#,0.0856,-8.541,Major,0.033,80.062,4-Apr,0.455,Rock
Thinking Out Loud,Ed Sheeran,1,2014,1,1,33032,0,2280566092.0,363,129,"3,895",0,28,79,D,Major,78,58,45,47,0,18,3,3482,654958.6708788053,9,b8a7c51f-362c-4dcb-a259-bc6e0095f0a6,Ed Sheeran,Ed Sheeran,United Kingdom,United Kingdom,pop; guitarist; folk; uk; singer; dance-pop; pop rap; folk pop; rapper; pop soul; singer/songwriter; ed sheeran does not make sillyname tracks ಠ_ಠ,acoustic; british; singer-songwriter; easy-listening; Grime; pop; seen live; male vocalists; indie; folk; alternative; Ed Sheeran; Hip-Hop; rock; UK; soul; indie pop; indie folk; english; england; overrated; pop rock; male vocalist; folk pop; Love; guitar; rap; cute; folk rock; suffolk; chillout; Mellow; 00s; Acoustic Rock; 10s; ed; fucking AMAZINGGGGGGGGGGGGGGGGGGGGGGGGGGGGGGGGGGGGGGGGGGGGGGGGGGGGGGGGGGGGGGGGGGGGGGGGGGGGGGGGGGGGGGGGGGGGGGGGGGGGGGGGGg; Soundtrack; easy listening; romantic; amazing; Alternative Folk; love at first listen; want to see live; All; ginger,1620379.0,85083256.0,False,,,,,,,,,,,,,,,,,
Thinking Out Loud,Ed Sheeran,1,2014,1,1,33032,0,2280566092.0,363,129,"3,895",0,28,79,D,Major,78,58,45,47,0,18,3,3482,654958.6708788053,9,3bca1168-e7c6-4beb-9af9-db9dc674b1fa,Ed Sheeran,,United Kingdom,United Kingdom,wrong-one,,,,False,,,,,,,,,,,,,,,,,
Still Don't Know My Name,Labrinth,1,2019,10,4,6332,0,563902868.0,47,116,266,0,0,88,F,Major,31,31,63,47,27,21,12,1380,408625.26666666666,7,dc99e6fd-c710-4f79-b74b-127b4d0b7849,Labrinth,Labrinth,United Kingdom,United Kingdom,hip-hop; uk; singer; producer,electronic; british; rnb; dance; r&b; pop; Hip-Hop; seen live; Grime; UK; dubstep; male vocalists; electronica; hip hop; soul; england; Labrinth; indie; r'n'b; chillout; electropop; electro; dance-pop; london; Drum; bass; nu soul; My; garage; gospel; rhythm and blues; popular; english; 4 Stars; gaming; United Kingdom; not; geohash:u10j0j252j81; hackney; Electro-Hop; All; britain; listen to more; alternative hip hop; spotify; bands ive seen live; 6 stars; lovin' it; need more; Need to Rate,577569.0,4883245.0,False,,,,,,,,,,,,,,,,,
Christmas Tree,V,1,2021,12,24,509,9,317622165.0,8,106,6,0,8,139,F,Major,44,18,38,70,0,12,4,568,559193.9524647887,1,6ea37194-8483-470c-8b3d-ca545903a853,V,V,United Kingdom,,,pop; seen live; boybands; Melodic Death Metal; soul,51152.0,553007.0,True,,,,,,,,,,,,,,,,,
Christmas Tree,V,1,2021,12,24,509,9,317622165.0,8,106,6,0,8,139,F,Major,44,18,38,70,0,12,4,568,559193.9524647887,1,1b65270f-b3b1-4c1a-96dc-0641c80cc028,V,V,Netherlands,,,pop; seen live; boybands; Melodic Death Metal; soul,51152.0,553007.0,True,,,,,,,,,,,,,,,,,
Christmas Tree,V,1,2021,12,24,509,9,317622165.0,8,106,6,0,8,139,F,Major,44,18,38,70,0,12,4,568,559193.9524647887,1,49568dce-b4b9-4cbf-9e73-974f440333c6,V,V,,,,pop; seen live; boybands; Melodic Death Metal; soul,51152.0,553007.0,True,,,,,,,,,,,,,,,,,
Christmas Tree,V,1,2021,12,24,509,9,317622165.0,8,106,6,0,8,139,F,Major,44,18,38,70,0,12,4,568,559193.9524647887,1,8f509d2c-a88e-4de2-8ec2-e8e863b9e41d,V,V,United States,,,pop; seen live; boybands; Melodic Death Metal; soul,51152.0,553007.0,True,,,,,,,,,,,,,,,,,
Christmas Tree,V,1,2021,12,24,509,9,317622165.0,8,106,6,0,8,139,F,Major,44,18,38,70,0,12,4,568,559193.9524647887,1,219f493b-8341-4ac9-8212-88e7335af8a2,V,V,United Kingdom,,,pop; seen live; boybands; Melodic Death Metal; soul,51152.0,553007.0,True,,,,,,,,,,,,,,,,,
Christmas Tree,V,1,2021,12,24,509,9,317622165.0,8,106,6,0,8,139,F,Major,44,18,38,70,0,12,4,568,559193.9524647887,1,7808089b-6231-4aaa-8a3a-7846b85b20e2,V,"""""V""""",,,,ambient; experimental; under 2000 listeners; vedas; ambiant,563.0,5863.0,False,,,,,,,,,,,,,,,,,
Christmas Tree,V,1,2021,12,24,509,9,317622165.0,8,106,6,0,8,139,F,Major,44,18,38,70,0,12,4,568,559193.9524647887,1,52c6fa4d-fd85-4714-bf66-94a0d0cb609f,V,,,,,,,,False,,,,,,,,,,,,,,,,,
Christmas Tree,V,1,2021,12,24,509,9,317622165.0,8,106,6,0,8,139,F,Major,44,18,38,70,0,12,4,568,559193.9524647887,1,900705fb-9001-4279-ae83-bb159346b5b8,V,,,,,,,,False,,,,,,,,,,,,,,,,,
Christmas Tree,V,1,2021,12,24,509,9,317622165.0,8,106,6,0,8,139,F,Major,44,18,38,70,0,12,4,568,559193.9524647887,1,da6f3b54-e5ca-40da-a3f0-d0bf41e6f66a,V,,United Kingdom,,,,,,False,,,,,,,,,,,,,,,,,
Christmas Tree,V,1,2021,12,24,509,9,317622165.0,8,106,6,0,8,139,F,Major,44,18,38,70,0,12,4,568,559193.9524647887,1,7a459d0b-3c54-4e17-bda1-e0c70ae203a9,V,,,,,,,,False,,,,,,,,,,,,,,,,,
Christmas Tree,V,1,2021,12,24,509,9,317622165.0,8,106,6,0,8,139,F,Major,44,18,38,70,0,12,4,568,559193.9524647887,1,02c645e7-85b0-425f-bc56-bdb880e702a2,V,,,,,,,,False,,,,,,,,,,,,,,,,,
Christmas Tree,V,1,2021,12,24,509,9,317622165.0,8,106,6,0,8,139,F,Major,44,18,38,70,0,12,4,568,559193.9524647887,1,91d32d46-ee92-4fe1-9680-05cf7af49f2a,V,,Sweden,,,,,,False,,,,,,,,,,,,,,,,,
Christmas Tree,V,1,2021,12,24,509,9,317622165.0,8,106,6,0,8,139,F,Major,44,18,38,70,0,12,4,568,559193.9524647887,1,4b9812fd-6e9a-42d1-b8d0-77b59efc45de,V,,Russia,,,,,,False,,,,,,,,,,,,,,,,,
Christmas Tree,V,1,2021,12,24,509,9,317622165.0,8,106,6,0,8,139,F,Major,44,18,38,70,0,12,4,568,559193.9524647887,1,9127fd20-fbcb-4551-9ae8-943f839c96ab,V,,Australia,,,,,,False,,,,,,,,,,,,,,,,,
Mal Feito - Ao Vivo,"Marï¿½ï¿½lia Mendonï¿½ï¿½a, Hugo & G",2,2022,1,14,971,2,291709698.0,35,104,93,1,0,124,,Minor,73,68,83,55,0,90,7,547,533290.1243144424,1,,,,,,,,,,,,,,,,,,,,,,,,,,,
When I R.I.P.,Labrinth,1,2019,10,4,2578,0,203680270.0,8,67,66,0,0,80,G#,Minor,39,45,55,73,0,9,21,1380,147594.39855072464,7,dc99e6fd-c710-4f79-b74b-127b4d0b7849,Labrinth,Labrinth,United Kingdom,United Kingdom,hip-hop; uk; singer; producer,electronic; british; rnb; dance; r&b; pop; Hip-Hop; seen live; Grime; UK; dubstep; male vocalists; electronica; hip hop; soul; england; Labrinth; indie; r'n'b; chillout; electropop; electro; dance-pop; london; Drum; bass; nu soul; My; garage; gospel; rhythm and blues; popular; english; 4 Stars; gaming; United Kingdom; not; geohash:u10j0j252j81; hackney; Electro-Hop; All; britain; listen to more; alternative hip hop; spotify; bands ive seen live; 6 stars; lovin' it; need more; Need to Rate,577569.0,4883245.0,False,,,,,,,,,,,,,,,,,
Do We Have A Problem?,"Nicki Minaj, Lil Baby",2,2022,2,4,1064,0,81350745.0,42,1,26,0,0,120,C#,Minor,84,54,51,47,0,12,40,526,154659.21102661596,2,,,,,,,,,,,,,,,,,,,,,,,,,,,
Forever,Labrinth,1,2019,10,4,3618,0,282883169.0,21,86,138,0,2,80,E,Minor,56,19,46,92,72,11,3,1380,204987.8036231884,7,dc99e6fd-c710-4f79-b74b-127b4d0b7849,Labrinth,Labrinth,United Kingdom,United Kingdom,hip-hop; uk; singer; producer,electronic; british; rnb; dance; r&b; pop; Hip-Hop; seen live; Grime; UK; dubstep; male vocalists; electronica; hip hop; soul; england; Labrinth; indie; r'n'b; chillout; electropop; electro; dance-pop; london; Drum; bass; nu soul; My; garage; gospel; rhythm and blues; popular; english; 4 Stars; gaming; United Kingdom; not; geohash:u10j0j252j81; hackney; Electro-Hop; All; britain; listen to more; alternative hip hop; spotify; bands ive seen live; 6 stars; lovin' it; need more; Need to Rate,577569.0,4883245.0,False,,,,,,,,,,,,,,,,,
Gospel (with Eminem),"Eminem, Dr. Dre",2,2022,2,4,1040,0,64787943.0,8,0,29,0,0,117,C#,Major,92,62,86,11,0,24,24,526,123170.99429657796,2,,,,,,,,,,,,,,,,,,,,,,,,,,,
Seï¿½ï¿½o,"Shawn Mendes, Camila Cabello",2,2019,6,19,15010,2,2484812918.0,453,50,"1,785",1,8,117,A,Minor,76,77,52,4,0,8,3,1487,1671024.15467384,1,,,,,,,,,,,,,,,,,,,,,,,,,,,
NEW MAGIC WAND,"Tyler, The Creator",2,2019,5,16,4708,0,461437791.0,13,7,55,0,1,140,F,Minor,62,46,73,10,0,67,11,1521,303377.9033530572,3,,,,,,,,,,,,,,,,,,,,,,,,,,,
Adore You,Harry Styles,1,2019,12,6,13454,1,1439191367.0,246,71,519,2,5,99,G#,Major,68,57,77,2,0,10,5,1317,1092780.0812452545,17,7eb1ce54-a355-41f9-8d68-e018b096d427,Harry Styles,Harry Styles,United Kingdom,,rock,,288138.0,7911278.0,False,,,,,,,,,,,,,,,,,
La Santa,"Daddy Yankee, Bad Bunny",2,2020,2,29,4890,20,759208783.0,52,42,100,0,0,93,C#,Major,74,59,87,3,0,8,5,1232,616240.8952922078,2,,,,,,,,,,,,,,,,,,,,,,,,,,,
Something In The Way - Remastered 2021,Nirvana,1,1991,9,24,9514,0,368646862.0,45,27,"1,197",0,43,106,G#,Major,44,8,20,74,42,11,3,11617,31733.396057501937,2,5b11f4ce-a62d-471e-81fc-a69a8278c7da,Nirvana,Nirvana,United States,United States,rock; alternative rock; 90s; punk; american; experimental; seattle; grunge; band; usa; alternative; américain; legendary; acoustic rock; noise rock; 90; northwest; rock and indie; united states; nirvana; kurt cobain,Grunge; rock; alternative; alternative rock; 90s; punk; Nirvana; indie; american; seattle; hard rock; punk rock; metal; classic rock; Kurt Cobain; Grunge Rock; indie rock; USA; male vocalists; favorites,4272894.0,222303859.0,False,,,,,,,,,,,,,,,,,
Something In The Way - Remastered 2021,Nirvana,1,1991,9,24,9514,0,368646862.0,45,27,"1,197",0,43,106,G#,Major,44,8,20,74,42,11,3,11617,31733.396057501937,2,3aa878c0-224b-41e5-abd1-63be359d2bca,Nirvana,,,,,,,,False,,,,,,,,,,,,,,,,,
Something In The Way - Remastered 2021,Nirvana,1,1991,9,24,9514,0,368646862.0,45,27,"1,197",0,43,106,G#,Major,44,8,20,74,42,11,3,11617,31733.396057501937,2,c49d69dc-e008-47cf-b5ff-160fafb1fe1f,Nirvana,,France,,,,,,False,,,,,,,,,,,,,,,,,
Something In The Way - Remastered 2021,Nirvana,1,1991,9,24,9514,0,368646862.0,45,27,"1,197",0,43,106,G#,Major,44,8,20,74,42,11,3,11617,31733.396057501937,2,28a4618c-38e4-4027-ad2c-db66a14a2d85,Nirvana,,Yugoslavia,,,,,,False,,,,,,,,,,,,,,,,,
Something In The Way - Remastered 2021,Nirvana,1,1991,9,24,9514,0,368646862.0,45,27,"1,197",0,43,106,G#,Major,44,8,20,74,42,11,3,11617,31733.396057501937,2,9282c8b4-ca0b-4c6b-b7e3-4f7762dfc4d6,Nirvana,,United Kingdom,United States,rock; pop; progressive rock; orchestral; british; power pop; psychedelic rock; baroque pop; soft rock; psychedelic pop; pop rock; symphonic rock; english,,,,False,,,,,,,,,,,,,,,,,
Something In The Way - Remastered 2021,Nirvana,1,1991,9,24,9514,0,368646862.0,45,27,"1,197",0,43,106,G#,Major,44,8,20,74,42,11,3,11617,31733.396057501937,2,85af0709-95db-4fbc-801a-120e9f4766d0,Nirvana,,Finland,United States,punk; finland,,,,False,,,,,,,,,,,,,,,,,
Sweetest Pie,"Dua Lipa, Megan Thee Stallion",2,2022,3,11,3501,0,299634472.0,69,2,51,11,0,124,G,Major,81,68,63,17,0,10,22,491,610253.5071283096,1,,,,,,,,,,,,,,,,,,,,,,,,,,,
Bam Bam (feat. Ed Sheeran),"Camila Cabello, Ed Sheeran",2,2022,3,4,6111,4,756907987.0,185,40,492,9,35,95,G#,Major,76,96,70,18,0,33,4,498,1519895.5562248996,1,,,,,,,,,,,,,,,,,,,,,,,,,,,
Una Noche en Medellï¿½,Cris Mj,1,2022,1,21,5415,32,682475162.0,46,16,53,1,2,96,A#,Minor,87,82,53,10,0,5,8,540,1263842.8925925926,1,,,,,,,,,,,,,,,,,,,,,,,,,,,
Envolver,Anitta,1,2021,11,11,4673,2,546191065.0,123,113,180,1,4,92,E,Minor,81,40,73,15,0,9,8,611,893929.7299509002,1,d606b860-cc03-4959-a3fd-3a24bccf2560,Anitta,Anitta,Brazil,Brazil; Spain; United States,pop; funk; teen pop; pop soul; anitta,pop; brazilian; funk; female vocalists; dance; brazil; latin; Anitta; rnb; dance pop; seen live; diva; funk melody; Sandy Leah; Reggaeton; cara de cavalo com aids; electropop; female; brasil; vulgar; funk pop; lixo; chacota; coisa de pobre; female vocalist; guilty pleasure; latin pop; teen; Brazilian Pop; electronic; folk; sexy; dubstep; pop rock; acoustic; dance-pop; r&b; mpb; sweet; Funk Carioca; baile funk; 10s; tosca; br; claudia leitte; rainha; B-pop; tapete da valesca; eu peidando no microfone seria melhor; ridicula; mc anitta; better than selena gomez; PREPARA; rainha do pop brasileiro; heavy metal; Hip-Hop; spanish; chillout; indie; jazz; hip hop; chill; rock; alternative; rap; indie pop; USA; Love; Queen; world; urban; britpop; indietronica; girls; 3; remix; gay; Lady Gaga; female vocals; World Music; latino; dj; beat; hot; worldwide; melody; lovely; visual; rio de janeiro; female singers; português; baby; misc; 2010s; Rihanna; eletronic; South American; Girl; ladies; thoughts,188723.0,18164784.0,False,,,,,,,,,,,,,,,,,
Starlight,Dave,1,2022,3,3,1856,3,229473310.0,29,40,31,1,1,124,G,Major,95,36,37,35,0,10,28,499,459866.3527054108,1,c7740223-c657-4b0a-a0a4-b8349169e760,Dave,Dave,Netherlands,France; Greece; Netherlands; New Zealand; United Kingdom,french,french; chanson francaise; Hip-Hop; chanson; pop; rap; Grime; hip hop; 80s; seen live; british; UK; industrial; oldies; france; eurobeat; spotify; Radio Nostalgie; 60s; 70s; Surf; french pop; New Zealand; swan; instrumental hip hop; rnb; dutch; male vocalists; time; the netherlands; david; British Hip Hop; english hip hop; low bap; 6 stars; hop-hop; annees 80; Bide et Musique; hasbeen; hellenic low-bap; levenbach,91429.0,1116717.0,False,,,,,,,,,,,,,,,,,
Starlight,Dave,1,2022,3,3,1856,3,229473310.0,29,40,31,1,1,124,G,Major,95,36,37,35,0,10,28,499,459866.3527054108,1,02168815-9d76-4ded-91db-7d24b8f46eae,Dave,,Germany,,,,,,False,,,,,,,,,,,,,,,,,
Starlight,Dave,1,2022,3,3,1856,3,229473310.0,29,40,31,1,1,124,G,Major,95,36,37,35,0,10,28,499,459866.3527054108,1,aeaff008-0456-41d3-89a6-3f11b091fcc2,Dave,,,,,,,,False,,,,,,,,,,,,,,,,,
Starlight,Dave,1,2022,3,3,1856,3,229473310.0,29,40,31,1,1,124,G,Major,95,36,37,35,0,10,28,499,459866.3527054108,1,22b1c84c-1624-411d-9736-a52a8fe69b7a,Dave,,,,,,,,False,,,,,,,,,,,,,,,,,
Starlight,Dave,1,2022,3,3,1856,3,229473310.0,29,40,31,1,1,124,G,Major,95,36,37,35,0,10,28,499,459866.3527054108,1,f55916fe-94d9-422c-b4ae-9fefcd9fe41d,Dave,,New Zealand,,,,,,False,,,,,,,,,,,,,,,,,
Starlight,Dave,1,2022,3,3,1856,3,229473310.0,29,40,31,1,1,124,G,Major,95,36,37,35,0,10,28,499,459866.3527054108,1,36ea8978-3e1b-47db-83f9-eae52038f89c,Dave,,Spain,,,,,,False,,,,,,,,,,,,,,,,,
Starlight,Dave,1,2022,3,3,1856,3,229473310.0,29,40,31,1,1,124,G,Major,95,36,37,35,0,10,28,499,459866.3527054108,1,9cbed80d-768c-4ca6-8503-85c2ba7b6bc7,Dave,,Spain,,,,,,False,,,,,,,,,,,,,,,,,
Starlight,Dave,1,2022,3,3,1856,3,229473310.0,29,40,31,1,1,124,G,Major,95,36,37,35,0,10,28,499,459866.3527054108,1,8b0d4a10-aea7-47b0-a49d-12c430ca9822,Dave,,Netherlands,,,,,,False,,,,,,,,,,,,,,,,,
Starlight,Dave,1,2022,3,3,1856,3,229473310.0,29,40,31,1,1,124,G,Major,95,36,37,35,0,10,28,499,459866.3527054108,1,c779e134-88d4-42e0-a483-593a9576bdef,Dave,,,,,,,,False,,,,,,,,,,,,,,,,,
Starlight,Dave,1,2022,3,3,1856,3,229473310.0,29,40,31,1,1,124,G,Major,95,36,37,35,0,10,28,499,459866.3527054108,1,5064d955-5650-49b0-a69c-3f760d3ba6d7,Dave,,,,,,,,False,,,,,,,,,,,,,,,,,
Starlight,Dave,1,2022,3,3,1856,3,229473310.0,29,40,31,1,1,124,G,Major,95,36,37,35,0,10,28,499,459866.3527054108,1,aac15107-04c5-4fda-8f86-1e10455748f8,Dave,,,,,,,,False,,,,,,,,,,,,,,,,,
Starlight,Dave,1,2022,3,3,1856,3,229473310.0,29,40,31,1,1,124,G,Major,95,36,37,35,0,10,28,499,459866.3527054108,1,2244cd34-ceb9-47ee-a27d-b9cf5e13868b,Dave,,,,,,,,False,,,,,,,,,,,,,,,,,
Starlight,Dave,1,2022,3,3,1856,3,229473310.0,29,40,31,1,1,124,G,Major,95,36,37,35,0,10,28,499,459866.3527054108,1,b34b4210-09eb-4ac9-8989-7c2b3a38b830,Dave,,,,,,,,False,,,,,,,,,,,,,,,,,
Starlight,Dave,1,2022,3,3,1856,3,229473310.0,29,40,31,1,1,124,G,Major,95,36,37,35,0,10,28,499,459866.3527054108,1,05ae8bac-bc23-4dd9-91be-a3920a727dc4,Dave,,,,,,,,False,,,,,,,,,,,,,,,,,
Starlight,Dave,1,2022,3,3,1856,3,229473310.0,29,40,31,1,1,124,G,Major,95,36,37,35,0,10,28,499,459866.3527054108,1,6d7d75ab-bd46-4d1f-939a-435150106572,Dave,,,,,,,,False,,,,,,,,,,,,,,,,,
Starlight,Dave,1,2022,3,3,1856,3,229473310.0,29,40,31,1,1,124,G,Major,95,36,37,35,0,10,28,499,459866.3527054108,1,f93bac9e-b20a-403e-abc9-06a2fc151df1,Dave,,United Kingdom,,,,,,False,,,,,,,,,,,,,,,,,
Starlight,Dave,1,2022,3,3,1856,3,229473310.0,29,40,31,1,1,124,G,Major,95,36,37,35,0,10,28,499,459866.3527054108,1,063c8144-9c15-4312-9cc9-8fa66e1f9626,Dave,,,,,,,,False,,,,,,,,,,,,,,,,,
Starlight,Dave,1,2022,3,3,1856,3,229473310.0,29,40,31,1,1,124,G,Major,95,36,37,35,0,10,28,499,459866.3527054108,1,ab3a6d25-6484-4722-a026-0eae154a60b2,Dave,,,,,,,,False,,,,,,,,,,,,,,,,,
Starlight,Dave,1,2022,3,3,1856,3,229473310.0,29,40,31,1,1,124,G,Major,95,36,37,35,0,10,28,499,459866.3527054108,1,2cf58b72-7c34-4f10-b880-e78b46f944ef,Dave,,,,,,,,False,,,,,,,,,,,,,,,,,
Starlight,Dave,1,2022,3,3,1856,3,229473310.0,29,40,31,1,1,124,G,Major,95,36,37,35,0,10,28,499,459866.3527054108,1,5e195f22-ef9b-44b0-92bb-252eae36a732,Dave,,,France; Greece; Netherlands; New Zealand; United Kingdom,,,,,False,,,,,,,,,,,,,,,,,
Starlight,Dave,1,2022,3,3,1856,3,229473310.0,29,40,31,1,1,124,G,Major,95,36,37,35,0,10,28,499,459866.3527054108,1,75080cc7-5eba-4c02-922b-9ee061e60635,Dave,,,France; Greece; Netherlands; New Zealand; United Kingdom,,,,,False,,,,,,,,,,,,,,,,,
Starlight,Dave,1,2022,3,3,1856,3,229473310.0,29,40,31,1,1,124,G,Major,95,36,37,35,0,10,28,499,459866.3527054108,1,69cf4c4d-ac10-42e5-b9f8-c5ab8ad32e07,Dave,,,France; Greece; Netherlands; New Zealand; United Kingdom,,,,,False,,,,,,,,,,,,,,,,,
Hati-Hati di Jalan,Tulus,1,2022,3,3,200,2,202677468.0,12,4,0,0,0,72,F#,Major,64,76,44,70,9,12,4,499,406167.2705410821,1,3e334ee6-7630-4632-b2b6-1c65b36ad515,Tulus,Tulus,Norway,Indonesia; Norway,,black metal; norwegian; Norwegian Black Metal; jazz; indonesian,27556.0,1423097.0,True,,,,,,,,,,,,,,,,,
Hati-Hati di Jalan,Tulus,1,2022,3,3,200,2,202677468.0,12,4,0,0,0,72,F#,Major,64,76,44,70,9,12,4,499,406167.2705410821,1,704371d3-c46f-484c-bbcc-5bc9ddd22c8d,Tulus,Tulus,Indonesia,Indonesia; Norway,,black metal; norwegian; Norwegian Black Metal; jazz; indonesian,27556.0,1423097.0,True,,,,,,,,,,,,,,,,,
Hati-Hati di Jalan,Tulus,1,2022,3,3,200,2,202677468.0,12,4,0,0,0,72,F#,Major,64,76,44,70,9,12,4,499,406167.2705410821,1,fab84554-b6cf-4b2f-8cb8-ce49593c4530,Tulus,Tulus & Pekka Simojoki,Finland,,,,5.0,53.0,False,,,,,,,,,,,,,,,,,
"I'm Tired - From ""Euphoria"" An Original HBO Series",Labrinth,1,2022,2,4,1888,0,121913181.0,26,1,58,0,0,71,,Minor,28,26,20,19,0,30,3,526,231774.108365019,7,dc99e6fd-c710-4f79-b74b-127b4d0b7849,Labrinth,Labrinth,United Kingdom,United Kingdom,hip-hop; uk; singer; producer,electronic; british; rnb; dance; r&b; pop; Hip-Hop; seen live; Grime; UK; dubstep; male vocalists; electronica; hip hop; soul; england; Labrinth; indie; r'n'b; chillout; electropop; electro; dance-pop; london; Drum; bass; nu soul; My; garage; gospel; rhythm and blues; popular; english; 4 Stars; gaming; United Kingdom; not; geohash:u10j0j252j81; hackney; Electro-Hop; All; britain; listen to more; alternative hip hop; spotify; bands ive seen live; 6 stars; lovin' it; need more; Need to Rate,577569.0,4883245.0,False,,,,,,,,,,,,,,,,,
DANï¿½ï¿½A,"Mc Pedrinho, Pedro Sampaio",2,2022,2,1,911,2,208166039.0,45,0,99,1,1,135,A,Minor,78,55,57,4,0,10,8,529,393508.5803402647,1,,,,,,,,,,,,,,,,,,,,,,,,,,,
Yo Voy (feat. Daddy Yankee),Zion & Lennox,1,2004,5,4,2954,2,527033089.0,18,82,0,0,5,95,A#,Major,81,56,70,4,0,5,24,7011,75172.3133647126,1,a06afacd-7894-442e-95ba-49366b2b3e02,Zion & Lennox,Zion & Lennox,United States,Puerto Rico; Spain,latin; reggaeton; latin urban,Reggaeton; latin; spanish; puerto rico; en espanol,138382.0,991240.0,False,,,,,,,,,,,,,,,,,
"Residente: Bzrp Music Sessions, Vol. 49","Residente, Bizarrap",2,2022,3,3,461,0,94616487.0,7,11,13,0,0,71,C#,Minor,59,70,74,56,0,11,40,499,189612.1983967936,1,,,,,,,,,,,,,,,,,,,,,,,,,,,
Jordan,Ryan Castro,1,2021,4,30,2844,2,394030335.0,29,2,35,1,0,180,A#,Minor,80,71,68,6,0,10,37,806,488871.38337468985,2,,,,,,,,,,,,,,,,,,,,,,,,,,,
Nail Tech,Jack Harlow,1,2022,2,18,2939,0,193443895.0,42,0,24,0,0,150,E,Minor,65,11,58,0,0,12,9,512,377820.107421875,3,134cb0bc-06fa-42f7-8078-b0c858349975,Jack Harlow,Jack Harlow,,,,,17792.0,176625.0,False,,,,,,,,,,,,,,,,,
Chale,Eden Muï¿½ï,1,2022,2,18,695,11,299648208.0,16,41,13,1,1,189,G#,Major,55,86,44,40,0,7,4,512,585250.40625,1,,,,,,,,,,,,,,,,,,,,,,,,,,,
DARARI,Treasure,1,2022,2,15,328,0,182978249.0,10,21,7,0,9,85,,Major,72,55,64,49,0,7,4,515,355297.5708737864,1,43be055e-1e4d-4c1f-8865-3fd26ae9c645,Treasure,Treasure,,,,video game music; Ikaruga; heavy metal; hardcore; Straight Edge,5114.0,64194.0,True,,,,,,,,,,,,,,,,,
DARARI,Treasure,1,2022,2,15,328,0,182978249.0,10,21,7,0,9,85,,Major,72,55,64,49,0,7,4,515,355297.5708737864,1,eb6b7b0f-ebcb-4983-966c-120bc81de228,Treasure,Treasure,United Kingdom,,,video game music; Ikaruga; heavy metal; hardcore; Straight Edge,5114.0,64194.0,True,,,,,,,,,,,,,,,,,
DARARI,Treasure,1,2022,2,15,328,0,182978249.0,10,21,7,0,9,85,,Major,72,55,64,49,0,7,4,515,355297.5708737864,1,43874654-7bba-4872-9b90-43cd9ead85b2,Treasure,,United States,,,,,,False,,,,,,,,,,,,,,,,,
DARARI,Treasure,1,2022,2,15,328,0,182978249.0,10,21,7,0,9,85,,Major,72,55,64,49,0,7,4,515,355297.5708737864,1,2872c223-84dd-435e-9006-3500187d7d5f,Treasure,,,,,,,,False,,,,,,,,,,,,,,,,,
Ya No Somos Ni Seremos,Christian Nodal,1,2022,2,18,866,16,319757142.0,27,84,32,7,11,140,G,Major,59,73,45,44,0,34,3,512,624525.66796875,1,7f464f95-2410-4040-a88e-1dbe96f17fcd,Christian Nodal,Christian Nodal,Mexico,,,,11147.0,111274.0,False,,,,,,,,,,,,,,,,,
Thinking with My Dick,"Kevin Gates, Juicy J",2,2013,7,16,1550,0,109091573.0,0,0,14,0,0,81,,Major,77,68,70,6,0,17,20,3651,29879.91591344837,1,,,,,,,,,,,,,,,,,,,,,,,,,,,
Freaky Deaky,"Tyga, Doja Cat",2,2022,2,25,1729,0,153240879.0,26,1,19,0,0,104,D,Minor,80,24,65,2,0,9,4,505,303447.28514851484,1,,,,,,,,,,,,,,,,,,,,,,,,,,,
this is what falling in love feels like,JVKE,1,2021,9,3,2005,0,346127840.0,16,5,43,0,7,129,B,Major,42,33,44,62,0,8,6,680,509011.5294117647,2,,,,,,,,,,,,,,,,,,,,,,,,,,,
La Zona,Bad Bunny,1,2020,2,29,1188,0,312622938.0,13,1,15,0,1,94,C#,Minor,76,81,80,20,0,25,4,1232,253752.38474025973,19,89aa5ecb-59ad-46f5-b3eb-2d424e941f19,Bad Bunny,Bad Bunny,United States,,hip hop; latin urban; latin trap,,136813.0,2292156.0,False,,,,,,,,,,,,,,,,,
Bohemian Rhapsody - Remastered 2011,Queen,1,1975,10,31,40112,3,2197010679.0,321,162,"5,691",8,17,71,,Minor,41,23,40,27,0,30,5,17424,126091.06284435262,1,0383dadf-2a4e-4d10-a46a-e9e041da8eb3,Queen,Queen,United Kingdom,United Kingdom,rock; progressive rock; 70s; 80s; 90s; pop-rock; british; uk; band; hard rock; britannique; disco; glam rock; queen family; art rock; pop rock; english; united kingdom; queen; film soundtrack; classic pop and rock; platinum; pop/rock; 80's; 90's; 70's; langham 1 studio bbc; kind of magic; sa-town anthem,classic rock; rock; 80s; hard rock; glam rock; british; Queen; 70s; pop; Progressive rock; alternative; male vocalists; pop rock; freddie mercury; classic; UK; legend; art rock; seen live; metal; heavy metal; glam; oldies; favorites; english; arena rock; rock opera; 90s; alternative rock; Awesome,4023379.0,191711573.0,False,,,,,,,,,,,,,,,,,
Bohemian Rhapsody - Remastered 2011,Queen,1,1975,10,31,40112,3,2197010679.0,321,162,"5,691",8,17,71,,Minor,41,23,40,27,0,30,5,17424,126091.06284435262,1,5eecaf18-02ec-47af-a4f2-7831db373419,Queen,,United States,,,,,,False,,,,,,,,,,,,,,,,,
Bohemian Rhapsody - Remastered 2011,Queen,1,1975,10,31,40112,3,2197010679.0,321,162,"5,691",8,17,71,,Minor,41,23,40,27,0,30,5,17424,126091.06284435262,1,723a8d4e-caec-4bd0-bc91-09a08cd75f83,Queen,,Vietnam,,,,,,False,,,,,,,,,,,,,,,,,
Bohemian Rhapsody - Remastered 2011,Queen,1,1975,10,31,40112,3,2197010679.0,321,162,"5,691",8,17,71,,Minor,41,23,40,27,0,30,5,17424,126091.06284435262,1,420ca290-76c5-41af-999e-564d7c71f1a7,Queen,,Japan,United Kingdom,related-akb48; kamen rider w,,,,False,,,,,,,,,,,,,,,,,
Hope,XXXTENTACION,1,2018,3,16,3659,0,1200808494.0,11,10,267,0,7,146,A,Minor,59,23,46,66,0,15,6,1947,616748.0708782743,2,61af87f4-16ee-4431-8504-cc06187079fb,XXXTENTACION,,United States,,rap; x; xxxtentacion; jahseh onfroy,,,,False,,,,,,,,,,,,,,,,,
Levitating,Dua Lipa,1,2020,3,27,9833,0,797196073.0,233,82,531,1,1,103,F#,Minor,69,90,88,5,0,29,8,1205,661573.5045643153,3,6f1a58bf-9b1b-49cf-a44a-6cefad7ae04f,Dua Lipa,Dua Lipa,United Kingdom,,synthpop; electropop; contemporary r&b,,510281.0,22356378.0,False,,,,,,,,,,,,,,,,,
Wake Me Up - Radio Edit,Avicii,1,2013,1,1,50887,34,1970673297.0,315,160,"6,284",1,46,124,D,Major,53,66,78,0,0,16,5,3847,512262.3595009098,2,c85cfd6b-b1e9-4a50-bd55-eb725f04f7d5,Avicii,Avicii,Sweden,Sweden,house; seen live; electropop; dance-pop; funky house; progressive house; electro house; edm,House; electronic; dance; Progressive House; electro house; swedish; seen live; electronica; EDM; club; Avicii; electro; dj; Sweden; pop; trance; dubstep; techno; tech house; deep house; folktronica; eurodance; stockholm; tim berg,1554261.0,43778295.0,False,,,,,,,,,,,,,,,,,
"jealousy, jealousy",Olivia Rodrigo,1,2021,5,21,3257,0,665765558.0,10,0,70,0,0,164,A#,Minor,70,71,58,24,0,7,13,785,848108.9910828025,7,6925db17-f35e-42f3-a4eb-84ee6bf5d4b0,Olivia Rodrigo,Olivia Rodrigo,United States,,,,158.0,643.0,False,,,,,,,,,,,,,,,,,
Monï¿½ï¿½y so,YEAT,1,2021,9,10,1473,0,263779030.0,2,0,12,0,10,138,D,Major,69,35,57,12,0,10,9,673,391945.0668647846,2,,,,,,,,,,,,,,,,,,,,,,,,,,,
Demasiadas Mujeres,C. Tangana,1,2020,10,8,2226,0,339473453.0,36,2,11,0,14,126,A,Minor,67,37,46,13,0,10,39,1010,336112.3297029703,1,46d3689c-23e6-46f7-8ad6-c12f13ac9dea,C. Tangana,C.Tangana,Spain,Spain,hip hop,rap; Hip-Hop; spanish; trap; rest in peace cremit,3563.0,68960.0,False,,,,,,,,,,,,,,,,,
Something Just Like This,"The Chainsmokers, Coldplay",2,2017,2,22,23375,21,2204080728.0,336,188,"2,692",3,30,103,B,Minor,61,47,65,3,0,17,4,2334,944336.2159383034,1,,,,,,,,,,,,,,,,,,,,,,,,,,,
Closer,"The Chainsmokers, Halsey",2,2016,5,31,28032,0,2591224264.0,315,159,"2,179",0,44,95,G#,Major,75,64,52,41,0,11,3,2601,996241.5470972704,1,,,,,,,,,,,,,,,,,,,,,,,,,,,
O.O,NMIXX,1,2022,2,22,290,0,135444283.0,9,66,10,0,0,200,B,Minor,39,28,77,4,0,6,29,508,266622.6043307087,1,,,,,,,,,,,,,,,,,,,,,,,,,,,
Somebody That I Used To Know,"Gotye, Kimbra",2,2011,1,1,42798,0,1457139296.0,217,136,"6,508",1,,129,,Major,86,75,52,54,0,10,4,4578,318291.6767147226,1,,,,,,,,,,,,,,,,,,,,,,,,,,,
Tom's Diner,"AnnenMayKantereit, Giant Rooks",2,2019,6,28,2605,0,236872197.0,15,48,50,0,3,98,F#,Minor,68,33,43,38,0,36,14,1478,160265.35656292285,1,,,,,,,,,,,,,,,,,,,,,,,,,,,
First Class,Jack Harlow,1,2022,4,8,8737,0,694525298.0,163,32,137,15,12,107,G#,Major,91,32,56,3,0,11,10,463,1500054.6393088554,3,134cb0bc-06fa-42f7-8078-b0c858349975,Jack Harlow,Jack Harlow,,,,,17792.0,176625.0,False,,,,,,,,,,,,,,,,,
Plan A,Paulo Londra,1,2022,3,23,1105,0,240661097.0,32,0,19,0,0,174,,Major,58,56,83,5,0,7,4,479,502424.00208768266,2,3c490f79-d333-47d6-8a4a-8d676da4d1d2,Paulo Londra,Paulo Londra,Argentina,,,,38230.0,359368.0,False,,,,,,,,,,,,,,,,,
Fuera del mercado,Danny Ocean,1,2022,2,17,2499,21,421365166.0,68,24,43,1,0,92,G#,Major,45,27,67,32,0,13,14,513,821374.5925925926,1,ddb0b09f-284f-45dd-b394-05f58b0eeb76,Danny Ocean,,United States,,,,,,False,,,,,,,,,,,,,,,,,
Fuera del mercado,Danny Ocean,1,2022,2,17,2499,21,421365166.0,68,24,43,1,0,92,G#,Major,45,27,67,32,0,13,14,513,821374.5925925926,1,d42985ec-43ac-4cf5-9bc8-af0236939794,Danny Ocean,,Spain,,,,,,False,,,,,,,,,,,,,,,,,
X ï¿½ï¿½LTIMA,"Daddy Yankee, Bad Bunny",2,2022,3,25,2697,1,349746291.0,55,3,32,0,0,90,G,Major,81,59,83,9,0,11,5,477,733220.7358490566,2,,,,,,,,,,,,,,,,,,,,,,,,,,,
When You're Gone,Shawn Mendes,1,2022,3,31,2092,0,255120451.0,75,11,44,0,14,147,F,Major,60,58,69,2,0,58,4,471,541657.008492569,3,b7d92248-97e3-4450-8057-6fe06738f735,Shawn Mendes,Shawn Mendes,Canada,Canada; United Kingdom,pop; pop rock; piano rock; folk pop; teen pop; pop soul,pop; Canadian; folk; acoustic; canada; male vocalists; singer-songwriter; seen live; indie; british; sexy; pop rock; toronto; ontario; metal; alternative; alternative rock; dance-pop; singer; songwriter; drone; gay; Favorite Artists; rnb; piano rock; male vocalist; dance pop; folk pop; hot; shit; 10s; teen pop; 10; male singer; All; drone metal; talented; canadian pop; autistic; bi; farofa; 2019; blak metal; not k-pop; torontonian; fode essa buceta; ten pop; Sexy Male; acoustin; I Heard This Artist Before; shawn mendes; principe teen; underage daddy; MJ teen; daddy af; music for people named mackenzie; patrão do sheeran; cringewave,593270.0,22070953.0,False,,,,,,,,,,,,,,,,,
In My Head,Lil Tjay,1,2022,4,1,1185,0,190981339.0,21,0,31,0,0,143,C#,Major,68,41,55,16,0,10,12,470,406343.2744680851,1,,,,,,,,,,,,,,,,,,,,,,,,,,,
Wait a Minute!,Willow,1,2015,1,11,11985,0,924193303.0,79,80,250,3,10,101,D#,Minor,76,63,71,3,0,10,3,3107,297455.1989056968,1,5419d9cf-78f6-48fd-b95e-41cd5f12a452,Willow,Willow,Australia,,,post-rock; instrumental; pop; female vocalists; rnb,152300.0,2152439.0,True,,,,,,,,,,,,,,,,,
Wait a Minute!,Willow,1,2015,1,11,11985,0,924193303.0,79,80,250,3,10,101,D#,Minor,76,63,71,3,0,10,3,3107,297455.1989056968,1,5a3e68d0-8e0b-4f36-98ee-2d0bb3c0c658,Willow,Willow,Georgia,,,post-rock; instrumental; pop; female vocalists; rnb,152300.0,2152439.0,True,,,,,,,,,,,,,,,,,
Wait a Minute!,Willow,1,2015,1,11,11985,0,924193303.0,79,80,250,3,10,101,D#,Minor,76,63,71,3,0,10,3,3107,297455.1989056968,1,6bbfc71b-5f18-4e61-82fb-bee0c2a6b5f9,Willow,Willow,United States,,,post-rock; instrumental; pop; female vocalists; rnb,152300.0,2152439.0,True,,,,,,,,,,,,,,,,,
Wait a Minute!,Willow,1,2015,1,11,11985,0,924193303.0,79,80,250,3,10,101,D#,Minor,76,63,71,3,0,10,3,3107,297455.1989056968,1,5311d80b-fbfe-437b-bdc6-71f503cb9c15,Willow,Willow,Belgium,,,post-rock; instrumental; pop; female vocalists; rnb,152300.0,2152439.0,True,,,,,,,,,,,,,,,,,
Wait a Minute!,Willow,1,2015,1,11,11985,0,924193303.0,79,80,250,3,10,101,D#,Minor,76,63,71,3,0,10,3,3107,297455.1989056968,1,c53bb734-57cb-43eb-a6d1-e4794c9b9295,Willow,Willow,United Kingdom,,,post-rock; instrumental; pop; female vocalists; rnb,152300.0,2152439.0,True,,,,,,,,,,,,,,,,,
Wait a Minute!,Willow,1,2015,1,11,11985,0,924193303.0,79,80,250,3,10,101,D#,Minor,76,63,71,3,0,10,3,3107,297455.1989056968,1,08ca1dad-a326-4dc7-a922-d00b987c49e6,Willow,,France,,,,,,False,,,,,,,,,,,,,,,,,
Wait a Minute!,Willow,1,2015,1,11,11985,0,924193303.0,79,80,250,3,10,101,D#,Minor,76,63,71,3,0,10,3,3107,297455.1989056968,1,7946a0c3-5713-477a-9331-6772a01591c9,Willow,,Australia,,hip hop,,,,False,,,,,,,,,,,,,,,,,
Wait a Minute!,Willow,1,2015,1,11,11985,0,924193303.0,79,80,250,3,10,101,D#,Minor,76,63,71,3,0,10,3,3107,297455.1989056968,1,e1af94bb-71da-4def-b716-731d67acf7df,Willow,,Austria,,,,,,False,,,,,,,,,,,,,,,,,
Wait a Minute!,Willow,1,2015,1,11,11985,0,924193303.0,79,80,250,3,10,101,D#,Minor,76,63,71,3,0,10,3,3107,297455.1989056968,1,7d87f527-cbe1-4f84-9def-c857cde1d980,Willow,,Sweden,,,,,,False,,,,,,,,,,,,,,,,,
Wait a Minute!,Willow,1,2015,1,11,11985,0,924193303.0,79,80,250,3,10,101,D#,Minor,76,63,71,3,0,10,3,3107,297455.1989056968,1,dafde9da-7bb8-4d9c-b1ba-66bb5823e32b,Willow,,United States,,,,,,False,,,,,,,,,,,,,,,,,
Wait a Minute!,Willow,1,2015,1,11,11985,0,924193303.0,79,80,250,3,10,101,D#,Minor,76,63,71,3,0,10,3,3107,297455.1989056968,1,a47a393f-22e5-4a58-8b7f-9aa95489e151,Willow,,United States,,,,,,False,,,,,,,,,,,,,,,,,
Wait a Minute!,Willow,1,2015,1,11,11985,0,924193303.0,79,80,250,3,10,101,D#,Minor,76,63,71,3,0,10,3,3107,297455.1989056968,1,eb1062ee-861f-4eb6-9939-478f2ac34067,Willow,,,,,,,,False,,,,,,,,,,,,,,,,,
Wait a Minute!,Willow,1,2015,1,11,11985,0,924193303.0,79,80,250,3,10,101,D#,Minor,76,63,71,3,0,10,3,3107,297455.1989056968,1,9df269d5-f45a-4eea-97bb-a182c60839fa,Willow,,France,,,,,,False,,,,,,,,,,,,,,,,,
LOVE DIVE,IVE,1,2022,4,5,753,8,305771063.0,28,124,13,0,1,118,C#,Minor,70,54,71,0,0,33,4,466,656161.0793991416,4,a92e9703-929f-45bb-aa78-b78dfde731a4,IVE,,,,,,,,False,,,,,,,,,,,,,,,,,
Pantysito,"Feid, Alejo, Robi",3,2022,3,18,2995,0,273005485.0,49,17,30,0,0,98,G,Minor,83,63,74,14,0,16,6,484,564060.9194214876,1,,,,,,,,,,,,,,,,,,,,,,,,,,,
Chance,Paulo Londra,1,2022,4,6,225,0,89566512.0,11,0,7,0,0,138,C#,Minor,72,22,46,24,0,9,6,465,192616.15483870968,2,3c490f79-d333-47d6-8a4a-8d676da4d1d2,Paulo Londra,Paulo Londra,Argentina,,,,38230.0,359368.0,False,,,,,,,,,,,,,,,,,
Cool for the Summer,Demi Lovato,1,2015,1,1,9243,0,677389855.0,155,5,577,0,6,114,F,Minor,59,30,62,1,0,8,4,3117,217321.0956047481,1,faf4cefb-036c-4c88-b93a-5b03dd0a0e6b,Demi Lovato,Demi Lovato,United States,United States,synthpop; pop; electropop; dance-pop; pop rock; teen pop,pop; pop rock; female vocalists; Disney; guilty pleasure; Demi Lovato; rock; dance; american; rnb; seen live; demi; camp rock; singer-songwriter; female vocalist; teen pop; electronic; amazing; amazing voice; too good for disney; Hip-Hop; sexy; beautiful; r&b; female; great voice; USA; alternative; Awesome; diva; 00s; talented; Love; <3; Selena Gomez; alternative rock; acoustic; world; 3; sunflower; Miley Cyrus; my dance room; power pop; Here We Go Again; chillout; electropop; chill; cute; World Music; love at first listen; rockstar; jonas brothers; Skitz0rz; uitluisteren artist; holloween skitz0rz; english; fav888; Soundtrack; pop punk; hot; disney channel; don't forget; morsa; gilette; tapete da Selena; soul; Ballad; Favorite; poprock; lovato; dance-pop; Pop-Rock; actress,1290751.0,60002694.0,False,,,,,,,,,,,,,,,,,
psychofreak (feat. WILLOW),"Camila Cabello, Willow",2,2022,4,7,918,0,75476209.0,24,0,52,0,0,180,G,Minor,63,45,64,34,0,9,8,464,162664.24353448275,1,,,,,,,,,,,,,,,,,,,,,,,,,,,
Angel Baby,Troye Sivan,1,2021,9,9,1959,9,408843328.0,52,25,32,0,10,145,B,Major,56,41,57,1,0,13,3,674,606592.4747774481,2,e5712ceb-c37a-4c49-a11c-ccf4e21852d4,Troye Sivan,Troye Sivan,Australia,,synthpop; pop; electropop; dream-pop,pop; indie pop; male vocalists; indie; electronica,449204.0,19996622.0,False,,,,,,,,,,,,,,,,,
Vampiro,"Matuï¿½ï¿½, Wiu, ",3,2022,1,30,540,4,187772591.0,26,3,39,0,0,115,G#,Minor,78,63,64,1,0,7,4,531,353620.6986817326,1,,,,,,,,,,,,,,,,,,,,,,,,,,,
Si Quieren Frontear,"De La Ghetto, Duki, Quevedo",3,2022,3,31,859,0,178512385.0,14,0,11,0,0,82,A#,Major,79,48,84,13,0,21,23,471,379007.18683651806,1,,,,,,,,,,,,,,,,,,,,,,,,,,,
Right On,Lil Baby,1,2022,4,8,1116,0,101780047.0,31,9,15,0,1,166,D,Major,70,22,61,2,0,10,34,463,219827.3153347732,2,d42a5768-ada1-4fb6-85fd-f61aba6264e0,Lil Baby,Lil Baby,United States,,,,120444.0,2983279.0,False,,,,,,,,,,,,,,,,,
Me Arrepentï¿,"Ak4:20, Cris Mj, Pailita",3,2022,3,30,273,2,118381354.0,12,2,4,0,0,92,,Major,86,91,79,29,0,60,16,472,250807.9533898305,1,,,,,,,,,,,,,,,,,,,,,,,,,,,
That's Hilarious,Charlie Puth,1,2022,4,8,686,2,146363130.0,11,6,12,0,15,108,F#,Major,71,55,44,74,0,11,6,463,316119.07127429807,2,525f1f1c-03f0-4bc8-8dfd-e7521f87631b,Charlie Puth,Charlie Puth,United States,Jersey; United Kingdom; United States,pop; pop soul,pop; rnb; soul; r&b; male vocalists; Singer/Songwriter; singer-songwriter; USA; pop rock; american; All; electronic; seen live; british; sexy; dance-pop; modern; adult contemporary; funky; a cappella; gay; comedy; doo-wop; 4 Stars; new jersey; United States; 2015; one hit wonder; synth funk; spotify; contemporary rnb; funktronica; pop soul; R&B/Soul; strong voice; fucking horrible; Pop/R&B; Charlie Puth; not k-pop; My-discovery-channel; I Heard This Artist Before; bad eyebrows; music for people named mackenzie; cringewave; Rumson,486177.0,9952784.0,False,,,,,,,,,,,,,,,,,
Soy El Unico,Yahritza Y Su Esencia,1,2022,3,25,226,0,126443991.0,5,0,4,0,1,84,E,Minor,71,63,45,45,0,11,3,477,265081.7421383648,1,,,,,,,,,,,,,,,,,,,,,,,,,,,
RUMBATï¿½,Daddy Yankee,1,2022,3,25,1264,0,157990698.0,20,4,52,0,1,95,D#,Minor,69,90,91,6,0,35,4,477,331217.3962264151,2,2f522f5c-111c-4ce8-8bd0-d82e97c227ad,Daddy Yankee,Daddy Yankee,United States,Puerto Rico; Spain,hip hop; latin; reggaeton; hip hop rnb and dance hall; latin urban,Reggaeton; latin; Hip-Hop; spanish; rap; Daddy Yankee; hip hop; dancehall; puerto rico; mierda; dance; Brutal Death Metal; black metal; Officially Shit; latino; shit; pop; Puerto Rican; metal; male vocalists; basura; reggae; rnb; bullshit; Espanol; justin bieber; daddy; seen live; 00s; Crap; rock; urban; hiphop,732678.0,9362932.0,False,,,,,,,,,,,,,,,,,
sentaDONA (Remix) s2,"Luï¿½ï¿½sa Sonza, MC Frog, Dj Gabriel do Borel, Davi K",4,2022,3,17,870,0,176290831.0,32,0,49,0,0,135,D#,Minor,93,77,45,25,0,13,27,485,363486.24948453606,1,,,,,,,,,,,,,,,,,,,,,,,,,,,
Falling,Harry Styles,1,2019,12,13,7556,0,1023187129.0,124,24,254,0,8,110,E,Major,57,6,27,84,0,9,3,1310,781058.8770992366,17,7eb1ce54-a355-41f9-8d68-e018b096d427,Harry Styles,Harry Styles,United Kingdom,,rock,,288138.0,7911278.0,False,,,,,,,,,,,,,,,,,
Sigue,"Ed Sheeran, J Balvin",2,1996,11,24,1370,0,106933107.0,46,8,60,0,0,88,G,Major,89,59,64,5,0,19,7,9729,10991.171446191798,1,,,,,,,,,,,,,,,,,,,,,,,,,,,
Fim de Semana no Rio,teto,1,2022,3,30,315,2,139193812.0,27,2,31,0,0,119,C#,Minor,87,28,50,12,0,10,10,472,294902.1440677966,1,948836cc-5a94-475d-b8c8-de884c4663c4,teto,,Japan,,,,,,False,,,,,,,,,,,,,,,,,
MANIAC,Stray Kids,1,2022,3,18,651,0,212234990.0,6,188,20,0,0,120,C#,Major,58,71,80,15,0,7,41,484,438502.0454545455,2,142b343d-bf5a-428c-a64f-6d1a7566bbe9,Stray Kids,STRAY KIDS,South Korea,,,,28917.0,4070622.0,False,,,,,,,,,,,,,,,,,
There's Nothing Holdin' Me Back,Shawn Mendes,1,2016,9,23,12382,0,1714490998.0,229,57,"1,370",2,71,122,D,Major,86,97,80,36,0,9,6,2486,689658.4867256638,3,b7d92248-97e3-4450-8057-6fe06738f735,Shawn Mendes,Shawn Mendes,Canada,Canada; United Kingdom,pop; pop rock; piano rock; folk pop; teen pop; pop soul,pop; Canadian; folk; acoustic; canada; male vocalists; singer-songwriter; seen live; indie; british; sexy; pop rock; toronto; ontario; metal; alternative; alternative rock; dance-pop; singer; songwriter; drone; gay; Favorite Artists; rnb; piano rock; male vocalist; dance pop; folk pop; hot; shit; 10s; teen pop; 10; male singer; All; drone metal; talented; canadian pop; autistic; bi; farofa; 2019; blak metal; not k-pop; torontonian; fode essa buceta; ten pop; Sexy Male; acoustin; I Heard This Artist Before; shawn mendes; principe teen; underage daddy; MJ teen; daddy af; music for people named mackenzie; patrão do sheeran; cringewave,593270.0,22070953.0,False,,,,,,,,,,,,,,,,,
IDGAF (with blackbear),"Blackbear, BoyWithUke",2,2022,3,18,625,0,197643795.0,10,2,13,0,1,98,F,Major,78,83,75,41,0,27,8,484,408354.94834710745,1,,,,,,,,,,,,,,,,,,,,,,,,,,,
Golden,Harry Styles,1,2019,12,13,8429,1,807015863.0,85,24,200,0,2,140,E,Minor,45,25,84,21,0,13,6,1310,616042.6435114504,17,7eb1ce54-a355-41f9-8d68-e018b096d427,Harry Styles,Harry Styles,United Kingdom,,rock,,288138.0,7911278.0,False,,,,,,,,,,,,,,,,,
Get Lucky - Radio Edit,"Pharrell Williams, Nile Rodgers, Daft Punk",3,2013,1,1,52898,0,933815613.0,203,1,"8,215",0,0,116,F#,Minor,79,87,81,4,0,10,4,3847,242738.6568754874,1,,,,,,,,,,,,,,,,,,,,,,,,,,,
Ain't Shit,Doja Cat,1,2021,6,25,3436,0,499710590.0,32,6,46,0,1,124,D#,Major,86,62,49,51,0,35,21,750,666280.7866666666,6,5df62a88-cac9-490a-b62c-c7c88f4020f4,Doja Cat,Doja Cat,,United States,,pop; rnb; rap; alternative; female vocalists; Dope; r&b; Hip-Hop; hip hop; USA; american; electronic; indie pop; internet; r and b; f; pop rap; 10s; 2010s; us; high; United States; bass music; Hell Yeah; Acid Trip; musical journey to the ends of time; list-en; seapunk hip hop; party city; dogs and cats,99950.0,1555095.0,False,,,,,,,,,,,,,,,,,
"Nobody Like U - From ""Turning Red""","Jordan Fisher, Josh Levi, Finneas O'Connell, 4*TOWN (From Disney and Pixarï¿½ï¿½ï¿½s Turning Red), Topher Ngo, Grayson Vill",6,2022,2,25,918,0,120847157.0,34,39,30,0,0,105,A,Minor,91,73,72,13,0,9,15,505,239301.300990099,1,,,,,,,,,,,,,,,,,,,,,,,,,,,
Still Life,BIGBANG,1,2022,4,5,181,0,53909146.0,16,14,7,0,0,118,G#,Major,68,24,58,44,0,6,3,466,115684.8626609442,1,ec2bcb77-b9a1-49e2-bfe7-419586bbef48,BIGBANG,,South Korea,Norway; South Korea,kpop; yg family,,,,False,,,,,,,,,,,,,,,,,
Photograph,Ed Sheeran,1,2014,6,20,18778,3,2236667932.0,228,105,"2,453",0,84,108,E,Major,61,20,38,61,0,10,5,3312,675322.4432367149,9,b8a7c51f-362c-4dcb-a259-bc6e0095f0a6,Ed Sheeran,Ed Sheeran,United Kingdom,United Kingdom,pop; guitarist; folk; uk; singer; dance-pop; pop rap; folk pop; rapper; pop soul; singer/songwriter; ed sheeran does not make sillyname tracks ಠ_ಠ,acoustic; british; singer-songwriter; easy-listening; Grime; pop; seen live; male vocalists; indie; folk; alternative; Ed Sheeran; Hip-Hop; rock; UK; soul; indie pop; indie folk; english; england; overrated; pop rock; male vocalist; folk pop; Love; guitar; rap; cute; folk rock; suffolk; chillout; Mellow; 00s; Acoustic Rock; 10s; ed; fucking AMAZINGGGGGGGGGGGGGGGGGGGGGGGGGGGGGGGGGGGGGGGGGGGGGGGGGGGGGGGGGGGGGGGGGGGGGGGGGGGGGGGGGGGGGGGGGGGGGGGGGGGGGGGGGg; Soundtrack; easy listening; romantic; amazing; Alternative Folk; love at first listen; want to see live; All; ginger,1620379.0,85083256.0,False,,,,,,,,,,,,,,,,,
Photograph,Ed Sheeran,1,2014,6,20,18778,3,2236667932.0,228,105,"2,453",0,84,108,E,Major,61,20,38,61,0,10,5,3312,675322.4432367149,9,3bca1168-e7c6-4beb-9af9-db9dc674b1fa,Ed Sheeran,,United Kingdom,United Kingdom,wrong-one,,,,False,,,,,,,,,,,,,,,,,
Love Yourself,Justin Bieber,1,2015,11,9,22730,5,2123309722.0,289,87,"2,430",0,36,100,E,Major,61,53,38,84,0,28,44,2805,756973.1629233512,3,e0140a67-e4d1-4f13-8a01-364355bee46e,Justin Bieber,Justin Bieber,Canada,Canada; Norway; United States,pop; black metal; electropop; dance-pop; gay; amazing; teen pop; christmas music; contemporary r&b; tropical house,pop; black metal; justin bieber; rnb; Hip-Hop; r&b; Brutal Death Metal; gay; Canadian; female vocalists; death metal; male vocalists; grindcore; female vocalist; dance; shit; teen pop; rap; True Norwegian Black Metal; national socialist black metal; deathcore; nsbm; Justin; the most frostbitten and grim music from the very very very very very very inverted mountains of Kxziiiimfghhhblaghl; FAGGOT; the worst thing ever to happen to music; goregrind; Brutal as Fuck; seen live; guilty pleasure; electronic; pornogrind; baby; teen; metalcore; sexy; one time; RAC; brutal deathcore; jb; hardcore; doom metal; Crap; Totec Radio; fag; canada; Gay Metal; hip hop; Officially Shit; cute; heavy metal; emo; pop rock; viking metal; all things annoying in the world put together into one stupid bitch; metal; female; screamo; Suicidal Black Metal; better than radiohead; kircore; Miley Cyrus; bieber; trve kvlt norwegian black metal; gayest gay that ever gayed another gay; witch house; deathgrind; post-gangsta; homoerotic wet dream nostalgia metal; homoromantic scrotum-shrinking dream pop with goregrind influences; 00s; Nu Metal; mathcore; porngrind; gaycore; satanic metal; male; hot; <3; raw black metal; swag; indie; Love; thrash metal; male vocalist; love me; female vocal; Blackened Death Metal; blacker than the blackest black times infinity; hatecore; Depressive Suicidal Black Metal; satanic black metal; moshcore; noise; Grunge; american; post-hardcore; Young; children; sucks,1628031.0,53649697.0,False,,,,,,,,,,,,,,,,,
N95,Kendrick Lamar,1,2022,5,13,5542,0,301242089.0,52,16,65,0,206,140,D#,Minor,81,39,66,38,0,12,14,428,703836.6565420561,12,381086ea-f511-4aba-bdf9-71c753dc5077,Kendrick Lamar,Kendrick Lamar,United States,United States,pop; hip hop; pop rap; west coast hip hop; boom bap; jazz rap; conscious hip hop; hardcore hip hop,Hip-Hop; rap; seen live; west coast; compton; California; hip hop; american; jazz rap; West Coast Rap; Conscious Hip Hop; underground hip-hop; west coast hip-hop; black hippy; kendrick lamar; conscious hip-hop; west coast hip hop; los angeles; hiphop; underground rap; USA; male vocalists; tde; funk; Jazz Hop; 10s; hardcore hip-hop; swag; Gangsta Rap; alternative hip-hop; pop rap; abstract hip-hop; 2010s; experimental hip hop,1472390.0,103146720.0,False,,,,,,,,,,,,,,,,,
About Damn Time,Lizzo,1,2022,4,14,9021,0,723894473.0,242,49,272,21,24,109,A#,Minor,84,72,74,10,0,34,7,457,1584014.1641137856,3,8fb5370b-9568-4b61-9da5-2aa12c9928db,Lizzo,Lizzo,United States,,,,121747.0,1606919.0,False,,,,,,,,,,,,,,,,,
Die Hard,"Kendrick Lamar, Blxst, Amanda Reifer",3,2022,5,13,4627,0,237351106.0,38,13,32,0,0,101,C#,Minor,78,40,74,36,0,17,27,428,554558.6588785046,1,,,,,,,,,,,,,,,,,,,,,,,,,,,
Despuï¿½ï¿½s de la P,Bad Bunny,1,2022,5,6,2229,0,461558540.0,27,44,24,0,5,78,F,Major,56,61,90,36,0,18,31,435,1061054.1149425288,19,89aa5ecb-59ad-46f5-b3eb-2d424e941f19,Bad Bunny,Bad Bunny,United States,,hip hop; latin urban; latin trap,,136813.0,2292156.0,False,,,,,,,,,,,,,,,,,
Un Ratito,Bad Bunny,1,2022,5,6,1112,6,417230415.0,7,30,13,1,1,93,,Minor,79,22,55,31,0,12,5,435,959150.3793103448,19,89aa5ecb-59ad-46f5-b3eb-2d424e941f19,Bad Bunny,Bad Bunny,United States,,hip hop; latin urban; latin trap,,136813.0,2292156.0,False,,,,,,,,,,,,,,,,,
United In Grief,Kendrick Lamar,1,2022,5,13,2575,0,156898322.0,4,5,12,0,51,87,G#,Major,52,32,83,24,0,17,43,428,366584.8644859813,12,381086ea-f511-4aba-bdf9-71c753dc5077,Kendrick Lamar,Kendrick Lamar,United States,United States,pop; hip hop; pop rap; west coast hip hop; boom bap; jazz rap; conscious hip hop; hardcore hip hop,Hip-Hop; rap; seen live; west coast; compton; California; hip hop; american; jazz rap; West Coast Rap; Conscious Hip Hop; underground hip-hop; west coast hip-hop; black hippy; kendrick lamar; conscious hip-hop; west coast hip hop; los angeles; hiphop; underground rap; USA; male vocalists; tde; funk; Jazz Hop; 10s; hardcore hip-hop; swag; Gangsta Rap; alternative hip-hop; pop rap; abstract hip-hop; 2010s; experimental hip hop,1472390.0,103146720.0,False,,,,,,,,,,,,,,,,,
Father Time (feat. Sampha),"Kendrick Lamar, Sampha",2,2022,5,13,3107,0,127309180.0,4,0,22,0,0,153,A#,Minor,55,50,78,19,0,11,35,428,297451.3551401869,1,,,,,,,,,,,,,,,,,,,,,,,,,,,
Yo No Soy Celoso,Bad Bunny,1,2022,5,6,1179,0,313113297.0,7,21,11,0,0,142,,Major,87,93,59,28,0,17,5,435,719800.6827586207,19,89aa5ecb-59ad-46f5-b3eb-2d424e941f19,Bad Bunny,Bad Bunny,United States,,hip hop; latin urban; latin trap,,136813.0,2292156.0,False,,,,,,,,,,,,,,,,,
Rich Spirit,Kendrick Lamar,1,2022,5,13,3486,0,173702135.0,20,10,33,0,0,96,A#,Minor,85,41,43,39,0,12,21,428,405846.1098130841,12,381086ea-f511-4aba-bdf9-71c753dc5077,Kendrick Lamar,Kendrick Lamar,United States,United States,pop; hip hop; pop rap; west coast hip hop; boom bap; jazz rap; conscious hip hop; hardcore hip hop,Hip-Hop; rap; seen live; west coast; compton; California; hip hop; american; jazz rap; West Coast Rap; Conscious Hip Hop; underground hip-hop; west coast hip-hop; black hippy; kendrick lamar; conscious hip-hop; west coast hip hop; los angeles; hiphop; underground rap; USA; male vocalists; tde; funk; Jazz Hop; 10s; hardcore hip-hop; swag; Gangsta Rap; alternative hip-hop; pop rap; abstract hip-hop; 2010s; experimental hip hop,1472390.0,103146720.0,False,,,,,,,,,,,,,,,,,
Cooped Up (with Roddy Ricch),"Post Malone, Roddy Ricch",2,2022,5,12,2942,0,271666301.0,42,28,43,0,0,125,,Major,50,39,78,4,0,11,33,429,633254.7808857809,1,,,,,,,,,,,,,,,,,,,,,,,,,,,
Me Fui de Vacaciones,Bad Bunny,1,2022,5,6,1443,0,305650299.0,9,11,22,1,0,85,A#,Major,71,43,65,23,0,9,5,435,702644.3655172414,19,89aa5ecb-59ad-46f5-b3eb-2d424e941f19,Bad Bunny,Bad Bunny,United States,,hip hop; latin urban; latin trap,,136813.0,2292156.0,False,,,,,,,,,,,,,,,,,
Silent Hill,"Kendrick Lamar, Kodak Black",2,2022,5,13,3028,0,123216717.0,22,0,23,0,0,140,C#,Minor,92,78,57,46,0,14,9,428,287889.5257009346,1,,,,,,,,,,,,,,,,,,,,,,,,,,,
La Corriente,"Tony Dize, Bad Bunny",2,2022,5,6,1796,8,479655659.0,8,25,18,1,0,196,B,Minor,66,58,79,23,0,22,20,435,1102656.6873563218,1,,,,,,,,,,,,,,,,,,,,,,,,,,,
Count Me Out,Kendrick Lamar,1,2022,5,13,2729,0,126191104.0,3,7,13,0,1,134,G,Major,78,51,43,69,0,14,9,428,294839.0280373832,12,381086ea-f511-4aba-bdf9-71c753dc5077,Kendrick Lamar,Kendrick Lamar,United States,United States,pop; hip hop; pop rap; west coast hip hop; boom bap; jazz rap; conscious hip hop; hardcore hip hop,Hip-Hop; rap; seen live; west coast; compton; California; hip hop; american; jazz rap; West Coast Rap; Conscious Hip Hop; underground hip-hop; west coast hip-hop; black hippy; kendrick lamar; conscious hip-hop; west coast hip hop; los angeles; hiphop; underground rap; USA; male vocalists; tde; funk; Jazz Hop; 10s; hardcore hip-hop; swag; Gangsta Rap; alternative hip-hop; pop rap; abstract hip-hop; 2010s; experimental hip hop,1472390.0,103146720.0,False,,,,,,,,,,,,,,,,,
Andrea,"Buscabulla, Bad Bunny",2,2022,5,6,1195,0,344055883.0,8,30,13,1,1,103,C#,Minor,80,45,62,76,0,10,38,435,790933.0643678161,1,,,,,,,,,,,,,,,,,,,,,,,,,,,
Dos Mil 16,Bad Bunny,1,2022,5,6,892,3,338422004.0,10,24,11,0,0,130,C#,Major,82,50,67,12,0,13,5,435,777981.6183908046,19,89aa5ecb-59ad-46f5-b3eb-2d424e941f19,Bad Bunny,Bad Bunny,United States,,hip hop; latin urban; latin trap,,136813.0,2292156.0,False,,,,,,,,,,,,,,,,,
We Cry Together,"Kendrick Lamar, Taylour Paige",2,2022,5,13,1635,0,68895644.0,4,1,6,0,0,108,B,Major,65,52,69,31,0,8,36,428,160971.13084112148,1,,,,,,,,,,,,,,,,,,,,,,,,,,,
Savior,"Kendrick Lamar, Sam Dew, Baby Keem",3,2022,5,13,2291,0,86176890.0,9,0,8,0,0,123,G#,Major,61,66,71,53,0,32,46,428,201347.8738317757,1,,,,,,,,,,,,,,,,,,,,,,,,,,,
Un Coco,Bad Bunny,1,2022,5,6,1029,28,403231558.0,5,28,9,0,0,152,B,Major,84,74,69,21,0,18,6,435,926969.0988505748,19,89aa5ecb-59ad-46f5-b3eb-2d424e941f19,Bad Bunny,Bad Bunny,United States,,hip hop; latin urban; latin trap,,136813.0,2292156.0,False,,,,,,,,,,,,,,,,,
Otro Atardecer,"Bad Bunny, The Marï¿½ï",2,2022,5,6,1681,7,319546754.0,10,30,13,0,33,108,D,Major,78,55,60,59,0,7,4,435,734590.2390804598,1,,,,,,,,,,,,,,,,,,,,,,,,,,,
Worldwide Steppers,Kendrick Lamar,1,2022,5,13,1480,0,61739839.0,1,0,5,0,0,72,A#,Minor,56,56,47,76,0,8,36,428,144251.96028037384,12,381086ea-f511-4aba-bdf9-71c753dc5077,Kendrick Lamar,Kendrick Lamar,United States,United States,pop; hip hop; pop rap; west coast hip hop; boom bap; jazz rap; conscious hip hop; hardcore hip hop,Hip-Hop; rap; seen live; west coast; compton; California; hip hop; american; jazz rap; West Coast Rap; Conscious Hip Hop; underground hip-hop; west coast hip-hop; black hippy; kendrick lamar; conscious hip-hop; west coast hip hop; los angeles; hiphop; underground rap; USA; male vocalists; tde; funk; Jazz Hop; 10s; hardcore hip-hop; swag; Gangsta Rap; alternative hip-hop; pop rap; abstract hip-hop; 2010s; experimental hip hop,1472390.0,103146720.0,False,,,,,,,,,,,,,,,,,
Aguacero,Bad Bunny,1,2022,5,6,829,0,283359161.0,4,15,10,0,0,121,F#,Minor,86,67,65,42,0,35,7,435,651400.3701149425,19,89aa5ecb-59ad-46f5-b3eb-2d424e941f19,Bad Bunny,Bad Bunny,United States,,hip hop; latin urban; latin trap,,136813.0,2292156.0,False,,,,,,,,,,,,,,,,,
Purple Hearts,"Kendrick Lamar, Ghostface Killah, Summer Walker",3,2022,5,13,2308,0,76831876.0,7,0,7,0,0,138,D#,Minor,57,71,82,19,0,15,29,428,179513.7289719626,1,,,,,,,,,,,,,,,,,,,,,,,,,,,
Un Verano Sin Ti,Bad Bunny,1,2022,5,6,1004,1,283332261.0,8,12,9,0,0,188,F,Minor,50,41,50,69,0,12,6,435,651338.5310344828,19,89aa5ecb-59ad-46f5-b3eb-2d424e941f19,Bad Bunny,Bad Bunny,United States,,hip hop; latin urban; latin trap,,136813.0,2292156.0,False,,,,,,,,,,,,,,,,,
ULTRA SOLO,"Polima WestCoast, Pailita",2,2022,2,14,1367,0,307752576.0,48,4,34,1,0,110,C#,Major,80,26,85,23,0,11,21,516,596419.7209302326,1,,,,,,,,,,,,,,,,,,,,,,,,,,,
Ensï¿½ï¿½ï¿½ï¿½ame ,Bad Bunny,1,2022,5,6,1112,3,279737940.0,7,25,12,0,0,105,G#,Major,81,77,79,19,0,47,8,435,643075.724137931,19,89aa5ecb-59ad-46f5-b3eb-2d424e941f19,Bad Bunny,Bad Bunny,United States,,hip hop; latin urban; latin trap,,136813.0,2292156.0,False,,,,,,,,,,,,,,,,,
El Apagï¿½,Bad Bunny,1,2022,5,6,1209,0,212351890.0,9,7,14,0,1,118,G#,Major,63,60,70,5,0,9,31,435,488165.2643678161,19,89aa5ecb-59ad-46f5-b3eb-2d424e941f19,Bad Bunny,Bad Bunny,United States,,hip hop; latin urban; latin trap,,136813.0,2292156.0,False,,,,,,,,,,,,,,,,,
Callaita,"Bad Bunny, Tainy",2,2019,5,31,9539,15,1304313953.0,162,116,355,7,0,176,D,Major,61,24,62,60,0,24,31,1506,866078.3220451528,1,,,,,,,,,,,,,,,,,,,,,,,,,,,
Dua Lipa,Jack Harlow,1,2022,5,6,1992,0,150500965.0,35,0,3,0,0,158,B,Major,83,41,65,0,10,11,8,435,345979.2298850575,3,134cb0bc-06fa-42f7-8078-b0c858349975,Jack Harlow,Jack Harlow,,,,,17792.0,176625.0,False,,,,,,,,,,,,,,,,,
Agosto,Bad Bunny,1,2022,5,6,897,0,246127838.0,6,20,8,0,0,115,C#,Minor,85,72,58,9,0,49,12,435,565811.1218390805,19,89aa5ecb-59ad-46f5-b3eb-2d424e941f19,Bad Bunny,Bad Bunny,United States,,hip hop; latin urban; latin trap,,136813.0,2292156.0,False,,,,,,,,,,,,,,,,,
House Of Memories,Panic! At The Disco,1,2016,1,15,2948,0,582863434.0,10,2,150,0,0,110,B,Minor,51,48,82,0,0,5,3,2738,212879.2673484295,1,,,,,,,,,,,49960.0,Panic! At The Disco,70.0,0.0027199999999999,0.506,208707.0,0.8170000000000001,0.0,B,0.0486,-5.051,Minor,0.0335,109.95200000000001,4-Apr,0.506,Rock
Mr. Morale,"Kendrick Lamar, Tanna Leone",2,2022,5,13,1860,0,58687425.0,1,0,3,0,0,174,A,Major,73,26,54,30,0,34,32,428,137120.15186915887,1,,,,,,,,,,,,,,,,,,,,,,,,,,,
That That (prod. & feat. SUGA of BTS),"PSY, Suga",2,2022,4,29,802,0,212109195.0,16,81,23,0,0,130,E,Major,91,91,96,3,0,3,9,442,479885.056561086,1,,,,,,,,,,,,,,,,,,,,,,,,,,,
In The Stars,Benson Boone,1,2022,4,29,2224,8,382199619.0,48,40,87,1,210,78,A#,Major,36,30,54,34,0,14,5,442,864705.0203619909,1,,,,,,,,,,,,,,,,,,,,,,,,,,,
Rich - Interlude,Kendrick Lamar,1,2022,5,13,1103,0,41210087.0,0,0,0,0,0,104,G,Major,44,74,42,88,0,9,9,428,96285.25,12,381086ea-f511-4aba-bdf9-71c753dc5077,Kendrick Lamar,Kendrick Lamar,United States,United States,pop; hip hop; pop rap; west coast hip hop; boom bap; jazz rap; conscious hip hop; hardcore hip hop,Hip-Hop; rap; seen live; west coast; compton; California; hip hop; american; jazz rap; West Coast Rap; Conscious Hip Hop; underground hip-hop; west coast hip-hop; black hippy; kendrick lamar; conscious hip-hop; west coast hip hop; los angeles; hiphop; underground rap; USA; male vocalists; tde; funk; Jazz Hop; 10s; hardcore hip-hop; swag; Gangsta Rap; alternative hip-hop; pop rap; abstract hip-hop; 2010s; experimental hip hop,1472390.0,103146720.0,False,,,,,,,,,,,,,,,,,
SUPERMODEL,Mï¿½ï¿½ne,1,2022,5,13,2265,0,231657891.0,93,12,173,11,3,121,G,Major,64,80,88,0,0,12,6,428,541256.7546728972,4,,,,,,,,,,,,,,,,,,,,,,,,,,,
Stefania (Kalush Orchestra),KALUSH,1,2022,3,10,555,0,53729194.0,10,4,4,0,0,105,D,Major,83,32,82,14,0,12,4,492,109205.67886178862,1,,,,,,,,,,,,,,,,,,,,,,,,,,,
Thousand Miles,The Kid Laroi,1,2022,4,22,2050,0,244741137.0,52,9,46,0,1,81,G,Major,38,20,66,9,0,9,8,449,545080.4832962138,2,,,,,,,,,,,,,,,,,,,,,,,,,,,
Crown,Kendrick Lamar,1,2022,5,13,1493,0,42485571.0,2,0,10,0,0,170,C#,Minor,37,14,24,80,0,11,4,428,99265.35280373832,12,381086ea-f511-4aba-bdf9-71c753dc5077,Kendrick Lamar,Kendrick Lamar,United States,United States,pop; hip hop; pop rap; west coast hip hop; boom bap; jazz rap; conscious hip hop; hardcore hip hop,Hip-Hop; rap; seen live; west coast; compton; California; hip hop; american; jazz rap; West Coast Rap; Conscious Hip Hop; underground hip-hop; west coast hip-hop; black hippy; kendrick lamar; conscious hip-hop; west coast hip hop; los angeles; hiphop; underground rap; USA; male vocalists; tde; funk; Jazz Hop; 10s; hardcore hip-hop; swag; Gangsta Rap; alternative hip-hop; pop rap; abstract hip-hop; 2010s; experimental hip hop,1472390.0,103146720.0,False,,,,,,,,,,,,,,,,,
Auntie Diaries,Kendrick Lamar,1,2022,5,13,1545,0,37778188.0,1,0,4,0,0,78,G,Major,43,60,38,76,1,48,38,428,88266.79439252337,12,381086ea-f511-4aba-bdf9-71c753dc5077,Kendrick Lamar,Kendrick Lamar,United States,United States,pop; hip hop; pop rap; west coast hip hop; boom bap; jazz rap; conscious hip hop; hardcore hip hop,Hip-Hop; rap; seen live; west coast; compton; California; hip hop; american; jazz rap; West Coast Rap; Conscious Hip Hop; underground hip-hop; west coast hip-hop; black hippy; kendrick lamar; conscious hip-hop; west coast hip hop; los angeles; hiphop; underground rap; USA; male vocalists; tde; funk; Jazz Hop; 10s; hardcore hip-hop; swag; Gangsta Rap; alternative hip-hop; pop rap; abstract hip-hop; 2010s; experimental hip hop,1472390.0,103146720.0,False,,,,,,,,,,,,,,,,,
PUFFIN ON ZOOTIEZ,Future,1,2022,4,29,2350,0,254218729.0,28,42,23,0,0,125,G#,Major,88,28,66,6,0,13,31,442,575155.4954751132,2,48262e82-db9f-4a92-b650-dfef979b73ec,Future,Future,United States,France; Georgia; United States,hip hop; contemporary r&b,Hip-Hop; rap; Dirty South; atlanta; trap; hip hop; trap rap; american; future; rnb; seen live; southern rap; shoegaze; Gangsta Rap; weezy f aka yancy tate; southern hip-hop; Southern Hip Hop; new wave; post-punk; cold wave; pop rap; Post punk; georgia; ATL; electronic; pop; r&b; futuristic; future hendrix; mumble rap; noise; electronica; soul; USA; underground hip-hop; darkwave; male vocalists; 10s; All; down syndrome; goat; contemporary rnb; dungeon family; meme rap; Futuristic swag; racks on racks; yancy tate; french; goth; ambient; post-rock; electro; synth pop; urban; funk; Gothic; techno; me; postpunk; hiphop; Crunk; space rock; wave; North Carolina; drugs; checkout; magic; 2010s; east coast rap; jay-z; Rare; powerviolence; 34; rappers; sxsw 2012; codeine; SXSW 2014; multiple artists; hi-tech; slow jam; trap music; PURPLE; cloud rap; post-internet; raggae; swag; romantic ballads; contemporary r&b; HHC; auto-tune; stephanie; xanax; Trill; slap; tumblr; GTA; T-Pain; rennes; gd; greatest of all time,683164.0,22598670.0,False,,,,,,,,,,,,,,,,,
PUFFIN ON ZOOTIEZ,Future,1,2022,4,29,2350,0,254218729.0,28,42,23,0,0,125,G#,Major,88,28,66,6,0,13,31,442,575155.4954751132,2,822ae482-d77f-4e93-8d99-267725d65fab,Future,Future feat. Canon,,,,,1.0,2.0,False,,,,,,,,,,,,,,,,,
PUFFIN ON ZOOTIEZ,Future,1,2022,4,29,2350,0,254218729.0,28,42,23,0,0,125,G#,Major,88,28,66,6,0,13,31,442,575155.4954751132,2,6fe5bd53-aac5-4db5-b221-5102bf18a89f,Future,,Italy,,,,,,False,,,,,,,,,,,,,,,,,
PUFFIN ON ZOOTIEZ,Future,1,2022,4,29,2350,0,254218729.0,28,42,23,0,0,125,G#,Major,88,28,66,6,0,13,31,442,575155.4954751132,2,768b4363-8448-4a5b-a5ef-b1f727300a6c,Future,,United Kingdom,France; Georgia; United States,,,,,False,,,,,,,,,,,,,,,,,
PUFFIN ON ZOOTIEZ,Future,1,2022,4,29,2350,0,254218729.0,28,42,23,0,0,125,G#,Major,88,28,66,6,0,13,31,442,575155.4954751132,2,9f1195cf-9900-45db-bf9c-21c205672ae0,Future,,,France; Georgia; United States,,,,,False,,,,,,,,,,,,,,,,,
Mirror,Kendrick Lamar,1,2022,5,13,1929,0,53603447.0,2,0,4,0,0,92,E,Minor,66,29,65,23,0,8,7,428,125241.69859813084,12,381086ea-f511-4aba-bdf9-71c753dc5077,Kendrick Lamar,Kendrick Lamar,United States,United States,pop; hip hop; pop rap; west coast hip hop; boom bap; jazz rap; conscious hip hop; hardcore hip hop,Hip-Hop; rap; seen live; west coast; compton; California; hip hop; american; jazz rap; West Coast Rap; Conscious Hip Hop; underground hip-hop; west coast hip-hop; black hippy; kendrick lamar; conscious hip-hop; west coast hip hop; los angeles; hiphop; underground rap; USA; male vocalists; tde; funk; Jazz Hop; 10s; hardcore hip-hop; swag; Gangsta Rap; alternative hip-hop; pop rap; abstract hip-hop; 2010s; experimental hip hop,1472390.0,103146720.0,False,,,,,,,,,,,,,,,,,
Beautiful Girl,Luciano,1,2022,4,22,710,4,160035717.0,16,11,18,0,0,140,B,Minor,84,61,42,31,0,9,9,449,356426.98663697107,1,b298ab55-7633-4015-a05c-0d333a8540e3,Luciano,Luciano,Jamaica,Chile; Germany; Jamaica,soul and reggae,reggae; minimal; roots reggae; techno; roots; dancehall; seen live; electronic; minimal techno; ragga; Rasta; dub; House; jamaica; tech house; luciano; Cadenza; concious; roots and culture; microhouse; jamaican; concious reggae; minimal house; electronica; rap; lions reggae-dancehall; reggae ragga dub; idm; deep house; Luciano great raggae; singer; techhouse; Deutschrap; conscious; minimal house techno; Hip-Hop; ambient; experimental; dance; german; male vocalists; chile; trap; caribbean riddim; locosquad,158700.0,1400076.0,True,,,,,,,,,,,,,,,,,
Beautiful Girl,Luciano,1,2022,4,22,710,4,160035717.0,16,11,18,0,0,140,B,Minor,84,61,42,31,0,9,9,449,356426.98663697107,1,6f8d9d66-24a0-4faf-97c7-81cd22cb1c7e,Luciano,Luciano,Chile,Chile; Germany; Jamaica,,reggae; minimal; roots reggae; techno; roots; dancehall; seen live; electronic; minimal techno; ragga; Rasta; dub; House; jamaica; tech house; luciano; Cadenza; concious; roots and culture; microhouse; jamaican; concious reggae; minimal house; electronica; rap; lions reggae-dancehall; reggae ragga dub; idm; deep house; Luciano great raggae; singer; techhouse; Deutschrap; conscious; minimal house techno; Hip-Hop; ambient; experimental; dance; german; male vocalists; chile; trap; caribbean riddim; locosquad,158700.0,1400076.0,True,,,,,,,,,,,,,,,,,
Beautiful Girl,Luciano,1,2022,4,22,710,4,160035717.0,16,11,18,0,0,140,B,Minor,84,61,42,31,0,9,9,449,356426.98663697107,1,260d9a89-6927-4c61-9e8f-ca5be8264c26,Luciano,,Brazil,,,,,,False,,,,,,,,,,,,,,,,,
Beautiful Girl,Luciano,1,2022,4,22,710,4,160035717.0,16,11,18,0,0,140,B,Minor,84,61,42,31,0,9,9,449,356426.98663697107,1,5132c292-5ded-4b40-b110-76fb45d03dc3,Luciano,,,,,,,,False,,,,,,,,,,,,,,,,,
Beautiful Girl,Luciano,1,2022,4,22,710,4,160035717.0,16,11,18,0,0,140,B,Minor,84,61,42,31,0,9,9,449,356426.98663697107,1,4600b3b7-57ad-410d-b65d-ca0df36822dd,Luciano,,,,,,,,False,,,,,,,,,,,,,,,,,
Beautiful Girl,Luciano,1,2022,4,22,710,4,160035717.0,16,11,18,0,0,140,B,Minor,84,61,42,31,0,9,9,449,356426.98663697107,1,468c69f8-2750-4d4b-bf7a-085511819937,Luciano,,,,,,,,False,,,,,,,,,,,,,,,,,
Beautiful Girl,Luciano,1,2022,4,22,710,4,160035717.0,16,11,18,0,0,140,B,Minor,84,61,42,31,0,9,9,449,356426.98663697107,1,7247c1b3-08ee-43e4-ab24-9fc8ac89e822,Luciano,,,,,,,,False,,,,,,,,,,,,,,,,,
"Paulo Londra: Bzrp Music Sessions, Vol. 23","Bizarrap, Paulo Londra",2,2022,4,25,928,0,164163229.0,19,0,7,0,0,96,,Major,61,32,90,25,0,10,9,446,368078.9887892377,1,,,,,,,,,,,,,,,,,,,,,,,,,,,
Savior - Interlude,Kendrick Lamar,1,2022,5,13,1194,0,37091576.0,0,0,3,0,0,118,F,Minor,66,83,43,84,0,19,19,428,86662.56074766355,12,381086ea-f511-4aba-bdf9-71c753dc5077,Kendrick Lamar,Kendrick Lamar,United States,United States,pop; hip hop; pop rap; west coast hip hop; boom bap; jazz rap; conscious hip hop; hardcore hip hop,Hip-Hop; rap; seen live; west coast; compton; California; hip hop; american; jazz rap; West Coast Rap; Conscious Hip Hop; underground hip-hop; west coast hip-hop; black hippy; kendrick lamar; conscious hip-hop; west coast hip hop; los angeles; hiphop; underground rap; USA; male vocalists; tde; funk; Jazz Hop; 10s; hardcore hip-hop; swag; Gangsta Rap; alternative hip-hop; pop rap; abstract hip-hop; 2010s; experimental hip hop,1472390.0,103146720.0,False,,,,,,,,,,,,,,,,,
Pasoori,"Shae Gill, Ali Sethi",2,2022,2,6,349,6,284249832.0,10,22,3,0,0,92,B,Minor,71,67,60,7,0,6,4,524,542461.5114503817,1,,,,,,,,,,,,,,,,,,,,,,,,,,,
Mother I Sober (feat. Beth Gibbons of Portishead),"Kendrick Lamar, Beth Gibbons",2,2022,5,13,1890,0,33381454.0,3,0,2,0,0,140,G#,Minor,49,50,37,87,0,11,35,428,77994.05140186916,1,,,,,,,,,,,,,,,,,,,,,,,,,,,
TUS Lï¿½ï¿½GR,"Sech, Mora",2,2022,4,1,1308,2,184622518.0,23,16,9,0,5,174,C#,Major,68,45,71,18,0,11,25,470,392813.8680851064,1,,,,,,,,,,,,,,,,,,,,,,,,,,,
Where Did You Go?,"MNEK, Jax Jones",2,2022,1,26,4531,0,300983101.0,135,74,119,1,18,127,A#,Major,77,53,78,19,0,29,4,535,562585.2355140187,1,,,,,,,,,,,,,,,,,,,,,,,,,,,
I Tried to Tell Y'all,"Ugly Dray, Tesla Jnr",2,2022,5,6,1657,0,121077868.0,15,3,3,0,0,96,B,Major,71,37,52,62,0,11,36,435,278339.9264367816,1,,,,,,,,,,,,,,,,,,,,,,,,,,,
Honest (feat. Don Toliver),"Justin Bieber, Don Toliver",2,2022,4,29,1351,0,106919680.0,26,1,17,0,0,150,G#,Minor,82,82,66,13,0,11,6,442,241899.72850678733,1,,,,,,,,,,,,,,,,,,,,,,,,,,,
ZOOM,Jessi,1,2022,4,13,608,0,136996305.0,5,29,14,0,0,100,F#,Major,87,46,60,1,0,13,16,458,299118.56986899563,1,fc68747a-713f-4e6f-a091-c2560230fd70,Jessi,Jessi,,Poland; South Korea,,k-pop; Kpop; Hip-Hop; Korean; electronic; pop; rock; rap; sexy; female vocalists; dance; Asian; rnb; female vocals; under 2000 listeners; 10s; 2010s; 2015; trans; best of 2015; Korean Pop; bitch; female rapper; 2010s pop; Asian Pop; jessi; 10s pop; best of 10s; best of 2010s; polish queen; 10s k-pop; best of 10s pop; best of 2010s pop; 2015 pop,18516.0,239581.0,False,,,,,,,,,,,,,,,,,
ZOOM,Jessi,1,2022,4,13,608,0,136996305.0,5,29,14,0,0,100,F#,Major,87,46,60,1,0,13,16,458,299118.56986899563,1,c2bfd9aa-dc04-4390-94ab-a12dba89d2b3,Jessi,,Spain,,,,,,False,,,,,,,,,,,,,,,,,
ZOOM,Jessi,1,2022,4,13,608,0,136996305.0,5,29,14,0,0,100,F#,Major,87,46,60,1,0,13,16,458,299118.56986899563,1,7d977eae-1fc2-43fc-961f-05ceea4671fa,Jessi,,,,,,,,False,,,,,,,,,,,,,,,,,
ZOOM,Jessi,1,2022,4,13,608,0,136996305.0,5,29,14,0,0,100,F#,Major,87,46,60,1,0,13,16,458,299118.56986899563,1,04b67fdc-8fdb-47e0-8307-d260abbc93f8,Jessi,,South Korea,,,,,,False,,,,,,,,,,,,,,,,,
ZOOM,Jessi,1,2022,4,13,608,0,136996305.0,5,29,14,0,0,100,F#,Major,87,46,60,1,0,13,16,458,299118.56986899563,1,bee7439b-b439-4129-8920-ff8a62f18987,Jessi,,,,,,,,False,,,,,,,,,,,,,,,,,
SloMo,Chanel,1,2021,12,24,1211,0,65719930.0,31,0,19,0,2,105,C#,Minor,73,59,81,13,0,9,6,568,115704.10211267606,1,a4f4fa8a-48bd-4d26-b3b7-88e57e908ffe,Chanel,Chanel,United Kingdom,United Kingdom,,House; female vocalists; chillout; funky house; ambient; electronic; female; electronica; dance; party; soul; british; techno; club; deep house; cool; Club Music; trance; trip-hop; jazz; pop; sexy; UK; cafe del mar; urban; beautiful; melodic; lounge; atmospheric; summer; melancholy; melancholic; relaxing; hypnotic; super; buy; melodic trance; Ballad; female vocal; Night Music; relax; melody; relaxation; Dream; ibiza; chanteuses; dreaming; classic tracks; alternative soul; Myjukebox; now playing; dream trance; spoko; Hed Kandi; spotify; club cafe; ibiza trance; only relax; light trance; chanel; relaxing trance; TRANCE DEL MAR; Ghetto Bloods; dream cafe; sweet funk; Brooklyn Funk Essentials; Soul Diva; radio 16; dream del mar; smutna; relax trance; Before going out; relaxing cafe; club funky; Cool2; del mar; stuff I need; relax dance; cheetah girls; sexy female; RELAXING DEL MAR; trance ballads; dream-trance-dance; este; aerobic-relax; aerobic relax; cool3; beautiful ibiza; gambri; cool7644191,85219.0,387560.0,True,,,,,,,,,,,,,,,,,
SloMo,Chanel,1,2021,12,24,1211,0,65719930.0,31,0,19,0,2,105,C#,Minor,73,59,81,13,0,9,6,568,115704.10211267606,1,a3665e2a-2e98-4907-b727-05a8897d8376,Chanel,Chanel,United States,United Kingdom,,House; female vocalists; chillout; funky house; ambient; electronic; female; electronica; dance; party; soul; british; techno; club; deep house; cool; Club Music; trance; trip-hop; jazz; pop; sexy; UK; cafe del mar; urban; beautiful; melodic; lounge; atmospheric; summer; melancholy; melancholic; relaxing; hypnotic; super; buy; melodic trance; Ballad; female vocal; Night Music; relax; melody; relaxation; Dream; ibiza; chanteuses; dreaming; classic tracks; alternative soul; Myjukebox; now playing; dream trance; spoko; Hed Kandi; spotify; club cafe; ibiza trance; only relax; light trance; chanel; relaxing trance; TRANCE DEL MAR; Ghetto Bloods; dream cafe; sweet funk; Brooklyn Funk Essentials; Soul Diva; radio 16; dream del mar; smutna; relax trance; Before going out; relaxing cafe; club funky; Cool2; del mar; stuff I need; relax dance; cheetah girls; sexy female; RELAXING DEL MAR; trance ballads; dream-trance-dance; este; aerobic-relax; aerobic relax; cool3; beautiful ibiza; gambri; cool7644191,85219.0,387560.0,True,,,,,,,,,,,,,,,,,
SloMo,Chanel,1,2021,12,24,1211,0,65719930.0,31,0,19,0,2,105,C#,Minor,73,59,81,13,0,9,6,568,115704.10211267606,1,b629da42-c02d-4dc4-b3d5-07d4f35a0b39,Chanel,,Spain,,,,,,False,,,,,,,,,,,,,,,,,
FEARLESS,LE SSERAFIM,1,2022,5,2,629,0,229497852.0,18,75,9,0,0,104,G,Major,86,43,62,5,0,13,14,439,522774.1503416856,2,,,,,,,,,,,,,,,,,,,,,,,,,,,
10 Things I Hate About You,Leah Kate,1,2022,3,23,1301,0,185550869.0,23,1,15,0,0,154,G#,Major,54,45,79,1,0,17,5,479,387371.3340292276,1,,,,,,,,,,,,,,,,,,,,,,,,,,,
SPACE MAN,Sam Ryder,1,2022,2,22,1329,0,54682594.0,42,51,32,0,0,80,B,Major,47,33,83,18,0,10,5,508,107642.90157480317,1,18d28b0c-e84d-43a0-be7d-d5c5abef56ab,Sam Ryder,Sam Ryder,,,,,175.0,1052.0,False,,,,,,,,,,,,,,,,,
With you,"HA SUNG WOON, Jimin",2,2022,4,24,343,2,240580042.0,4,35,11,1,1,150,D#,Major,53,14,43,64,0,13,3,447,538210.3847874721,1,,,,,,,,,,,,,,,,,,,,,,,,,,,
Iris,The Goo Goo Dolls,1,1998,3,31,13101,9,1284942608.0,137,5,582,0,0,156,B,Minor,32,49,72,0,0,9,4,9237,139108.2178196384,1,,,,,,,,,,,,,,,,,,,,,,,,,,,
The Heart Part 5,Kendrick Lamar,1,2022,5,8,2939,0,71423324.0,29,0,30,0,0,98,G#,Minor,76,79,81,18,0,6,34,433,164949.93995381062,12,381086ea-f511-4aba-bdf9-71c753dc5077,Kendrick Lamar,Kendrick Lamar,United States,United States,pop; hip hop; pop rap; west coast hip hop; boom bap; jazz rap; conscious hip hop; hardcore hip hop,Hip-Hop; rap; seen live; west coast; compton; California; hip hop; american; jazz rap; West Coast Rap; Conscious Hip Hop; underground hip-hop; west coast hip-hop; black hippy; kendrick lamar; conscious hip-hop; west coast hip hop; los angeles; hiphop; underground rap; USA; male vocalists; tde; funk; Jazz Hop; 10s; hardcore hip-hop; swag; Gangsta Rap; alternative hip-hop; pop rap; abstract hip-hop; 2010s; experimental hip hop,1472390.0,103146720.0,False,,,,,,,,,,,,,,,,,
San Lucas,Kevin Kaarl,1,2019,11,7,407,1,244891912.0,5,0,5,0,0,92,G,Major,58,27,36,86,0,9,3,1346,181940.499257058,1,,,,,,,,,,,,,,,,,,,,,,,,,,,
This Love (Taylorï¿½ï¿½ï¿½s Ve,Taylor Swift,1,2022,5,6,1492,0,132171975.0,26,2,15,0,2,144,E,Major,47,7,50,32,0,7,4,435,303843.6206896552,34,20244d07-534f-4eff-b4d4-930878889970,Taylor Swift,Taylor Swift,United States,United States,pop; country; electropop; female vocals; dance-pop; pop rock; country pop; contemporary country; teen pop; top 40; country-pop; taylor-swift; singer/songwriter; fixme label mess; hp,country; pop; female vocalists; singer-songwriter; acoustic; taylor swift; country pop; american; seen live; female; pop rock; female vocalist; Love; 00s; contemporary country; USA; beautiful; folk; pop country; modern country; guilty pleasure; rock; amazing; taylor; world; chill; chillout; 3; World Music; sunflower; Skitz0rz; uitluisteren artist; holloween skitz0rz; fav888; my dance room; teen pop; <3; cute; Awesome; sweet; synthpop; Favorite; Female country; legend; talented; love story; 2000s; lovely,2203262.0,171760219.0,False,,,,,,,,,,,,,,,,,
Good Looking,Suki Waterhouse,1,2017,10,20,2264,0,184706613.0,11,6,25,0,1,150,E,Major,37,27,56,8,0,13,3,2094,88207.55157593123,1,,,,,,,,,,,,,,,,,,,,,,,,,,,
Flowers,Lauren Spencer Smith,1,2021,8,9,801,0,184826429.0,42,9,24,1,1,138,D#,Major,70,31,44,84,0,9,39,705,262165.1475177305,1,,,,,,,,,,,,,,,,,,,,,,,,,,,
Yet To Come,BTS,1,2022,6,10,829,0,302006641.0,32,110,26,0,0,172,C#,Major,56,68,89,4,0,33,19,400,755016.6025,8,,,,,,,,,,,,,,,,,,,,,,,,,,,
Run BTS,BTS,1,2022,6,10,736,0,330881149.0,5,132,17,0,3,77,G#,Major,72,70,82,2,0,4,17,400,827202.8725,8,,,,,,,,,,,,,,,,,,,,,,,,,,,
Music For a Sushi Restaurant,Harry Styles,1,2022,5,20,4449,1,334733572.0,80,11,66,0,1,107,B,Major,72,36,72,26,6,11,4,421,795091.619952494,17,7eb1ce54-a355-41f9-8d68-e018b096d427,Harry Styles,Harry Styles,United Kingdom,,rock,,288138.0,7911278.0,False,,,,,,,,,,,,,,,,,
Matilda,Harry Styles,1,2022,5,20,3218,3,366214458.0,29,10,79,0,0,114,D,Major,51,39,29,90,0,10,4,421,869868.0712589073,17,7eb1ce54-a355-41f9-8d68-e018b096d427,Harry Styles,Harry Styles,United Kingdom,,rock,,288138.0,7911278.0,False,,,,,,,,,,,,,,,,,
For Youth,BTS,1,2022,6,10,327,0,114546317.0,5,40,12,0,0,117,D,Major,63,29,51,43,0,25,4,400,286365.7925,8,,,,,,,,,,,,,,,,,,,,,,,,,,,
Daylight,Harry Styles,1,2022,5,20,2775,0,290833204.0,21,11,40,0,0,146,,Major,69,63,45,48,0,18,4,421,690815.2114014252,17,7eb1ce54-a355-41f9-8d68-e018b096d427,Harry Styles,Harry Styles,United Kingdom,,rock,,288138.0,7911278.0,False,,,,,,,,,,,,,,,,,
Vegas (From the Original Motion Picture Soundtrack ELVIS),Doja Cat,1,2022,5,6,4576,0,448500832.0,79,13,93,0,17,160,G#,Minor,80,74,60,8,0,14,26,435,1031036.3954022988,6,5df62a88-cac9-490a-b62c-c7c88f4020f4,Doja Cat,Doja Cat,,United States,,pop; rnb; rap; alternative; female vocalists; Dope; r&b; Hip-Hop; hip hop; USA; american; electronic; indie pop; internet; r and b; f; pop rap; 10s; 2010s; us; high; United States; bass music; Hell Yeah; Acid Trip; musical journey to the ends of time; list-en; seapunk hip hop; party city; dogs and cats,99950.0,1555095.0,False,,,,,,,,,,,,,,,,,
Cash In Cash Out,"Pharrell Williams, Tyler, The Creator, 21 Savage",4,2022,6,10,2313,0,136676504.0,34,0,29,0,0,120,G,Major,88,15,56,1,0,8,6,400,341691.26,1,,,,,,,,,,,,,,,,,,,,,,,,,,,
Potion (with Dua Lipa & Young Thug),"Calvin Harris, Dua Lipa, Young Thug",3,2022,5,27,3983,0,190625045.0,73,45,119,0,0,100,B,Minor,82,76,70,16,0,8,5,414,460446.9685990338,1,,,,,,,,,,,,,,,,,,,,,,,,,,,
Born Singer,BTS,1,2022,6,10,279,0,79095270.0,0,18,6,0,0,158,G#,Minor,60,68,84,4,0,24,11,400,197738.175,8,,,,,,,,,,,,,,,,,,,,,,,,,,,
Little Freak,Harry Styles,1,2022,5,20,2302,0,273194684.0,20,3,39,0,0,142,D#,Major,56,40,54,72,0,10,4,421,648918.4893111639,17,7eb1ce54-a355-41f9-8d68-e018b096d427,Harry Styles,Harry Styles,United Kingdom,,rock,,288138.0,7911278.0,False,,,,,,,,,,,,,,,,,
La Llevo Al Cielo (Ft. ï¿½ï¿½engo F,"Nengo Flow, Anuel Aa, Chris Jedi, Chencho Corleone",4,2022,5,20,3559,3,333146475.0,36,1,31,0,1,170,A,Minor,80,77,85,11,0,17,14,421,791321.7933491686,1,,,,,,,,,,,,,,,,,,,,,,,,,,,
True Love,"Kanye West, XXXTENTACION",2,2022,5,27,2129,0,194902696.0,23,1,44,1,0,84,F,Minor,71,39,86,2,0,51,25,414,470779.4589371981,1,,,,,,,,,,,,,,,,,,,,,,,,,,,
Satellite,Harry Styles,1,2022,5,20,3291,5,311482393.0,43,28,79,0,208,139,,Major,58,30,46,14,0,9,3,421,739863.1662707839,17,7eb1ce54-a355-41f9-8d68-e018b096d427,Harry Styles,Harry Styles,United Kingdom,,rock,,288138.0,7911278.0,False,,,,,,,,,,,,,,,,,
Pass The Dutchie,Musical Youth,1,1982,1,1,5328,0,195918494.0,54,76,900,0,0,151,G,Major,73,88,67,20,0,32,5,15170,12914.864469347396,1,1a3e7a10-72ed-4591-a363-c1e3bc92fc09,Musical Youth,Musical Youth,United Kingdom,Canada; Jamaica; Spain; United Kingdom,british; uk; english; birmingham; classic pop and rock,reggae; 80s; pop; british; reggae-pop; new wave; UK; ska; dancehall; male vocalists; birmingham; 80s Pop; musical youth; chillout; soul; rocksteady; spotify; Soundtrack; classic rock; metal; spanish; electronic; electronica; seen live; indie; jazz; rock; punk; alternative; alternative rock; dub; Progressive rock; dance; canada; Love; epic; acoustic; dance-pop; world; funk; latin; blues; Canadian; Awesome; bebop; england; Progressive; oldies; punk rock; roots; rnb; mysterious; Southern Rock; 80's; 00s; proto-punk; 5 Stars; jamaica; newwave; sweet; music in movies; 10s; favs; United Kingdom; everything; Classic Blues; All; treble; Some bands I like; The British are coming; dance hall; Pop Life; done; donna summer; dancehall reggae; redhalo radio; rootsreggae; high pitched voice; youngstar; LITTLE STAR; non the artists; reggaepop; pop-reggae; when I was young; Hardy; mefavor; grammy nominee; ds seen live; midlands uk; one day fly; Need to Rate; NietVaakGenoegGespeeld; under 400000 plays; 80s reggae; artist - Musical Youth; groupe reggae; stupid flanders; virginislandreggae; KamerN213; under 200000 listeners,148426.0,577815.0,False,,,,,,,,,,,,,,,,,
"Villano Antillano: Bzrp Music Sessions, Vol. 51","Bizarrap, Villano Antillano",2,2022,6,8,1401,0,248511839.0,26,16,17,0,1,128,C#,Minor,82,42,75,6,0,63,6,402,618188.6542288557,1,,,,,,,,,,,,,,,,,,,,,,,,,,,
Love Of My Life,Harry Styles,1,2022,5,20,1933,0,233671263.0,13,2,31,0,0,118,G,Major,56,20,54,67,0,6,5,421,555038.6294536818,17,7eb1ce54-a355-41f9-8d68-e018b096d427,Harry Styles,Harry Styles,United Kingdom,,rock,,288138.0,7911278.0,False,,,,,,,,,,,,,,,,,
Grapejuice,Harry Styles,1,2022,5,20,1986,0,199587884.0,7,1,15,0,0,183,F,Major,65,88,72,36,14,20,3,421,474080.4845605701,17,7eb1ce54-a355-41f9-8d68-e018b096d427,Harry Styles,Harry Styles,United Kingdom,,rock,,288138.0,7911278.0,False,,,,,,,,,,,,,,,,,
So Good,Halsey,1,2022,6,9,1057,0,91781263.0,51,14,19,0,0,83,D#,Minor,63,29,62,4,0,18,4,401,228880.95511221944,1,3377f3bb-60fc-4403-aea9-7e800612e060,Halsey,Halsey,United States,,synth-pop; electropop; indie pop,,564334.0,26460577.0,False,,,,,,,,,,,,,,,,,
Belly Dancer,"BYOR, Imanbek",2,2022,2,18,5115,13,383835984.0,109,38,301,1,33,122,C#,Major,85,42,80,6,0,17,14,512,749679.65625,1,,,,,,,,,,,,,,,,,,,,,,,,,,,
Keep Driving,Harry Styles,1,2022,5,20,2094,1,236060709.0,8,1,18,0,0,165,A,Major,72,90,48,32,0,18,23,421,560714.2731591449,17,7eb1ce54-a355-41f9-8d68-e018b096d427,Harry Styles,Harry Styles,United Kingdom,,rock,,288138.0,7911278.0,False,,,,,,,,,,,,,,,,,
Cinema,Harry Styles,1,2022,5,20,2171,0,189236868.0,18,1,28,0,0,106,A,Minor,83,90,64,35,5,9,4,421,449493.7482185273,17,7eb1ce54-a355-41f9-8d68-e018b096d427,Harry Styles,Harry Styles,United Kingdom,,rock,,288138.0,7911278.0,False,,,,,,,,,,,,,,,,,
Die Young (feat. 347aidan),"Sleepy hallow, 347aidan",2,2022,5,25,896,0,160845341.0,19,0,15,0,0,77,B,Major,81,68,58,83,0,11,34,416,386647.4543269231,1,,,,,,,,,,,,,,,,,,,,,,,,,,,
Only Love Can Hurt Like This,Paloma Faith,1,2014,1,1,5148,0,588955257.0,90,22,365,0,114,91,G#,Major,57,30,89,10,0,33,8,3482,169142.8078690408,1,f23f6dd0-bfb0-43d5-bf06-eae4315db502,Paloma Faith,Paloma Faith,United Kingdom,United Kingdom,,soul; female vocalists; british; pop; alternative; seen live; jazz; indie; female vocalist; 00s; Paloma Faith; singer-songwriter; blues; indie pop; alternative pop; rock; UK; soft rock; england; english; indie rock; london; jazzy; pop soul; lounge; female; funk; Retro; female vocal; Neo Soul; Neo-Soul; United Kingdom; spotify; retro soul; female singles; soulfuljazzalicious,554803.0,10585716.0,False,,,,,,,,,,,,,,,,,
Hold My Hand,Lady Gaga,1,2022,5,3,2528,0,238350348.0,63,8,270,2,105,148,G,Major,51,21,63,5,0,41,3,438,544178.8767123288,2,650e7db6-b795-4eb5-a702-5ea2fc46c848,Lady Gaga,Lady Gaga,United States,United States,electronic; synthpop; pop; american; usa; electropop; américain; dance-pop; pop rock; united states; the fame; gata rahe mera dil; edge of glory,pop; dance; electronic; female vocalists; female vocalist; Lady Gaga; electropop; seen live; american; gaga; singer-songwriter; sexy; diva; glam; 00s; dance-pop; electronica; synthpop; legend; dance pop; electro; guilty pleasure; rock; Disco; female; party; poker face; hot; USA; mother monster; new york; club; gay; queen of pop; Queen; amazing; <3; bitch; Love; LADY; techno; alternative; rnb; monster; catchy; icon,3820581.0,285469647.0,False,,,,,,,,,,,,,,,,,
Daydreaming,Harry Styles,1,2022,5,20,1900,1,187703102.0,15,1,23,0,0,114,E,Minor,71,90,81,31,2,13,3,421,445850.5985748218,17,7eb1ce54-a355-41f9-8d68-e018b096d427,Harry Styles,Harry Styles,United Kingdom,,rock,,288138.0,7911278.0,False,,,,,,,,,,,,,,,,,
Numb,"Marshmello, Khalid",2,2022,6,10,3879,2,295307001.0,107,76,86,1,9,120,,Minor,91,63,77,12,1,10,5,400,738267.5025,1,,,,,,,,,,,,,,,,,,,,,,,,,,,
Nos Comemos (feat. Ozuna),"Ozuna, Tiago pzk",2,2022,6,2,896,0,138334433.0,0,0,2,0,0,92,F#,Major,83,56,82,10,0,9,5,408,339054.98284313723,1,,,,,,,,,,,,,,,,,,,,,,,,,,,
Me and Your Mama,Childish Gambino,1,2016,11,10,8775,0,445590495.0,33,60,107,1,0,118,F,Major,56,25,45,1,3,7,3,2438,182768.8658736669,1,7fb57fba-a6ef-44c2-abab-2fa3bdee607e,Childish Gambino,Childish Gambino,United States,United States,rap; hip hop; hiphop; r&b; pbr&b,Hip-Hop; rap; seen live; indie; underground hip-hop; hip hop; american; funk; rnb; alternative hip-hop; soul; underground hip hop; alternative; alternative hip hop; donald glover; childish gambino; experimental; alternative rap; pop; electronic; pop rap; swag; hipster rap; USA; psychedelic; indie rap; Psychedelic Soul; Dope; comedy; nerdcore; underground; hipster; hipster hop; gambino; dance; underground rap; California; male vocalists; experimental hip-hop; seen live x2; west coast hip-hop; derrick comedy,928843.0,50698684.0,False,,,,,,,,,,,,,,,,,
Crazy What Love Can Do,"David Guetta, Ella Henderson, Becky Hill",3,2022,3,18,5290,0,286739476.0,139,73,142,0,5,123,E,Minor,60,46,71,3,0,16,4,484,592436.9338842975,1,,,,,,,,,,,,,,,,,,,,,,,,,,,
SLOW DANCING IN THE DARK,Joji,1,2018,9,12,10211,0,1122364376.0,38,79,65,0,1,89,D#,Major,52,28,48,54,1,19,3,1767,635180.7447651386,3,74922d42-c3ec-4f7d-8a24-20da6eda6ba6,Joji,,United States,,,,,,False,78766.0,Joji,81.0,0.544,0.515,209274.0,0.479,0.00598,D#,0.191,-7.457999999999999,Major,0.0261,?,4-Apr,0.284,Alternative
SLOW DANCING IN THE DARK,Joji,1,2018,9,12,10211,0,1122364376.0,38,79,65,0,1,89,D#,Major,52,28,48,54,1,19,3,1767,635180.7447651386,3,fa8bf53c-89d7-4753-9e1d-e4372740dbb7,Joji,,,,,,,,False,78766.0,Joji,81.0,0.544,0.515,209274.0,0.479,0.00598,D#,0.191,-7.457999999999999,Major,0.0261,?,4-Apr,0.284,Alternative
Antes de Perderte,Duki,1,2022,6,2,584,8,157136970.0,12,1,8,0,1,110,F,Minor,81,61,93,49,0,12,11,408,385139.6323529412,2,44869536-0262-4f22-9c23-b4821c13cd97,Duki,Duki,,,,,9992.0,186590.0,False,,,,,,,,,,,,,,,,,
Boyfriends,Harry Styles,1,2022,5,20,1517,0,137070925.0,26,2,30,0,0,118,,Major,42,32,20,94,0,11,4,421,325584.14489311166,17,7eb1ce54-a355-41f9-8d68-e018b096d427,Harry Styles,Harry Styles,United Kingdom,,rock,,288138.0,7911278.0,False,,,,,,,,,,,,,,,,,
295,Sidhu Moose Wala,1,2021,5,15,246,4,183273246.0,4,106,0,0,7,90,B,Minor,68,54,76,21,0,11,20,791,231698.1618204804,1,119a6864-622b-4e6c-8aab-a422080530c6,Sidhu Moose Wala,Sidhu Moose Wala,India,,,,1032.0,16444.0,False,,,,,,,,,,,,,,,,,
Tak Ingin Usai,Keisya Levronka,1,2022,5,13,220,4,184807630.0,16,5,0,0,6,130,,Major,49,14,40,82,0,11,3,428,431793.5280373832,1,,,,,,,,,,,,,,,,,,,,,,,,,,,
En El Radio Un Cochinero,Victor Cibrian,1,2022,5,13,514,0,164856284.0,5,36,1,0,0,154,F#,Minor,70,97,62,47,0,10,4,428,385178.2336448598,1,,,,,,,,,,,,,,,,,,,,,,,,,,,
Master of Puppets (Remastered),Metallica,1,1986,3,3,6080,0,704171068.0,112,198,406,1,0,105,E,Minor,54,59,83,0,44,20,4,13648,51595.18376318875,1,65f4f0c5-ef9e-490c-aee3-909e7ae6b2ab,Metallica,Metallica,United States,United States,rock; 80s; heavy metal; 90s; thrash metal; metal; american; seen live; band; hard rock; usa; trash; américain; thrash; symphonic metal; alternative metal; speed metal; california; los angeles; crap; bay area; trash metal; 80s thrash metal; douchebag metal; american thrash metal; rock and indie; metallica; classic metal; 80s metal; classic thrash metal; 90s metal; 80's; 90's; hard'n'heavy; lame; a filk artist; the unforgiving; stopped being good after '97; stopped being good after '88; pompous asses,thrash metal; metal; heavy metal; hard rock; rock; seen live; metallica; speed metal; classic rock; american; thrash; 80s; trash metal; 90s; emo; USA; alternative; classic metal; Progressive metal; alternative rock; heavy; legends; Power metal,2894382.0,281172228.0,False,,,,,,,,,,,,,,,,,
BREAK MY SOUL,Beyoncï¿,1,2022,6,21,9724,0,354614964.0,222,61,259,14,2,115,C#,Minor,70,87,88,4,0,26,8,389,911606.59125964,3,,,,,,,,,,,,,,,,,,,,,,,,,,,
ULTRA SOLO REMIX,"De La Ghetto, Feid, Polima WestCoast, Paloma Mami, Pailita",5,2022,6,16,2341,0,279717388.0,37,2,38,2,0,110,C#,Major,91,59,82,8,0,6,8,394,709942.6091370558,1,,,,,,,,,,,,,,,,,,,,,,,,,,,
Massive,Drake,1,2022,6,17,5263,0,195628667.0,66,89,61,0,11,125,E,Minor,51,5,68,12,2,15,6,393,497782.8676844784,4,9fff2f8a-21e6-47de-a2b8-7f449929d43f,Drake,Drake,Canada,Canada,hip hop; pop rap; rapper; contemporary r&b; alternative r&b; trap rap; rap us; hardcore hip; cotm candidate,Hip-Hop; rap; rnb; hip hop; Canadian; Drake; seen live; r&b; pop; young money; male vocalists; canada; indie; toronto; drizzy; pop rap; Lil Wayne; soul; sexy; alternative rap; Degrassi; hiphop; Kanye West; alternative hip-hop; Hip Hop/Rap; contemporary rnb; alternative rnb; urban; lyrical; swag; trey songz; chill; 00s; 10s; YMCMB,3379644.0,140245379.0,False,,,,,,,,,,,,,,,,,
Massive,Drake,1,2022,6,17,5263,0,195628667.0,66,89,61,0,11,125,E,Minor,51,5,68,12,2,15,6,393,497782.8676844784,4,131f2976-f781-48df-9aab-71531b4fa0b4,Drake,,Chile,,,,,,False,,,,,,,,,,,,,,,,,
Massive,Drake,1,2022,6,17,5263,0,195628667.0,66,89,61,0,11,125,E,Minor,51,5,68,12,2,15,6,393,497782.8676844784,4,b49b81cc-d5b7-4bdd-aadb-385df8de69a6,Drake,,Poland,Canada,not that drake,,,,False,,,,,,,,,,,,,,,,,
Massive,Drake,1,2022,6,17,5263,0,195628667.0,66,89,61,0,11,125,E,Minor,51,5,68,12,2,15,6,393,497782.8676844784,4,7cf5af7a-afa0-4dca-9473-a13508c64e9d,Drake,,,Canada,trust issues,,,,False,,,,,,,,,,,,,,,,,
Betty (Get Money),Yung Gravy,1,2022,6,10,2402,0,221752937.0,45,2,26,0,1,102,C#,Major,73,62,75,0,0,34,8,400,554382.3425,1,20b034b2-35a1-40be-908f-22d1b5681572,Yung Gravy,,,,,,,,False,,,,,,,,,,,,,,,,,
Ojos Marrones,Lasso,1,2022,2,6,795,11,263280370.0,26,18,15,1,4,120,G#,Minor,81,72,65,4,0,14,4,524,502443.4541984733,1,0df4bb38-c4ab-4963-803d-b5bed60a0045,Lasso,Lasso,Switzerland,Venezuela,,venezuela; pop rock; psychedelic; western; venezuelan; lasso; indie; rock; country; Lo-Fi; americana; weird; psychedelic folk; rock en español; rock nacional; Schweiz; Caracas; All; primitive; big brother schweiz; dialect music; mundart musik; kalamazoo; ccs; vzla,4522.0,57866.0,True,,,,,,,,,,,,,,,,,
Ojos Marrones,Lasso,1,2022,2,6,795,11,263280370.0,26,18,15,1,4,120,G#,Minor,81,72,65,4,0,14,4,524,502443.4541984733,1,feb0a14b-63c9-43f9-958b-148488c79f23,Lasso,Lasso,,Venezuela,,venezuela; pop rock; psychedelic; western; venezuelan; lasso; indie; rock; country; Lo-Fi; americana; weird; psychedelic folk; rock en español; rock nacional; Schweiz; Caracas; All; primitive; big brother schweiz; dialect music; mundart musik; kalamazoo; ccs; vzla,4522.0,57866.0,True,,,,,,,,,,,,,,,,,
Ojos Marrones,Lasso,1,2022,2,6,795,11,263280370.0,26,18,15,1,4,120,G#,Minor,81,72,65,4,0,14,4,524,502443.4541984733,1,26ebb443-9b9a-488c-8406-5db22ddf3519,Lasso,,Burkina Faso,,,,,,False,,,,,,,,,,,,,,,,,
Ojos Marrones,Lasso,1,2022,2,6,795,11,263280370.0,26,18,15,1,4,120,G#,Minor,81,72,65,4,0,14,4,524,502443.4541984733,1,b63b7ae9-c31c-431f-b43d-655c7f2cd4a0,Lasso,,Norway,,,,,,False,,,,,,,,,,,,,,,,,
POP!,Nayeon,1,2022,6,24,571,0,213505179.0,19,21,14,0,2,97,D,Major,80,36,86,4,0,3,5,386,553122.2253886011,1,,,,,,,,,,,,,,,,,,,,,,,,,,,
Layla,"Schï¿½ï¿½rze, DJ R",2,2022,3,24,832,3,130419412.0,18,124,24,1,0,140,F,Minor,44,41,92,0,0,44,7,478,272843.95815899584,1,,,,,,,,,,,,,,,,,,,,,,,,,,,
MORE,j-hope,1,2022,7,1,565,0,155795783.0,6,52,11,0,0,97,D,Major,78,31,72,1,0,11,4,379,411070.6675461741,1,b3977da4-f899-4328-921b-ecc599a5618a,j-hope,,South Korea,,,,,,False,,,,,,,,,,,,,,,,,
Sweet Child O' Mine,Guns N' Roses,1,1987,1,1,41231,1,1553497987.0,228,151,"6,720",3,99,125,F#,Major,45,67,90,9,11,10,5,13344,116419.21365407674,1,,,,,,,,,,,70495.0,Guns N' Roses,75.0,0.141,0.449,356400.0,0.901,0.0675,F#,0.128,-7.711,Major,0.0526,125.148,4-Apr,0.696,Rock
Last Last,Burna Boy,1,2022,5,12,4526,12,293466523.0,156,275,150,3,128,88,D#,Minor,80,55,56,13,0,8,9,429,684071.1491841492,2,78a19169-ac75-4868-b504-7e2e073118e0,Burna Boy,Burna Boy,Nigeria,,,,26454.0,225761.0,False,,,,,,,,,,,,,,,,,
SNAP,Rosa Linn,1,2022,3,19,1818,0,711366595.0,3,0,63,0,353,170,,Major,56,52,64,11,0,45,7,483,1472808.685300207,2,,,,,,,,,,,,,,,,,,,,,,,,,,,
Sticky,Drake,1,2022,6,17,2814,0,191448892.0,38,105,25,0,2,137,A#,Minor,88,8,49,9,0,9,14,393,487147.3078880407,4,9fff2f8a-21e6-47de-a2b8-7f449929d43f,Drake,Drake,Canada,Canada,hip hop; pop rap; rapper; contemporary r&b; alternative r&b; trap rap; rap us; hardcore hip; cotm candidate,Hip-Hop; rap; rnb; hip hop; Canadian; Drake; seen live; r&b; pop; young money; male vocalists; canada; indie; toronto; drizzy; pop rap; Lil Wayne; soul; sexy; alternative rap; Degrassi; hiphop; Kanye West; alternative hip-hop; Hip Hop/Rap; contemporary rnb; alternative rnb; urban; lyrical; swag; trey songz; chill; 00s; 10s; YMCMB,3379644.0,140245379.0,False,,,,,,,,,,,,,,,,,
Sticky,Drake,1,2022,6,17,2814,0,191448892.0,38,105,25,0,2,137,A#,Minor,88,8,49,9,0,9,14,393,487147.3078880407,4,131f2976-f781-48df-9aab-71531b4fa0b4,Drake,,Chile,,,,,,False,,,,,,,,,,,,,,,,,
Sticky,Drake,1,2022,6,17,2814,0,191448892.0,38,105,25,0,2,137,A#,Minor,88,8,49,9,0,9,14,393,487147.3078880407,4,b49b81cc-d5b7-4bdd-aadb-385df8de69a6,Drake,,Poland,Canada,not that drake,,,,False,,,,,,,,,,,,,,,,,
Sticky,Drake,1,2022,6,17,2814,0,191448892.0,38,105,25,0,2,137,A#,Minor,88,8,49,9,0,9,14,393,487147.3078880407,4,7cf5af7a-afa0-4dca-9473-a13508c64e9d,Drake,,,Canada,trust issues,,,,False,,,,,,,,,,,,,,,,,
Hot Shit (feat. Ye & Lil Durk),"Kanye West, Lil Durk, Cardi B",3,2022,7,1,1601,0,85924992.0,11,0,2,0,0,157,A,Major,88,52,69,0,0,8,23,379,226715.018469657,1,,,,,,,,,,,,,,,,,,,,,,,,,,,
Ai Preto,"L7nnon, DJ Biel do Furduncinho, Bianca",3,2022,6,3,894,4,176103902.0,28,0,54,0,0,130,F#,Major,95,83,57,54,0,10,25,407,432687.7199017199,1,,,,,,,,,,,,,,,,,,,,,,,,,,,
La Loto,"Anitta, Tini, Becky G",3,2022,7,6,945,0,121189256.0,49,3,57,0,0,90,C#,Major,85,80,83,10,0,8,11,374,324035.4438502674,1,,,,,,,,,,,,,,,,,,,,,,,,,,,
die first,Nessa Barrett,1,2022,6,24,767,0,131746175.0,25,0,22,0,0,183,G#,Minor,44,44,67,7,0,12,13,386,341311.3341968912,1,,,,,,,,,,,,,,,,,,,,,,,,,,,
Afraid To Feel,LF System,1,2022,5,2,5898,5,244790012.0,129,55,128,0,101,128,C#,Major,58,68,91,2,0,27,11,439,557608.2277904327,1,,,,,,,,,,,,,,,,,,,,,,,,,,,
Baile no Morro,"Mc Vitin Da Igrejinha, MC Tairon, DJ Win",3,2022,6,10,685,2,129314708.0,17,0,24,0,30,130,D#,Minor,71,78,40,46,0,7,45,400,323286.77,1,,,,,,,,,,,,,,,,,,,,,,,,,,,
cï¿½ï¿½mo dormi,Rels B,1,2022,8,4,1452,35,331511413.0,16,15,20,0,0,126,C#,Major,63,56,43,24,0,12,23,345,960902.6463768115,1,c1a3132a-c23e-4283-8f9a-4080dc52a177,Rels B,Rels B,,,,,9095.0,222402.0,False,,,,,,,,,,,,,,,,,
Bad Decisions (with BTS & Snoop Dogg),"Snoop Dogg, BTS, Benny Blanco",3,2022,8,5,1456,0,219196651.0,53,2,33,0,0,120,,Major,77,94,87,2,0,23,12,344,637199.5668604651,1,,,,,,,,,,,,,,,,,,,,,,,,,,,
STAYING ALIVE (feat. Drake & Lil Baby),"Drake, DJ Khaled, Lil Baby",3,2022,8,5,2107,0,170732845.0,51,1,50,0,0,130,E,Minor,72,18,46,7,0,28,8,344,496316.4098837209,1,,,,,,,,,,,,,,,,,,,,,,,,,,,
Caile,Luar La L,1,2020,12,18,1494,2,273914335.0,17,12,15,0,0,122,,Major,70,46,76,30,0,9,45,939,291708.55697550584,1,,,,,,,,,,,,,,,,,,,,,,,,,,,
Si Te La Encuentras Por Ahï¿,Feid,1,2022,8,5,1379,4,179061440.0,23,10,18,0,0,172,G#,Minor,74,46,58,15,0,13,8,344,520527.4418604651,8,eaee97f6-f2e4-414a-966c-f31a1fb4696a,Feid,Feid,Colombia,,reggaeton; latin urban,,12161.0,75471.0,False,,,,,,,,,,,,,,,,,
GIVENCHY,Duki,1,2022,7,20,625,4,185236961.0,13,18,12,0,0,103,G#,Major,61,38,62,14,0,23,40,360,514547.1138888889,2,44869536-0262-4f22-9c23-b4821c13cd97,Duki,Duki,,,,,9992.0,186590.0,False,,,,,,,,,,,,,,,,,
ALIEN SUPERSTAR,Beyoncï¿,1,2022,7,29,2688,0,171788484.0,39,47,36,0,0,122,A#,Minor,55,46,64,0,0,17,10,351,489425.8803418803,3,,,,,,,,,,,,,,,,,,,,,,,,,,,
Mary On A Cross,Ghost,1,2019,9,13,2668,2,387080183.0,38,266,78,0,141,130,B,Major,47,56,90,0,0,10,4,1401,276288.4960742327,1,97ea6a8e-2011-45f0-895e-8bb082b1aa64,Ghost,Ghost,Japan,Japan; Poland; Sweden; United Kingdom,rock and indie,heavy metal; Psychedelic Rock; doom metal; seen live; psychedelic; Progressive rock; swedish; occult rock; hard rock; rock; metal; japanese; experimental; Sweden; death metal; Traditional Doom Metal; Hip-Hop; Doom; Progressive; japan; psychedelic folk; UK Garage; J-rock; visual kei; black metal; reggae; dubstep; Experimental Rock; occult; Doom Rock; Progressive metal; satanic; electronic; pop rock; space rock; breakcore; folk; instrumental hip-hop; They look like serial prostitutes with fake dildos to scare little kids; I would rather beat myself to death with a hammer than listen to this; classic rock; Psychedelia; occult metal; shit only a retard would listen to; trip-hop; hip hop; pop; polish; Neo-Psychedelia; UK hip-hop; old school death metal; approximately 1000 times less pleasant than EXTREME ANAL CAVING; More Gay Than a San Fransisco Man in a Hawaiian Shirt Sniffing Some Liquid Gold and Watching Sex in the City; AOR; stoner; 00s; Psychedelic metal; noise; alternative; garage; Swedish Metal; heavy psych; acid folk; polish death metal; avant rock,351751.0,24037409.0,True,,,,,,,,,,,,,,,,,
Mary On A Cross,Ghost,1,2019,9,13,2668,2,387080183.0,38,266,78,0,141,130,B,Major,47,56,90,0,0,10,4,1401,276288.4960742327,1,47c108ae-faa7-453f-90bb-65ccef0213a7,Ghost,Ghost,Jamaica,Japan; Poland; Sweden; United Kingdom,,heavy metal; Psychedelic Rock; doom metal; seen live; psychedelic; Progressive rock; swedish; occult rock; hard rock; rock; metal; japanese; experimental; Sweden; death metal; Traditional Doom Metal; Hip-Hop; Doom; Progressive; japan; psychedelic folk; UK Garage; J-rock; visual kei; black metal; reggae; dubstep; Experimental Rock; occult; Doom Rock; Progressive metal; satanic; electronic; pop rock; space rock; breakcore; folk; instrumental hip-hop; They look like serial prostitutes with fake dildos to scare little kids; I would rather beat myself to death with a hammer than listen to this; classic rock; Psychedelia; occult metal; shit only a retard would listen to; trip-hop; hip hop; pop; polish; Neo-Psychedelia; UK hip-hop; old school death metal; approximately 1000 times less pleasant than EXTREME ANAL CAVING; More Gay Than a San Fransisco Man in a Hawaiian Shirt Sniffing Some Liquid Gold and Watching Sex in the City; AOR; stoner; 00s; Psychedelic metal; noise; alternative; garage; Swedish Metal; heavy psych; acid folk; polish death metal; avant rock,351751.0,24037409.0,True,,,,,,,,,,,,,,,,,
Mary On A Cross,Ghost,1,2019,9,13,2668,2,387080183.0,38,266,78,0,141,130,B,Major,47,56,90,0,0,10,4,1401,276288.4960742327,1,57647f66-2f0c-4a29-ae4e-af928c35b694,Ghost,Ghost,United Kingdom,Japan; Poland; Sweden; United Kingdom,dubstep; uk garage,heavy metal; Psychedelic Rock; doom metal; seen live; psychedelic; Progressive rock; swedish; occult rock; hard rock; rock; metal; japanese; experimental; Sweden; death metal; Traditional Doom Metal; Hip-Hop; Doom; Progressive; japan; psychedelic folk; UK Garage; J-rock; visual kei; black metal; reggae; dubstep; Experimental Rock; occult; Doom Rock; Progressive metal; satanic; electronic; pop rock; space rock; breakcore; folk; instrumental hip-hop; They look like serial prostitutes with fake dildos to scare little kids; I would rather beat myself to death with a hammer than listen to this; classic rock; Psychedelia; occult metal; shit only a retard would listen to; trip-hop; hip hop; pop; polish; Neo-Psychedelia; UK hip-hop; old school death metal; approximately 1000 times less pleasant than EXTREME ANAL CAVING; More Gay Than a San Fransisco Man in a Hawaiian Shirt Sniffing Some Liquid Gold and Watching Sex in the City; AOR; stoner; 00s; Psychedelic metal; noise; alternative; garage; Swedish Metal; heavy psych; acid folk; polish death metal; avant rock,351751.0,24037409.0,True,,,,,,,,,,,,,,,,,
Mary On A Cross,Ghost,1,2019,9,13,2668,2,387080183.0,38,266,78,0,141,130,B,Major,47,56,90,0,0,10,4,1401,276288.4960742327,1,ed81302a-c095-4f0d-a243-ec362956fee7,Ghost,Ghost,United Kingdom,Japan; Poland; Sweden; United Kingdom,instrumental; hip hop; instrumental hip hop,heavy metal; Psychedelic Rock; doom metal; seen live; psychedelic; Progressive rock; swedish; occult rock; hard rock; rock; metal; japanese; experimental; Sweden; death metal; Traditional Doom Metal; Hip-Hop; Doom; Progressive; japan; psychedelic folk; UK Garage; J-rock; visual kei; black metal; reggae; dubstep; Experimental Rock; occult; Doom Rock; Progressive metal; satanic; electronic; pop rock; space rock; breakcore; folk; instrumental hip-hop; They look like serial prostitutes with fake dildos to scare little kids; I would rather beat myself to death with a hammer than listen to this; classic rock; Psychedelia; occult metal; shit only a retard would listen to; trip-hop; hip hop; pop; polish; Neo-Psychedelia; UK hip-hop; old school death metal; approximately 1000 times less pleasant than EXTREME ANAL CAVING; More Gay Than a San Fransisco Man in a Hawaiian Shirt Sniffing Some Liquid Gold and Watching Sex in the City; AOR; stoner; 00s; Psychedelic metal; noise; alternative; garage; Swedish Metal; heavy psych; acid folk; polish death metal; avant rock,351751.0,24037409.0,True,,,,,,,,,,,,,,,,,
Mary On A Cross,Ghost,1,2019,9,13,2668,2,387080183.0,38,266,78,0,141,130,B,Major,47,56,90,0,0,10,4,1401,276288.4960742327,1,a44228b5-05b9-4a74-9c0a-74100f7a7910,Ghost,Ghost,,Japan; Poland; Sweden; United Kingdom,,heavy metal; Psychedelic Rock; doom metal; seen live; psychedelic; Progressive rock; swedish; occult rock; hard rock; rock; metal; japanese; experimental; Sweden; death metal; Traditional Doom Metal; Hip-Hop; Doom; Progressive; japan; psychedelic folk; UK Garage; J-rock; visual kei; black metal; reggae; dubstep; Experimental Rock; occult; Doom Rock; Progressive metal; satanic; electronic; pop rock; space rock; breakcore; folk; instrumental hip-hop; They look like serial prostitutes with fake dildos to scare little kids; I would rather beat myself to death with a hammer than listen to this; classic rock; Psychedelia; occult metal; shit only a retard would listen to; trip-hop; hip hop; pop; polish; Neo-Psychedelia; UK hip-hop; old school death metal; approximately 1000 times less pleasant than EXTREME ANAL CAVING; More Gay Than a San Fransisco Man in a Hawaiian Shirt Sniffing Some Liquid Gold and Watching Sex in the City; AOR; stoner; 00s; Psychedelic metal; noise; alternative; garage; Swedish Metal; heavy psych; acid folk; polish death metal; avant rock,351751.0,24037409.0,True,,,,,,,,,,,,,,,,,
Mary On A Cross,Ghost,1,2019,9,13,2668,2,387080183.0,38,266,78,0,141,130,B,Major,47,56,90,0,0,10,4,1401,276288.4960742327,1,2d84a3a1-3f40-4479-bd32-2f4dd925f855,Ghost,Ghost,United States,Japan; Poland; Sweden; United Kingdom,,heavy metal; Psychedelic Rock; doom metal; seen live; psychedelic; Progressive rock; swedish; occult rock; hard rock; rock; metal; japanese; experimental; Sweden; death metal; Traditional Doom Metal; Hip-Hop; Doom; Progressive; japan; psychedelic folk; UK Garage; J-rock; visual kei; black metal; reggae; dubstep; Experimental Rock; occult; Doom Rock; Progressive metal; satanic; electronic; pop rock; space rock; breakcore; folk; instrumental hip-hop; They look like serial prostitutes with fake dildos to scare little kids; I would rather beat myself to death with a hammer than listen to this; classic rock; Psychedelia; occult metal; shit only a retard would listen to; trip-hop; hip hop; pop; polish; Neo-Psychedelia; UK hip-hop; old school death metal; approximately 1000 times less pleasant than EXTREME ANAL CAVING; More Gay Than a San Fransisco Man in a Hawaiian Shirt Sniffing Some Liquid Gold and Watching Sex in the City; AOR; stoner; 00s; Psychedelic metal; noise; alternative; garage; Swedish Metal; heavy psych; acid folk; polish death metal; avant rock,351751.0,24037409.0,True,,,,,,,,,,,,,,,,,
Mary On A Cross,Ghost,1,2019,9,13,2668,2,387080183.0,38,266,78,0,141,130,B,Major,47,56,90,0,0,10,4,1401,276288.4960742327,1,157e50d7-c39e-4a6f-b4a5-8740c9474bec,Ghost,Ghost,,Japan; Poland; Sweden; United Kingdom,,heavy metal; Psychedelic Rock; doom metal; seen live; psychedelic; Progressive rock; swedish; occult rock; hard rock; rock; metal; japanese; experimental; Sweden; death metal; Traditional Doom Metal; Hip-Hop; Doom; Progressive; japan; psychedelic folk; UK Garage; J-rock; visual kei; black metal; reggae; dubstep; Experimental Rock; occult; Doom Rock; Progressive metal; satanic; electronic; pop rock; space rock; breakcore; folk; instrumental hip-hop; They look like serial prostitutes with fake dildos to scare little kids; I would rather beat myself to death with a hammer than listen to this; classic rock; Psychedelia; occult metal; shit only a retard would listen to; trip-hop; hip hop; pop; polish; Neo-Psychedelia; UK hip-hop; old school death metal; approximately 1000 times less pleasant than EXTREME ANAL CAVING; More Gay Than a San Fransisco Man in a Hawaiian Shirt Sniffing Some Liquid Gold and Watching Sex in the City; AOR; stoner; 00s; Psychedelic metal; noise; alternative; garage; Swedish Metal; heavy psych; acid folk; polish death metal; avant rock,351751.0,24037409.0,True,,,,,,,,,,,,,,,,,
Mary On A Cross,Ghost,1,2019,9,13,2668,2,387080183.0,38,266,78,0,141,130,B,Major,47,56,90,0,0,10,4,1401,276288.4960742327,1,2bcf2e02-5bc3-4c76-bf76-41126cb11444,Ghost,Ghost,Sweden,Japan; Poland; Sweden; United Kingdom,rock; progressive rock; heavy metal; doom metal; hard rock; psychedelic rock; occult rock,heavy metal; Psychedelic Rock; doom metal; seen live; psychedelic; Progressive rock; swedish; occult rock; hard rock; rock; metal; japanese; experimental; Sweden; death metal; Traditional Doom Metal; Hip-Hop; Doom; Progressive; japan; psychedelic folk; UK Garage; J-rock; visual kei; black metal; reggae; dubstep; Experimental Rock; occult; Doom Rock; Progressive metal; satanic; electronic; pop rock; space rock; breakcore; folk; instrumental hip-hop; They look like serial prostitutes with fake dildos to scare little kids; I would rather beat myself to death with a hammer than listen to this; classic rock; Psychedelia; occult metal; shit only a retard would listen to; trip-hop; hip hop; pop; polish; Neo-Psychedelia; UK hip-hop; old school death metal; approximately 1000 times less pleasant than EXTREME ANAL CAVING; More Gay Than a San Fransisco Man in a Hawaiian Shirt Sniffing Some Liquid Gold and Watching Sex in the City; AOR; stoner; 00s; Psychedelic metal; noise; alternative; garage; Swedish Metal; heavy psych; acid folk; polish death metal; avant rock,351751.0,24037409.0,True,,,,,,,,,,,,,,,,,
Mary On A Cross,Ghost,1,2019,9,13,2668,2,387080183.0,38,266,78,0,141,130,B,Major,47,56,90,0,0,10,4,1401,276288.4960742327,1,cb771a40-f3a1-4993-924a-60dc15ea5fc2,Ghost,Ghost,,Japan; Poland; Sweden; United Kingdom,,heavy metal; Psychedelic Rock; doom metal; seen live; psychedelic; Progressive rock; swedish; occult rock; hard rock; rock; metal; japanese; experimental; Sweden; death metal; Traditional Doom Metal; Hip-Hop; Doom; Progressive; japan; psychedelic folk; UK Garage; J-rock; visual kei; black metal; reggae; dubstep; Experimental Rock; occult; Doom Rock; Progressive metal; satanic; electronic; pop rock; space rock; breakcore; folk; instrumental hip-hop; They look like serial prostitutes with fake dildos to scare little kids; I would rather beat myself to death with a hammer than listen to this; classic rock; Psychedelia; occult metal; shit only a retard would listen to; trip-hop; hip hop; pop; polish; Neo-Psychedelia; UK hip-hop; old school death metal; approximately 1000 times less pleasant than EXTREME ANAL CAVING; More Gay Than a San Fransisco Man in a Hawaiian Shirt Sniffing Some Liquid Gold and Watching Sex in the City; AOR; stoner; 00s; Psychedelic metal; noise; alternative; garage; Swedish Metal; heavy psych; acid folk; polish death metal; avant rock,351751.0,24037409.0,True,,,,,,,,,,,,,,,,,
Mary On A Cross,Ghost,1,2019,9,13,2668,2,387080183.0,38,266,78,0,141,130,B,Major,47,56,90,0,0,10,4,1401,276288.4960742327,1,c3cb3ad7-9e08-44e3-b913-95df9ef99c0d,Ghost,Ghost,Germany,Japan; Poland; Sweden; United Kingdom,c64 remix,heavy metal; Psychedelic Rock; doom metal; seen live; psychedelic; Progressive rock; swedish; occult rock; hard rock; rock; metal; japanese; experimental; Sweden; death metal; Traditional Doom Metal; Hip-Hop; Doom; Progressive; japan; psychedelic folk; UK Garage; J-rock; visual kei; black metal; reggae; dubstep; Experimental Rock; occult; Doom Rock; Progressive metal; satanic; electronic; pop rock; space rock; breakcore; folk; instrumental hip-hop; They look like serial prostitutes with fake dildos to scare little kids; I would rather beat myself to death with a hammer than listen to this; classic rock; Psychedelia; occult metal; shit only a retard would listen to; trip-hop; hip hop; pop; polish; Neo-Psychedelia; UK hip-hop; old school death metal; approximately 1000 times less pleasant than EXTREME ANAL CAVING; More Gay Than a San Fransisco Man in a Hawaiian Shirt Sniffing Some Liquid Gold and Watching Sex in the City; AOR; stoner; 00s; Psychedelic metal; noise; alternative; garage; Swedish Metal; heavy psych; acid folk; polish death metal; avant rock,351751.0,24037409.0,True,,,,,,,,,,,,,,,,,
Mary On A Cross,Ghost,1,2019,9,13,2668,2,387080183.0,38,266,78,0,141,130,B,Major,47,56,90,0,0,10,4,1401,276288.4960742327,1,64b43044-d0d6-46f8-a91b-1c6ddbe60ead,Ghost,Ghost,Poland,Japan; Poland; Sweden; United Kingdom,,heavy metal; Psychedelic Rock; doom metal; seen live; psychedelic; Progressive rock; swedish; occult rock; hard rock; rock; metal; japanese; experimental; Sweden; death metal; Traditional Doom Metal; Hip-Hop; Doom; Progressive; japan; psychedelic folk; UK Garage; J-rock; visual kei; black metal; reggae; dubstep; Experimental Rock; occult; Doom Rock; Progressive metal; satanic; electronic; pop rock; space rock; breakcore; folk; instrumental hip-hop; They look like serial prostitutes with fake dildos to scare little kids; I would rather beat myself to death with a hammer than listen to this; classic rock; Psychedelia; occult metal; shit only a retard would listen to; trip-hop; hip hop; pop; polish; Neo-Psychedelia; UK hip-hop; old school death metal; approximately 1000 times less pleasant than EXTREME ANAL CAVING; More Gay Than a San Fransisco Man in a Hawaiian Shirt Sniffing Some Liquid Gold and Watching Sex in the City; AOR; stoner; 00s; Psychedelic metal; noise; alternative; garage; Swedish Metal; heavy psych; acid folk; polish death metal; avant rock,351751.0,24037409.0,True,,,,,,,,,,,,,,,,,
Mary On A Cross,Ghost,1,2019,9,13,2668,2,387080183.0,38,266,78,0,141,130,B,Major,47,56,90,0,0,10,4,1401,276288.4960742327,1,6feaa3cf-4c39-4863-8c27-1e991de705d9,Ghost,,,,,,,,False,,,,,,,,,,,,,,,,,
Mary On A Cross,Ghost,1,2019,9,13,2668,2,387080183.0,38,266,78,0,141,130,B,Major,47,56,90,0,0,10,4,1401,276288.4960742327,1,191f2eb2-0b95-4404-9b57-bc3841e572e8,Ghost,,,,,,,,False,,,,,,,,,,,,,,,,,
Mary On A Cross,Ghost,1,2019,9,13,2668,2,387080183.0,38,266,78,0,141,130,B,Major,47,56,90,0,0,10,4,1401,276288.4960742327,1,df418793-fd6e-4e73-b5d2-56541fcbd859,Ghost,,,,,,,,False,,,,,,,,,,,,,,,,,
Mary On A Cross,Ghost,1,2019,9,13,2668,2,387080183.0,38,266,78,0,141,130,B,Major,47,56,90,0,0,10,4,1401,276288.4960742327,1,a327aae7-1b42-446a-acc9-627d9e2345e8,Ghost,,Switzerland,,,,,,False,,,,,,,,,,,,,,,,,
Mary On A Cross,Ghost,1,2019,9,13,2668,2,387080183.0,38,266,78,0,141,130,B,Major,47,56,90,0,0,10,4,1401,276288.4960742327,1,2468f5f3-0f32-48af-9947-21700f2114af,Ghost,,United States,,,,,,False,,,,,,,,,,,,,,,,,
Mary On A Cross,Ghost,1,2019,9,13,2668,2,387080183.0,38,266,78,0,141,130,B,Major,47,56,90,0,0,10,4,1401,276288.4960742327,1,da274b41-d205-4687-af7e-8c56b520d0d2,Ghost,,,,,,,,False,,,,,,,,,,,,,,,,,
Mary On A Cross,Ghost,1,2019,9,13,2668,2,387080183.0,38,266,78,0,141,130,B,Major,47,56,90,0,0,10,4,1401,276288.4960742327,1,96d3c778-e0e9-4290-b991-5ae8f0f2ff67,Ghost,,Germany,,,,,,False,,,,,,,,,,,,,,,,,
Mary On A Cross,Ghost,1,2019,9,13,2668,2,387080183.0,38,266,78,0,141,130,B,Major,47,56,90,0,0,10,4,1401,276288.4960742327,1,acca9d9e-7731-4463-9289-49492f7c56df,Ghost,,,,,,,,False,,,,,,,,,,,,,,,,,
Attention,NewJeans,1,2022,8,1,799,12,264717480.0,14,141,9,0,1,105,A#,Minor,81,70,65,24,0,8,4,348,760682.4137931034,6,,,,,,,,,,,,,,,,,,,,,,,,,,,
THE SHADE,Rex Orange County,1,2022,3,11,1189,6,244928911.0,17,10,16,0,4,120,F,Major,90,73,51,39,0,9,6,491,498836.88594704686,1,883cbf1f-dcaa-4d17-b9ed-394e1fdabc87,Rex Orange County,Rex Orange County,United Kingdom,,,,166700.0,4438132.0,False,,,,,,,,,,,,,,,,,
"Come Back Home - From ""Purple Hearts""",Sofia Carson,1,2022,7,12,367,0,97610446.0,28,67,195,0,0,145,G,Major,56,43,53,24,0,12,4,368,265245.777173913,1,065bf89f-c15c-49b1-ad06-73524a6dd658,Sofia Carson,Sofia Carson,,,,,27336.0,218166.0,False,,,,,,,,,,,,,,,,,
El Rescate,"Grupo Marca Registrada, Junior H",2,2022,7,22,527,4,287278853.0,10,43,3,1,0,99,G,Minor,79,64,59,28,0,11,14,358,802454.8966480447,1,,,,,,,,,,,,,,,,,,,,,,,,,,,
Heartless,Kanye West,1,2008,1,1,17504,34,887906111.0,63,39,"1,315",0,2,88,A#,Minor,79,66,65,5,0,25,14,5674,156486.80137469157,3,164f0d73-1234-4e2c-8743-d77bf2191051,Kanye West,Kanye West,United States,United States,synthpop; pop; american; hip-hop; hip hop; electropop; producer; pop rap; rapper; us; hip hop rnb and dance hall; experimental hip hop; grammy winner; hardcore hip hop,Hip-Hop; rap; hip hop; rnb; Kanye West; seen live; Gay Fish; american; pop; chicago; hiphop; soul; electronic; gayfish; producer; alternative; male vocalists; 00s; kanye; indie; rock; urban; experimental; dance; r&b; pop rap; alternative rap; electronica; alternative hip-hop; USA; good music; midwest rap,4390502.0,238603850.0,False,,,,,,,,,,,,,,,,,
"Stay With Me (with Justin Timberlake, Halsey, & Pharrell)","Calvin Harris, Halsey, Pharrell Williams, Justin Timberlake",4,2022,7,15,3113,0,123473120.0,54,6,124,1,0,126,A,Major,81,90,73,28,0,29,4,365,338282.5205479452,1,,,,,,,,,,,,,,,,,,,,,,,,,,,
Siempre Pendientes,"Peso Pluma, Luis R Conriquez",2,2022,8,15,685,5,295152154.0,15,79,4,2,0,136,,Major,77,71,75,33,1,13,4,334,883689.0838323353,1,,,,,,,,,,,,,,,,,,,,,,,,,,,
JGL,"Luis R Conriquez, La Adictiva",2,2022,2,18,782,9,323455692.0,15,33,6,1,0,113,G#,Major,70,97,59,55,0,27,12,512,631749.3984375,1,,,,,,,,,,,,,,,,,,,,,,,,,,,
Don't You Worry,"David Guetta, Shakira, Black Eyed Peas",3,2022,6,16,2442,0,240918092.0,81,4,248,1,6,132,B,Major,82,49,88,20,0,21,3,394,611467.2385786802,1,,,,,,,,,,,,,,,,,,,,,,,,,,,
Pipoco,"Melody, Ana Castela, Dj Chris No Beat",3,2022,5,20,1112,4,191873381.0,22,2,65,1,3,135,G#,Major,77,74,74,47,0,34,8,421,455756.24940617575,1,,,,,,,,,,,,,,,,,,,,,,,,,,,
Hold Me Closer,"Elton John, Britney Spears",2,2017,11,10,4967,0,284216603.0,165,10,177,4,73,126,,Major,67,49,77,11,0,19,11,2073,137104.00530631933,1,,,,,,,,,,,,,,,,,,,,,,,,,,,
Forget Me,Lewis Capaldi,1,2022,9,9,2520,4,239411309.0,93,95,84,9,202,102,C#,Minor,67,72,74,30,0,36,4,309,774793.8802588996,3,526aab94-697f-44a9-b630-41d1c0505953,Lewis Capaldi,Lewis Capaldi,United Kingdom,,,,124429.0,1153857.0,False,,,,,,,,,,,,,,,,,
After LIKE,IVE,1,2022,8,22,767,12,265548837.0,20,129,11,0,12,125,,Major,68,80,92,10,0,9,12,327,812075.9541284404,4,a92e9703-929f-45bb-aa78-b78dfde731a4,IVE,,,,,,,,False,,,,,,,,,,,,,,,,,
Bound 2,Kanye West,1,2013,1,1,19806,7,703301727.0,33,11,274,0,0,149,C#,Major,37,28,66,14,0,9,5,3847,182818.22900961788,3,164f0d73-1234-4e2c-8743-d77bf2191051,Kanye West,Kanye West,United States,United States,synthpop; pop; american; hip-hop; hip hop; electropop; producer; pop rap; rapper; us; hip hop rnb and dance hall; experimental hip hop; grammy winner; hardcore hip hop,Hip-Hop; rap; hip hop; rnb; Kanye West; seen live; Gay Fish; american; pop; chicago; hiphop; soul; electronic; gayfish; producer; alternative; male vocalists; 00s; kanye; indie; rock; urban; experimental; dance; r&b; pop rap; alternative rap; electronica; alternative hip-hop; USA; good music; midwest rap,4390502.0,238603850.0,False,,,,,,,,,,,,,,,,,
B.O.T.A. (Baddest Of Them All) - Edit,"Interplanetary Criminal, Eliza Rose",2,2022,6,15,5153,6,244585109.0,102,53,113,12,0,137,,Major,74,71,89,24,61,15,5,395,619202.8075949367,1,,,,,,,,,,,,,,,,,,,,,,,,,,,
Talk that Talk,TWICE,1,2022,8,26,615,0,189476119.0,14,77,15,1,2,120,D#,Minor,77,78,91,14,0,33,12,323,586613.3715170278,2,8da127cc-c432-418f-b356-ef36210d82ac,TWICE,TWICE,South Korea,,,,80642.0,9488726.0,False,,,,,,,,,,,,,,,,,
BILLIE EILISH.,Armani White,1,2022,1,20,2537,0,277132266.0,49,1,67,11,1,100,C#,Major,90,75,50,11,0,9,26,541,512259.2717190389,1,187fbe15-8245-48fe-b410-49418dc7cb78,Armani White,Armani White,,,,,3167.0,14238.0,False,,,,,,,,,,,,,,,,,
Ferxxo 100,Feid,1,2022,6,3,1647,30,278920007.0,20,49,23,2,2,164,G#,Minor,70,58,57,25,0,15,7,407,685307.1425061425,8,eaee97f6-f2e4-414a-966c-f31a1fb4696a,Feid,Feid,Colombia,,reggaeton; latin urban,,12161.0,75471.0,False,,,,,,,,,,,,,,,,,
KU LO SA - A COLORS SHOW,Oxlade,1,2022,6,10,2019,8,222410722.0,117,72,107,1,7,93,A#,Minor,65,79,66,31,0,22,7,400,556026.805,1,,,,,,,,,,,,,,,,,,,,,,,,,,,
Prohibidox,Feid,1,2022,9,13,1473,12,185392587.0,25,36,25,1,0,180,C#,Minor,65,52,80,5,0,6,25,305,607844.5475409837,8,eaee97f6-f2e4-414a-966c-f31a1fb4696a,Feid,Feid,Colombia,,reggaeton; latin urban,,12161.0,75471.0,False,,,,,,,,,,,,,,,,,
Static,Steve Lacy,1,2022,7,15,1613,0,202452860.0,21,15,13,0,0,79,C#,Major,34,22,31,43,63,10,7,365,554665.3698630137,3,ca9766a0-1c30-43e6-a213-bac1334efc4a,Steve Lacy,Steve Lacy,United States,United States,jazz; post-bop; vocal jazz; avant-garde jazz; free jazz; jazz and blues; free improvisation,free jazz; jazz; saxophone; Avant-Garde Jazz; soprano sax; Avant-Garde; american; Steve Lacy; Post-Bop; sax; rnb; avant-jazz; soul; Hard Bop; jazz saxophone; saxophonist; free-jazz; free improvisation; ESP-Disk; experimental; funk; contemporary jazz; soprano saxophone; improv; improvisation; lesser known yet streamable artists; check out; Neo-Soul; All; jazz sax; Avantgarde Jazz; saxo; soprano saxophonists; seen live; chill; 70s; 80s; new york; Contemporary; abstract; jazz fusion; 90s; bebop; avant garde; unique; Favorite Artists; lofi; electroacoustic; investigate; Recommended; experimental jazz; 00s; interessant; improvisational; Virtuoso; thinking; ofwgkta; tzadik; the internet; jazz instrumental; great jazz musicians; multiple artists; soprano; The best of the best; radical jewish culture; master; ed blackwell; spotify; NWW list; Nice mix; impressionistic; avant garde jazz; clean feed; Avant Jazz; Saravah; cecil taylor; Jazzapedia; gammarec; robertitus global; w1k2 jazz; Radio Unlucido; music genius; RNB SOUL; rex ferric faves; Third Ear; new york city NY; Leo; impropozycja; 3ucho; sweet track; Jazz I like; soprano saxophonist; Lend me your ear; jazz legends; gumfuck; poszukac-jazz; liszaj radio; scott lafaro; jazz saxophonist; snazz,117543.0,1468868.0,False,,,,,,,,,,,,,,,,,
Static,Steve Lacy,1,2022,7,15,1613,0,202452860.0,21,15,13,0,0,79,C#,Major,34,22,31,43,63,10,7,365,554665.3698630137,3,b29020d6-5dbf-4c99-b16f-c009f8a712ff,Steve Lacy,,United States,,,,,,False,,,,,,,,,,,,,,,,,
The Scientist,Coldplay,1,2002,8,5,30992,6,1608164312.0,124,25,"7,827",1,0,146,F,Major,56,21,44,73,0,11,2,7649,210245.04013596548,3,cc197bad-dc9c-440d-a5b5-d52ba2e14234,Coldplay,Coldplay,United Kingdom,United Kingdom,rock; pop; alternative rock; british; uk; britannique; britpop; pop rock; piano pop; piano rock; english; parlophone; rock and indie; ambient pop; pop/rock; chapel; post-britpop,rock; alternative; britpop; alternative rock; indie; british; seen live; Coldplay; pop; indie rock; pop rock; piano rock; UK; soft rock; Mellow; male vocalists; chillout; piano; 00s; chill; favorites; indie pop; acoustic; singer-songwriter; emo; english; Love; classic rock; electronic; brit rock; brit pop; overrated; 90s; Pop-Rock; cold play; Favourites; Britrock; relax,5381567.0,360111850.0,False,,,,,,,,,,,,,,,,,
Sparks,Coldplay,1,2000,7,10,10826,4,624101957.0,24,0,805,0,0,103,C#,Major,37,17,27,75,5,10,3,8405,74253.65342058298,3,cc197bad-dc9c-440d-a5b5-d52ba2e14234,Coldplay,Coldplay,United Kingdom,United Kingdom,rock; pop; alternative rock; british; uk; britannique; britpop; pop rock; piano pop; piano rock; english; parlophone; rock and indie; ambient pop; pop/rock; chapel; post-britpop,rock; alternative; britpop; alternative rock; indie; british; seen live; Coldplay; pop; indie rock; pop rock; piano rock; UK; soft rock; Mellow; male vocalists; chillout; piano; 00s; chill; favorites; indie pop; acoustic; singer-songwriter; emo; english; Love; classic rock; electronic; brit rock; brit pop; overrated; 90s; Pop-Rock; cold play; Favourites; Britrock; relax,5381567.0,360111850.0,False,,,,,,,,,,,,,,,,,
Talk,YEAT,1,2022,9,2,920,0,148461629.0,10,1,8,0,0,140,E,Minor,70,26,76,8,0,54,23,316,469815.2816455696,2,,,,,,,,,,,,,,,,,,,,,,,,,,,
XQ Te Pones Asï¿,"Yandel, Feid",2,2022,9,13,308,0,47093942.0,6,1,6,0,0,92,A#,Major,81,48,70,13,0,15,7,305,154406.36721311475,2,,,,,,,,,,,,,,,,,,,,,,,,,,,
Selfish,PnB Rock,1,2016,6,23,2468,0,380319238.0,15,0,0,0,0,102,C#,Minor,64,4,60,11,0,19,4,2578,147524.91776570986,1,aa5a6061-e60d-4a58-b9f6-c09de390bb2d,PnB Rock,PNB Rock,,,,,80802.0,750359.0,False,,,,,,,,,,,,,,,,,
Sin Seï¿½ï,"Ovy On The Drums, Quevedo",2,2022,7,22,1097,2,209106362.0,18,10,13,1,1,118,B,Minor,82,75,85,33,1,11,4,358,584095.9832402235,1,,,,,,,,,,,,,,,,,,,,,,,,,,,
Lady Mi Amor,Feid,1,2022,9,13,330,0,53987404.0,3,0,2,0,0,93,D,Major,78,75,62,6,0,15,6,305,177007.88196721312,8,eaee97f6-f2e4-414a-966c-f31a1fb4696a,Feid,Feid,Colombia,,reggaeton; latin urban,,12161.0,75471.0,False,,,,,,,,,,,,,,,,,
Poland,Lil Yachty,1,2022,6,23,1584,0,115331792.0,38,0,24,0,0,150,F,Minor,70,26,56,14,83,11,5,387,298014.9664082687,1,a668565b-41b8-44a8-9d5c-8e609dbf69fc,Lil Yachty,Lil Yachty,United States,,mumble rapper,,160692.0,4011450.0,False,,,,,,,,,,,,,,,,,
THE LONELIEST,Mï¿½ï¿½ne,1,2022,10,7,1585,5,225093344.0,78,65,328,1,198,130,D,Major,52,24,60,0,0,8,3,281,801043.9288256228,4,,,,,,,,,,,,,,,,,,,,,,,,,,,
Bye Bye,"Marshmello, Juice WRLD",2,2022,10,14,766,0,84697729.0,16,0,9,0,0,83,D#,Minor,65,24,53,6,0,51,4,274,309115.799270073,1,,,,,,,,,,,,,,,,,,,,,,,,,,,
BABY OTAKU,"Fran C, Polima WestCoast, Nickoog Clk, Pablito Pesadilla",4,2022,8,18,836,0,159240673.0,14,1,13,0,0,102,A,Major,84,43,75,5,0,6,8,331,481089.6465256797,1,,,,,,,,,,,,,,,,,,,,,,,,,,,
Nxde,(G)I-DLE,1,2022,10,17,430,6,170709584.0,14,116,9,0,11,136,E,Minor,73,65,91,4,0,48,18,271,629924.6642066421,2,,,,,,,,,,,,,,,,,,,,,,,,,,,
Miss You,Southstar,1,1982,5,16,2020,0,154356956.0,77,10,119,0,40,145,A,Major,66,24,58,17,0,19,5,15035,10266.50854672431,1,aaf4da1b-bbb8-493d-a715-c80bf426444d,Southstar,Southstar,,,,,35.0,112.0,False,,,,,,,,,,,,,,,,,
we fell in love in october,girl in red,1,2018,11,21,6858,0,723043854.0,31,21,15,0,4,130,G,Major,57,24,37,11,18,16,3,1697,426071.8055391868,1,4ae429fe-735c-4968-8253-a591421b1bd0,girl in red,,Norway,,,,,,False,,,,,,,,,,,,,,,,,
2 Be Loved (Am I Ready),Lizzo,1,2022,7,14,3682,6,247689123.0,41,0,158,2,68,156,G,Major,72,92,77,9,0,8,11,366,676746.237704918,3,8fb5370b-9568-4b61-9da5-2aa12c9928db,Lizzo,Lizzo,United States,,,,121747.0,1606919.0,False,,,,,,,,,,,,,,,,,
Celestial,Ed Sheeran,1,2022,9,29,1639,0,176474912.0,86,14,80,0,37,123,D,Major,57,50,85,5,0,16,4,289,610639.8339100346,9,b8a7c51f-362c-4dcb-a259-bc6e0095f0a6,Ed Sheeran,Ed Sheeran,United Kingdom,United Kingdom,pop; guitarist; folk; uk; singer; dance-pop; pop rap; folk pop; rapper; pop soul; singer/songwriter; ed sheeran does not make sillyname tracks ಠ_ಠ,acoustic; british; singer-songwriter; easy-listening; Grime; pop; seen live; male vocalists; indie; folk; alternative; Ed Sheeran; Hip-Hop; rock; UK; soul; indie pop; indie folk; english; england; overrated; pop rock; male vocalist; folk pop; Love; guitar; rap; cute; folk rock; suffolk; chillout; Mellow; 00s; Acoustic Rock; 10s; ed; fucking AMAZINGGGGGGGGGGGGGGGGGGGGGGGGGGGGGGGGGGGGGGGGGGGGGGGGGGGGGGGGGGGGGGGGGGGGGGGGGGGGGGGGGGGGGGGGGGGGGGGGGGGGGGGGGg; Soundtrack; easy listening; romantic; amazing; Alternative Folk; love at first listen; want to see live; All; ginger,1620379.0,85083256.0,False,,,,,,,,,,,,,,,,,
Celestial,Ed Sheeran,1,2022,9,29,1639,0,176474912.0,86,14,80,0,37,123,D,Major,57,50,85,5,0,16,4,289,610639.8339100346,9,3bca1168-e7c6-4beb-9af9-db9dc674b1fa,Ed Sheeran,,United Kingdom,United Kingdom,wrong-one,,,,False,,,,,,,,,,,,,,,,,
Typa Girl,BLACKPINK,1,2022,9,16,452,10,235549288.0,2,129,13,0,1,132,G,Major,92,53,62,7,0,63,10,302,779964.5298013245,3,48646387-1664-4c9a-9139-9bfd091b823c,BLACKPINK,BLACKPINK,South Korea,,,,138956.0,12488202.0,False,,,,,,,,,,,,,,,,,
I Really Want to Stay at Your House,"Rosa Walton, Hallie Coggins",2,2020,12,18,668,1,140430339.0,0,0,31,0,,125,D#,Minor,49,13,74,0,0,9,4,939,149553.0766773163,1,,,,,,,,,,,,,,,,,,,,,,,,,,,
California Breeze,Lil Baby,1,2022,10,14,991,0,85559365.0,36,38,13,0,3,162,F,Minor,74,22,67,0,0,11,46,274,312260.4562043796,2,d42a5768-ada1-4fb6-85fd-f61aba6264e0,Lil Baby,Lil Baby,United States,,,,120444.0,2983279.0,False,,,,,,,,,,,,,,,,,
Bamba (feat. Aitch & BIA),"Luciano, Aitch, Bï¿½",3,2022,9,22,869,7,146223492.0,14,12,12,2,28,138,A#,Major,80,82,81,14,0,13,36,296,493998.2837837838,1,,,,,,,,,,,,,,,,,,,,,,,,,,,
Casei Com a Putaria,"MC Ryan SP, Love Funk, Mc Paiva ZS",3,2022,7,1,648,4,187701588.0,0,0,30,0,0,161,A#,Minor,59,62,60,12,0,5,44,379,495254.8496042216,1,,,,,,,,,,,,,,,,,,,,,,,,,,,
Major Distribution,"Drake, 21 Savage",2,2022,11,4,1545,0,154863153.0,22,7,15,0,0,131,G#,Minor,91,23,55,1,0,7,32,253,612107.324110672,8,,,,,,,,,,,,,,,,,,,,,,,,,,,
Pussy & Millions (feat. Travis Scott),"Drake, Travis Scott, 21 Savage",3,2022,11,4,1930,0,191333656.0,24,8,17,0,1,122,E,Minor,75,45,63,6,0,35,12,253,756259.509881423,1,,,,,,,,,,,,,,,,,,,,,,,,,,,
Vigilante Shit,Taylor Swift,1,2022,10,21,1948,0,253650850.0,12,9,16,0,0,80,E,Minor,80,16,28,17,0,12,39,267,950003.1835205992,34,20244d07-534f-4eff-b4d4-930878889970,Taylor Swift,Taylor Swift,United States,United States,pop; country; electropop; female vocals; dance-pop; pop rock; country pop; contemporary country; teen pop; top 40; country-pop; taylor-swift; singer/songwriter; fixme label mess; hp,country; pop; female vocalists; singer-songwriter; acoustic; taylor swift; country pop; american; seen live; female; pop rock; female vocalist; Love; 00s; contemporary country; USA; beautiful; folk; pop country; modern country; guilty pleasure; rock; amazing; taylor; world; chill; chillout; 3; World Music; sunflower; Skitz0rz; uitluisteren artist; holloween skitz0rz; fav888; my dance room; teen pop; <3; cute; Awesome; sweet; synthpop; Favorite; Female country; legend; talented; love story; 2000s; lovely,2203262.0,171760219.0,False,,,,,,,,,,,,,,,,,
Question...?,Taylor Swift,1,2022,10,21,1608,0,223064273.0,10,3,12,0,0,109,G,Major,75,11,50,20,0,30,17,267,835446.7153558052,34,20244d07-534f-4eff-b4d4-930878889970,Taylor Swift,Taylor Swift,United States,United States,pop; country; electropop; female vocals; dance-pop; pop rock; country pop; contemporary country; teen pop; top 40; country-pop; taylor-swift; singer/songwriter; fixme label mess; hp,country; pop; female vocalists; singer-songwriter; acoustic; taylor swift; country pop; american; seen live; female; pop rock; female vocalist; Love; 00s; contemporary country; USA; beautiful; folk; pop country; modern country; guilty pleasure; rock; amazing; taylor; world; chill; chillout; 3; World Music; sunflower; Skitz0rz; uitluisteren artist; holloween skitz0rz; fav888; my dance room; teen pop; <3; cute; Awesome; sweet; synthpop; Favorite; Female country; legend; talented; love story; 2000s; lovely,2203262.0,171760219.0,False,,,,,,,,,,,,,,,,,
On BS,"Drake, 21 Savage",2,2022,11,4,1338,0,170413877.0,9,20,7,0,0,158,A,Major,84,33,36,2,0,39,59,253,673572.6363636364,8,,,,,,,,,,,,,,,,,,,,,,,,,,,
Mastermind,Taylor Swift,1,2022,10,21,1936,0,218320587.0,7,5,13,0,0,126,E,Major,66,12,35,55,0,9,14,267,817680.1011235955,34,20244d07-534f-4eff-b4d4-930878889970,Taylor Swift,Taylor Swift,United States,United States,pop; country; electropop; female vocals; dance-pop; pop rock; country pop; contemporary country; teen pop; top 40; country-pop; taylor-swift; singer/songwriter; fixme label mess; hp,country; pop; female vocalists; singer-songwriter; acoustic; taylor swift; country pop; american; seen live; female; pop rock; female vocalist; Love; 00s; contemporary country; USA; beautiful; folk; pop country; modern country; guilty pleasure; rock; amazing; taylor; world; chill; chillout; 3; World Music; sunflower; Skitz0rz; uitluisteren artist; holloween skitz0rz; fav888; my dance room; teen pop; <3; cute; Awesome; sweet; synthpop; Favorite; Female country; legend; talented; love story; 2000s; lovely,2203262.0,171760219.0,False,,,,,,,,,,,,,,,,,
Circo Loco,"Drake, 21 Savage",2,2022,11,4,1794,0,141720999.0,26,9,17,0,3,104,C#,Major,73,25,61,1,0,32,7,253,560162.0513833992,8,,,,,,,,,,,,,,,,,,,,,,,,,,,
Labyrinth,Taylor Swift,1,2022,10,21,1597,0,187339835.0,6,3,15,0,0,110,,Major,48,15,31,80,22,12,4,267,701647.3220973783,34,20244d07-534f-4eff-b4d4-930878889970,Taylor Swift,Taylor Swift,United States,United States,pop; country; electropop; female vocals; dance-pop; pop rock; country pop; contemporary country; teen pop; top 40; country-pop; taylor-swift; singer/songwriter; fixme label mess; hp,country; pop; female vocalists; singer-songwriter; acoustic; taylor swift; country pop; american; seen live; female; pop rock; female vocalist; Love; 00s; contemporary country; USA; beautiful; folk; pop country; modern country; guilty pleasure; rock; amazing; taylor; world; chill; chillout; 3; World Music; sunflower; Skitz0rz; uitluisteren artist; holloween skitz0rz; fav888; my dance room; teen pop; <3; cute; Awesome; sweet; synthpop; Favorite; Female country; legend; talented; love story; 2000s; lovely,2203262.0,171760219.0,False,,,,,,,,,,,,,,,,,
Spin Bout U,"Drake, 21 Savage",2,2022,11,4,1652,2,198365537.0,26,52,10,0,95,130,G,Major,77,20,70,1,0,16,5,253,784053.5059288538,8,,,,,,,,,,,,,,,,,,,,,,,,,,,
Sweet Nothing,Taylor Swift,1,2022,10,21,1747,0,186104310.0,9,6,13,0,2,177,,Major,34,39,16,97,0,12,5,267,697019.8876404495,34,20244d07-534f-4eff-b4d4-930878889970,Taylor Swift,Taylor Swift,United States,United States,pop; country; electropop; female vocals; dance-pop; pop rock; country pop; contemporary country; teen pop; top 40; country-pop; taylor-swift; singer/songwriter; fixme label mess; hp,country; pop; female vocalists; singer-songwriter; acoustic; taylor swift; country pop; american; seen live; female; pop rock; female vocalist; Love; 00s; contemporary country; USA; beautiful; folk; pop country; modern country; guilty pleasure; rock; amazing; taylor; world; chill; chillout; 3; World Music; sunflower; Skitz0rz; uitluisteren artist; holloween skitz0rz; fav888; my dance room; teen pop; <3; cute; Awesome; sweet; synthpop; Favorite; Female country; legend; talented; love story; 2000s; lovely,2203262.0,171760219.0,False,,,,,,,,,,,,,,,,,
"Would've, Could've, Should've",Taylor Swift,1,2022,10,21,1715,0,177503916.0,4,5,8,0,0,158,G,Major,48,55,84,43,0,15,12,267,664808.6741573034,34,20244d07-534f-4eff-b4d4-930878889970,Taylor Swift,Taylor Swift,United States,United States,pop; country; electropop; female vocals; dance-pop; pop rock; country pop; contemporary country; teen pop; top 40; country-pop; taylor-swift; singer/songwriter; fixme label mess; hp,country; pop; female vocalists; singer-songwriter; acoustic; taylor swift; country pop; american; seen live; female; pop rock; female vocalist; Love; 00s; contemporary country; USA; beautiful; folk; pop country; modern country; guilty pleasure; rock; amazing; taylor; world; chill; chillout; 3; World Music; sunflower; Skitz0rz; uitluisteren artist; holloween skitz0rz; fav888; my dance room; teen pop; <3; cute; Awesome; sweet; synthpop; Favorite; Female country; legend; talented; love story; 2000s; lovely,2203262.0,171760219.0,False,,,,,,,,,,,,,,,,,
Con La Brisa,"Ludwig Goransson, Foudeqush",2,2022,11,4,486,0,71095708.0,8,1,7,0,0,114,D,Minor,62,25,44,51,33,14,3,253,281010.70355731226,1,,,,,,,,,,,,,,,,,,,,,,,,,,,
Privileged Rappers,"Drake, 21 Savage",2,2022,11,4,1007,0,112436403.0,6,5,3,0,0,144,F,Major,93,62,61,0,0,12,20,253,444412.6600790514,8,,,,,,,,,,,,,,,,,,,,,,,,,,,
The Astronaut,Jin,1,2022,10,28,481,9,203436468.0,10,100,15,1,27,125,F,Major,54,22,76,0,0,14,3,260,782447.9538461538,1,7314b02b-4264-4c81-b79d-9e5a702e6270,Jin,Jin,United States,China; Japan; Russia; United States,american; hip-hop; usa; rapper,Hip-Hop; rap; hip hop; Power metal; instrumental; Asian; chinese; guitar virtuoso; heavy metal; russian; Progressive metal; Shred; metal; East Coast; instrumental metal; underground hip-hop; hiphop; cantonese; east coast rap; Asian Rap; jin; RUSSIAN GUITAR INSTRUMENTAL MUSIC; seen live; underground rap; urban; speed metal; american; male vocalists; underground hip hop; underground; melodic metal; russian rock; russian metal; Kpop; hip-hop violinist; Ruff ryders; Shred Metal; chinese rap; Soundtrack; indie; pop; rock; soul; japanese; Progressive rock; dance; Fusion; guitar; Drum and bass; thrash metal; Drum n Bass; neurofunk; r&b; tight; rnb; christian; dnb; fun; k-pop; good; funny; clever; j-pop; True Hip Hop; Great Lyricists; freestyle; sweet; melodic rock; gangsta; defunct; Love Metal; C-pop; slick; real; chinatown; Christian Rap; All; multiple artists; underground hiphop; Quick; Lyricists; hip-hop and rap; real hip hop; good song; Freestyle Rap; male voice; spotify; east; hh; heavylaw; deepsoul; gris gris; asian hip-hop; Cosmopolitan; hip-hop-rap; hip hop rap; underground emcee; chinese hip-hop; Jpop and Johnnys; artists and bands i have seen,66538.0,728444.0,False,,,,,,,,,,,,,,,,,
The Astronaut,Jin,1,2022,10,28,481,9,203436468.0,10,100,15,1,27,125,F,Major,54,22,76,0,0,14,3,260,782447.9538461538,1,84ef7d5f-c9e1-4f36-b857-af57a4691e7e,Jin,,,,,,,,False,,,,,,,,,,,,,,,,,
The Astronaut,Jin,1,2022,10,28,481,9,203436468.0,10,100,15,1,27,125,F,Major,54,22,76,0,0,14,3,260,782447.9538461538,1,63ce1ffe-2bff-425f-9df7-2596eac0bc4f,Jin,,,,,,,,False,,,,,,,,,,,,,,,,,
BackOutsideBoyz,Drake,1,2022,11,4,1045,0,93367537.0,8,5,2,0,0,142,F,Minor,85,40,43,4,0,39,32,253,369041.6482213439,4,9fff2f8a-21e6-47de-a2b8-7f449929d43f,Drake,Drake,Canada,Canada,hip hop; pop rap; rapper; contemporary r&b; alternative r&b; trap rap; rap us; hardcore hip; cotm candidate,Hip-Hop; rap; rnb; hip hop; Canadian; Drake; seen live; r&b; pop; young money; male vocalists; canada; indie; toronto; drizzy; pop rap; Lil Wayne; soul; sexy; alternative rap; Degrassi; hiphop; Kanye West; alternative hip-hop; Hip Hop/Rap; contemporary rnb; alternative rnb; urban; lyrical; swag; trey songz; chill; 00s; 10s; YMCMB,3379644.0,140245379.0,False,,,,,,,,,,,,,,,,,
BackOutsideBoyz,Drake,1,2022,11,4,1045,0,93367537.0,8,5,2,0,0,142,F,Minor,85,40,43,4,0,39,32,253,369041.6482213439,4,131f2976-f781-48df-9aab-71531b4fa0b4,Drake,,Chile,,,,,,False,,,,,,,,,,,,,,,,,
BackOutsideBoyz,Drake,1,2022,11,4,1045,0,93367537.0,8,5,2,0,0,142,F,Minor,85,40,43,4,0,39,32,253,369041.6482213439,4,b49b81cc-d5b7-4bdd-aadb-385df8de69a6,Drake,,Poland,Canada,not that drake,,,,False,,,,,,,,,,,,,,,,,
BackOutsideBoyz,Drake,1,2022,11,4,1045,0,93367537.0,8,5,2,0,0,142,F,Minor,85,40,43,4,0,39,32,253,369041.6482213439,4,7cf5af7a-afa0-4dca-9473-a13508c64e9d,Drake,,,Canada,trust issues,,,,False,,,,,,,,,,,,,,,,,
Broke Boys,"Drake, 21 Savage",2,2022,11,4,1060,0,106249219.0,3,8,5,0,0,120,D,Major,64,11,53,1,0,25,27,253,419957.3873517787,8,,,,,,,,,,,,,,,,,,,,,,,,,,,
The Great War,Taylor Swift,1,2022,10,21,1274,0,181382590.0,1,6,11,0,0,96,F,Major,57,55,74,22,0,8,4,267,679335.543071161,34,20244d07-534f-4eff-b4d4-930878889970,Taylor Swift,Taylor Swift,United States,United States,pop; country; electropop; female vocals; dance-pop; pop rock; country pop; contemporary country; teen pop; top 40; country-pop; taylor-swift; singer/songwriter; fixme label mess; hp,country; pop; female vocalists; singer-songwriter; acoustic; taylor swift; country pop; american; seen live; female; pop rock; female vocalist; Love; 00s; contemporary country; USA; beautiful; folk; pop country; modern country; guilty pleasure; rock; amazing; taylor; world; chill; chillout; 3; World Music; sunflower; Skitz0rz; uitluisteren artist; holloween skitz0rz; fav888; my dance room; teen pop; <3; cute; Awesome; sweet; synthpop; Favorite; Female country; legend; talented; love story; 2000s; lovely,2203262.0,171760219.0,False,,,,,,,,,,,,,,,,,
My Mind & Me,Selena Gomez,1,2022,11,3,953,0,91473363.0,61,13,37,1,0,144,A,Major,60,24,39,57,0,8,3,254,360131.3503937008,1,e4bc69e2-a064-4f93-ada1-f7f209cc1cc3,Selena Gomez,Selena Gomez,United States,United States,rock; pop; electropop; dance-pop; electro house; teen pop; contemporary r&b; brostep; alternative r&b; electro-disco,pop; female vocalists; Disney; pop rock; Selena Gomez; dance; american; rnb; electronic; rock; electropop; disney channel; Hip-Hop; teen pop; radio disney; guilty pleasure; female vocalist; sexy; Selena; Soundtrack; black metal; USA; female; House; Demi Lovato; br00tal pop; seen live; 3; dance pop; dance-pop; urban; 00s; Miley Cyrus; chill; synthpop; World Music; Guilty Pleasures; actress; All; teen; hannah montana; Skitz0rz; uitluisteren artist; holloween skitz0rz; scat porngrind; chillout; alternative; world; shit; 10s; sunflower; justin bieber; z; selena gomez and the scene; disney mania; scat goregrind; disney pop; my dance room; singer-songwriter; Queen; cute; g; diva; kids; hot; texas; E; music; Britney Spears; <3; nsbm; o; Gay Metal; s; a; m; l; FLOP; n; kids music; taco; sieg heil; Nick Jonas; people who have no talent; another cinderella story; Anitta; fav888,980214.0,39534780.0,False,,,,,,,,,,,,,,,,,
Bigger Than The Whole Sky,Taylor Swift,1,2022,10,21,1180,0,121871870.0,4,0,8,0,0,166,F#,Major,42,7,24,83,1,12,6,267,456448.9513108615,34,20244d07-534f-4eff-b4d4-930878889970,Taylor Swift,Taylor Swift,United States,United States,pop; country; electropop; female vocals; dance-pop; pop rock; country pop; contemporary country; teen pop; top 40; country-pop; taylor-swift; singer/songwriter; fixme label mess; hp,country; pop; female vocalists; singer-songwriter; acoustic; taylor swift; country pop; american; seen live; female; pop rock; female vocalist; Love; 00s; contemporary country; USA; beautiful; folk; pop country; modern country; guilty pleasure; rock; amazing; taylor; world; chill; chillout; 3; World Music; sunflower; Skitz0rz; uitluisteren artist; holloween skitz0rz; fav888; my dance room; teen pop; <3; cute; Awesome; sweet; synthpop; Favorite; Female country; legend; talented; love story; 2000s; lovely,2203262.0,171760219.0,False,,,,,,,,,,,,,,,,,
A Veces (feat. Feid),"Feid, Paulo Londra",2,2022,11,3,573,0,73513683.0,2,0,7,0,0,92,C#,Major,80,81,67,4,0,8,6,254,289423.94881889765,1,,,,,,,,,,,,,,,,,,,,,,,,,,,
En La De Ella,"Feid, Sech, Jhayco",3,2022,10,20,1320,0,133895612.0,29,26,17,0,0,97,C#,Major,82,67,77,8,0,12,5,268,499610.49253731343,1,,,,,,,,,,,,,,,,,,,,,,,,,,,
Alone,Burna Boy,1,2022,11,4,782,2,96007391.0,27,18,32,1,0,90,E,Minor,61,32,67,15,0,11,5,253,379475.85375494073,2,78a19169-ac75-4868-b504-7e2e073118e0,Burna Boy,Burna Boy,Nigeria,,,,26454.0,225761.0,False,,,,,,,,,,,,,,,,,
